# .PCD v0.7 - Point Cloud Data file format
VERSION 0.7
FIELDS x y z
SIZE 4 4 4
TYPE F F F
COUNT 1 1 1
WIDTH 12088
HEIGHT 1
VIEWPOINT 0 0 0 1 0 0 0
POINTS 12088
DATA ascii
-6 0.84297514 0.62774998
-6 0.84297514 0.72737497
-6 0.84297514 0.82699996
-6 0.74380159 0.62774998
-6 0.74380159 0.92662495
-6 0.64462805 0.62774998
-6 0.64462805 0.92662495
-6 0.5454545 0.62774998
-6 0.5454545 0.92662495
-6 0.44628096 0.62774998
-6 0.44628096 0.72737497
-6 0.44628096 0.82699996
-6 0.44628096 0.92662495
-6 0.14876032 0.52812499
-6 0.14876032 0.62774998
-6 0.14876032 0.72737497
-6 0.049586773 0.4285
-6 0.049586773 0.52812499
-6 0.049586773 0.62774998
-6 0.049586773 0.72737497
-6 -0.049586773 0.4285
-6 -0.049586773 0.72737497
-6 -0.14876032 0.4285
-6 -0.14876032 0.72737497
-6 -0.24793386 0.4285
-6 -0.24793386 0.52812499
-6 -0.24793386 0.62774998
-6 -0.24793386 0.72737497
-5.9008265 1.4380164 0.029999999
-5.9008265 1.4380164 0.12962499
-5.9008265 1.4380164 0.22925
-5.9008265 1.4380164 0.32887501
-5.9008265 1.4380164 0.4285
-5.9008265 1.4380164 0.52812499
-5.9008265 1.4380164 0.62774998
-5.9008265 1.4380164 0.72737497
-5.9008265 1.4380164 0.82699996
-5.9008265 1.3388429 0.029999999
-5.9008265 1.3388429 0.12962499
-5.9008265 1.3388429 0.22925
-5.9008265 1.3388429 0.32887501
-5.9008265 1.3388429 0.4285
-5.9008265 1.3388429 0.52812499
-5.9008265 1.3388429 0.62774998
-5.9008265 1.3388429 0.72737497
-5.9008265 1.3388429 0.82699996
-5.9008265 0.94214869 0.62774998
-5.9008265 0.94214869 0.72737497
-5.9008265 0.94214869 0.82699996
-5.9008265 0.84297514 0.62774998
-5.9008265 0.84297514 0.92662495
-5.9008265 0.74380159 0.62774998
-5.9008265 0.74380159 0.92662495
-5.9008265 0.64462805 0.62774998
-5.9008265 0.64462805 0.92662495
-5.9008265 0.5454545 0.62774998
-5.9008265 0.5454545 0.72737497
-5.9008265 0.5454545 0.82699996
-5.9008265 0.5454545 0.92662495
-5.9008265 0.44628096 0.62774998
-5.9008265 0.44628096 0.72737497
-5.9008265 0.44628096 0.82699996
-5.9008265 0.14876032 0.4285
-5.9008265 0.14876032 0.52812499
-5.9008265 0.14876032 0.62774998
-5.9008265 0.14876032 0.72737497
-5.9008265 0.049586773 0.4285
-5.9008265 0.049586773 0.72737497
-5.9008265 -0.049586773 0.4285
-5.9008265 -0.049586773 0.72737497
-5.9008265 -0.14876032 0.4285
-5.9008265 -0.14876032 0.52812499
-5.9008265 -0.14876032 0.62774998
-5.9008265 -0.14876032 0.72737497
-5.9008265 -0.24793386 0.52812499
-5.9008265 -0.24793386 0.62774998
-5.9008265 -0.24793386 0.72737497
-5.9008265 -1.3388429 0.029999999
-5.9008265 -1.3388429 0.12962499
-5.9008265 -1.3388429 0.22925
-5.9008265 -1.3388429 0.32887501
-5.9008265 -1.3388429 0.4285
-5.9008265 -1.3388429 0.52812499
-5.9008265 -1.4380164 0.029999999
-5.9008265 -1.4380164 0.12962499
-5.9008265 -1.4380164 0.22925
-5.9008265 -1.4380164 0.32887501
-5.9008265 -1.4380164 0.4285
-5.9008265 -1.4380164 0.52812499
-5.8016529 1.53719 0.029999999
-5.8016529 1.53719 0.12962499
-5.8016529 1.53719 0.22925
-5.8016529 1.53719 0.32887501
-5.8016529 1.53719 0.4285
-5.8016529 1.53719 0.52812499
-5.8016529 1.53719 0.62774998
-5.8016529 1.53719 0.72737497
-5.8016529 1.53719 0.82699996
-5.8016529 1.4380164 0.029999999
-5.8016529 1.4380164 0.82699996
-5.8016529 1.3388429 0.029999999
-5.8016529 1.3388429 0.82699996
-5.8016529 1.2396693 0.029999999
-5.8016529 1.2396693 0.12962499
-5.8016529 1.2396693 0.22925
-5.8016529 1.2396693 0.32887501
-5.8016529 1.2396693 0.4285
-5.8016529 1.2396693 0.52812499
-5.8016529 1.2396693 0.62774998
-5.8016529 1.2396693 0.72737497
-5.8016529 1.2396693 0.82699996
-5.8016529 0.94214869 0.62774998
-5.8016529 0.94214869 0.72737497
-5.8016529 0.94214869 0.82699996
-5.8016529 0.94214869 0.92662495
-5.8016529 0.84297514 0.62774998
-5.8016529 0.84297514 0.92662495
-5.8016529 0.74380159 0.62774998
-5.8016529 0.74380159 0.92662495
-5.8016529 0.64462805 0.62774998
-5.8016529 0.64462805 0.92662495
-5.8016529 0.5454545 0.62774998
-5.8016529 0.5454545 0.72737497
-5.8016529 0.5454545 0.82699996
-5.8016529 0.24793386 0.52812499
-5.8016529 0.24793386 0.62774998
-5.8016529 0.24793386 0.72737497
-5.8016529 0.14876032 0.4285
-5.8016529 0.14876032 0.72737497
-5.8016529 0.049586773 0.4285
-5.8016529 0.049586773 0.72737497
-5.8016529 -0.049586773 0.4285
-5.8016529 -0.049586773 0.72737497
-5.8016529 -0.14876032 0.52812499
-5.8016529 -0.14876032 0.62774998
-5.8016529 -0.14876032 0.72737497
-5.8016529 -1.2396693 0.029999999
-5.8016529 -1.2396693 0.12962499
-5.8016529 -1.2396693 0.22925
-5.8016529 -1.2396693 0.32887501
-5.8016529 -1.2396693 0.4285
-5.8016529 -1.2396693 0.52812499
-5.8016529 -1.3388429 0.029999999
-5.8016529 -1.3388429 0.62774998
-5.8016529 -1.4380164 0.029999999
-5.8016529 -1.4380164 0.12962499
-5.8016529 -1.4380164 0.22925
-5.8016529 -1.4380164 0.32887501
-5.8016529 -1.4380164 0.4285
-5.8016529 -1.4380164 0.52812499
-5.8016529 -1.4380164 0.62774998
-5.7024794 1.53719 0.029999999
-5.7024794 1.53719 0.12962499
-5.7024794 1.53719 0.22925
-5.7024794 1.53719 0.32887501
-5.7024794 1.53719 0.4285
-5.7024794 1.53719 0.52812499
-5.7024794 1.53719 0.62774998
-5.7024794 1.53719 0.72737497
-5.7024794 1.53719 0.82699996
-5.7024794 1.4380164 0.029999999
-5.7024794 1.4380164 0.82699996
-5.7024794 1.3388429 0.029999999
-5.7024794 1.3388429 0.82699996
-5.7024794 1.2396693 0.029999999
-5.7024794 1.2396693 0.12962499
-5.7024794 1.2396693 0.22925
-5.7024794 1.2396693 0.32887501
-5.7024794 1.2396693 0.4285
-5.7024794 1.2396693 0.52812499
-5.7024794 1.2396693 0.62774998
-5.7024794 1.2396693 0.72737497
-5.7024794 1.2396693 0.82699996
-5.7024794 1.0413222 0.62774998
-5.7024794 1.0413222 0.72737497
-5.7024794 1.0413222 0.82699996
-5.7024794 1.0413222 0.92662495
-5.7024794 0.94214869 0.62774998
-5.7024794 0.94214869 0.92662495
-5.7024794 0.84297514 0.62774998
-5.7024794 0.84297514 0.92662495
-5.7024794 0.74380159 0.62774998
-5.7024794 0.74380159 0.92662495
-5.7024794 0.64462805 0.62774998
-5.7024794 0.64462805 0.72737497
-5.7024794 0.64462805 0.82699996
-5.7024794 0.24793386 0.4285
-5.7024794 0.24793386 0.52812499
-5.7024794 0.24793386 0.62774998
-5.7024794 0.24793386 0.72737497
-5.7024794 0.14876032 0.4285
-5.7024794 0.14876032 0.72737497
-5.7024794 0.049586773 0.4285
-5.7024794 0.049586773 0.72737497
-5.7024794 -0.049586773 0.4285
-5.7024794 -0.049586773 0.52812499
-5.7024794 -0.049586773 0.62774998
-5.7024794 -0.049586773 0.72737497
-5.7024794 -1.2396693 0.029999999
-5.7024794 -1.2396693 0.12962499
-5.7024794 -1.2396693 0.22925
-5.7024794 -1.2396693 0.32887501
-5.7024794 -1.2396693 0.4285
-5.7024794 -1.2396693 0.52812499
-5.7024794 -1.3388429 0.029999999
-5.7024794 -1.3388429 0.12962499
-5.7024794 -1.3388429 0.22925
-5.7024794 -1.3388429 0.32887501
-5.7024794 -1.3388429 0.4285
-5.7024794 -1.3388429 0.52812499
-5.7024794 -1.3388429 0.62774998
-5.7024794 -1.4380164 0.029999999
-5.7024794 -1.4380164 0.12962499
-5.7024794 -1.4380164 0.22925
-5.7024794 -1.4380164 0.32887501
-5.7024794 -1.4380164 0.4285
-5.7024794 -1.4380164 0.52812499
-5.7024794 -1.4380164 0.62774998
-5.7024794 -3.6198349 0.4285
-5.7024794 -3.6198349 0.52812499
-5.7024794 -3.6198349 0.62774998
-5.7024794 -3.7190084 0.32887501
-5.7024794 -3.7190084 0.4285
-5.7024794 -3.7190084 0.52812499
-5.7024794 -3.7190084 0.62774998
-5.7024794 -3.818182 0.32887501
-5.7024794 -3.818182 0.4285
-5.7024794 -3.818182 0.52812499
-5.7024794 -3.818182 0.62774998
-5.7024794 -3.9173555 0.32887501
-5.7024794 -3.9173555 0.4285
-5.7024794 -3.9173555 0.52812499
-5.7024794 -3.9173555 0.62774998
-5.7024794 -4.0165291 0.4285
-5.7024794 -4.0165291 0.52812499
-5.7024794 -4.0165291 0.62774998
-5.6033058 1.4380164 0.029999999
-5.6033058 1.4380164 0.12962499
-5.6033058 1.4380164 0.22925
-5.6033058 1.4380164 0.32887501
-5.6033058 1.4380164 0.4285
-5.6033058 1.4380164 0.52812499
-5.6033058 1.4380164 0.62774998
-5.6033058 1.4380164 0.72737497
-5.6033058 1.4380164 0.82699996
-5.6033058 1.3388429 0.029999999
-5.6033058 1.3388429 0.12962499
-5.6033058 1.3388429 0.22925
-5.6033058 1.3388429 0.32887501
-5.6033058 1.3388429 0.4285
-5.6033058 1.3388429 0.52812499
-5.6033058 1.3388429 0.62774998
-5.6033058 1.3388429 0.72737497
-5.6033058 1.3388429 0.82699996
-5.6033058 1.1404958 0.62774998
-5.6033058 1.1404958 0.72737497
-5.6033058 1.1404958 0.82699996
-5.6033058 1.1404958 0.92662495
-5.6033058 1.0413222 0.62774998
-5.6033058 1.0413222 0.92662495
-5.6033058 0.94214869 0.62774998
-5.6033058 0.94214869 0.92662495
-5.6033058 0.84297514 0.62774998
-5.6033058 0.84297514 0.92662495
-5.6033058 0.74380159 0.62774998
-5.6033058 0.74380159 0.72737497
-5.6033058 0.74380159 0.82699996
-5.6033058 0.34710741 0.4285
-5.6033058 0.34710741 0.52812499
-5.6033058 0.34710741 0.62774998
-5.6033058 0.34710741 0.72737497
-5.6033058 0.24793386 0.4285
-5.6033058 0.24793386 0.72737497
-5.6033058 0.14876032 0.4285
-5.6033058 0.14876032 0.72737497
-5.6033058 0.049586773 0.4285
-5.6033058 0.049586773 0.52812499
-5.6033058 0.049586773 0.62774998
-5.6033058 0.049586773 0.72737497
-5.6033058 -0.049586773 0.52812499
-5.6033058 -0.049586773 0.62774998
-5.6033058 -0.049586773 0.72737497
-5.6033058 -3.6198349 0.4285
-5.6033058 -3.6198349 0.52812499
-5.6033058 -3.6198349 0.62774998
-5.6033058 -3.7190084 0.32887501
-5.6033058 -3.7190084 0.62774998
-5.6033058 -3.818182 0.32887501
-5.6033058 -3.818182 0.62774998
-5.6033058 -3.9173555 0.32887501
-5.6033058 -3.9173555 0.4285
-5.6033058 -3.9173555 0.52812499
-5.6033058 -3.9173555 0.62774998
-5.5041323 1.2396693 0.62774998
-5.5041323 1.2396693 0.72737497
-5.5041323 1.2396693 0.82699996
-5.5041323 1.2396693 0.92662495
-5.5041323 1.1404958 0.62774998
-5.5041323 1.1404958 0.92662495
-5.5041323 1.0413222 0.62774998
-5.5041323 1.0413222 0.92662495
-5.5041323 0.94214869 0.62774998
-5.5041323 0.94214869 0.92662495
-5.5041323 0.84297514 0.62774998
-5.5041323 0.84297514 0.72737497
-5.5041323 0.84297514 0.82699996
-5.5041323 0.44628096 0.52812499
-5.5041323 0.44628096 0.62774998
-5.5041323 0.44628096 0.72737497
-5.5041323 0.34710741 0.4285
-5.5041323 0.34710741 0.72737497
-5.5041323 0.24793386 0.4285
-5.5041323 0.24793386 0.72737497
-5.5041323 0.14876032 0.4285
-5.5041323 0.14876032 0.72737497
-5.5041323 0.049586773 0.52812499
-5.5041323 0.049586773 0.62774998
-5.5041323 0.049586773 0.72737497
-5.5041323 -3.6198349 0.4285
-5.5041323 -3.6198349 0.52812499
-5.5041323 -3.6198349 0.62774998
-5.5041323 -3.7190084 0.32887501
-5.5041323 -3.7190084 0.62774998
-5.5041323 -3.818182 0.32887501
-5.5041323 -3.818182 0.62774998
-5.5041323 -3.9173555 0.32887501
-5.5041323 -3.9173555 0.4285
-5.5041323 -3.9173555 0.52812499
-5.5041323 -3.9173555 0.62774998
-5.4049587 1.1404958 0.62774998
-5.4049587 1.1404958 0.72737497
-5.4049587 1.1404958 0.82699996
-5.4049587 1.1404958 0.92662495
-5.4049587 1.0413222 0.62774998
-5.4049587 1.0413222 0.92662495
-5.4049587 0.94214869 0.62774998
-5.4049587 0.94214869 0.72737497
-5.4049587 0.94214869 0.82699996
-5.4049587 0.94214869 0.92662495
-5.4049587 0.44628096 0.52812499
-5.4049587 0.44628096 0.62774998
-5.4049587 0.44628096 0.72737497
-5.4049587 0.34710741 0.4285
-5.4049587 0.34710741 0.52812499
-5.4049587 0.34710741 0.62774998
-5.4049587 0.34710741 0.72737497
-5.4049587 0.24793386 0.4285
-5.4049587 0.24793386 0.72737497
-5.4049587 0.14876032 0.4285
-5.4049587 0.14876032 0.52812499
-5.4049587 0.14876032 0.62774998
-5.4049587 0.14876032 0.72737497
-5.4049587 -3.6198349 0.4285
-5.4049587 -3.6198349 0.52812499
-5.4049587 -3.6198349 0.62774998
-5.4049587 -3.7190084 0.32887501
-5.4049587 -3.7190084 0.62774998
-5.4049587 -3.818182 0.32887501
-5.4049587 -3.818182 0.62774998
-5.4049587 -3.9173555 0.32887501
-5.4049587 -3.9173555 0.4285
-5.4049587 -3.9173555 0.52812499
-5.4049587 -3.9173555 0.62774998
-5.3057852 1.0413222 0.62774998
-5.3057852 1.0413222 0.72737497
-5.3057852 1.0413222 0.82699996
-5.3057852 1.0413222 0.92662495
-5.3057852 0.34710741 0.52812499
-5.3057852 0.34710741 0.62774998
-5.3057852 0.34710741 0.72737497
-5.3057852 0.24793386 0.4285
-5.3057852 0.24793386 0.52812499
-5.3057852 0.24793386 0.62774998
-5.3057852 0.24793386 0.72737497
-5.3057852 0.14876032 0.52812499
-5.3057852 0.14876032 0.62774998
-5.3057852 0.14876032 0.72737497
-5.3057852 -3.6198349 0.32887501
-5.3057852 -3.6198349 0.4285
-5.3057852 -3.6198349 0.52812499
-5.3057852 -3.6198349 0.62774998
-5.3057852 -3.7190084 0.32887501
-5.3057852 -3.7190084 0.62774998
-5.3057852 -3.818182 0.32887501
-5.3057852 -3.818182 0.62774998
-5.3057852 -3.9173555 0.029999999
-5.3057852 -3.9173555 0.12962499
-5.3057852 -3.9173555 0.22925
-5.3057852 -3.9173555 0.32887501
-5.3057852 -3.9173555 0.4285
-5.3057852 -3.9173555 0.52812499
-5.3057852 -3.9173555 0.62774998
-5.3057852 -3.9173555 0.72737497
-5.3057852 -3.9173555 0.82699996
-5.3057852 -4.0165291 0.029999999
-5.3057852 -4.0165291 0.12962499
-5.3057852 -4.0165291 0.22925
-5.3057852 -4.0165291 0.32887501
-5.3057852 -4.0165291 0.4285
-5.3057852 -4.0165291 0.52812499
-5.3057852 -4.0165291 0.62774998
-5.3057852 -4.0165291 0.72737497
-5.3057852 -4.0165291 0.82699996
-5.3057852 -4.1157026 0.029999999
-5.3057852 -4.1157026 0.12962499
-5.3057852 -4.1157026 0.22925
-5.3057852 -4.1157026 0.32887501
-5.3057852 -4.1157026 0.4285
-5.3057852 -4.1157026 0.52812499
-5.3057852 -4.1157026 0.62774998
-5.3057852 -4.1157026 0.72737497
-5.3057852 -4.1157026 0.82699996
-5.2066116 -3.6198349 0.32887501
-5.2066116 -3.6198349 0.4285
-5.2066116 -3.6198349 0.52812499
-5.2066116 -3.6198349 0.62774998
-5.2066116 -3.7190084 0.32887501
-5.2066116 -3.7190084 0.62774998
-5.2066116 -3.818182 0.32887501
-5.2066116 -3.818182 0.62774998
-5.2066116 -3.9173555 0.029999999
-5.2066116 -3.9173555 0.12962499
-5.2066116 -3.9173555 0.22925
-5.2066116 -3.9173555 0.32887501
-5.2066116 -3.9173555 0.4285
-5.2066116 -3.9173555 0.52812499
-5.2066116 -3.9173555 0.62774998
-5.2066116 -3.9173555 0.72737497
-5.2066116 -3.9173555 0.82699996
-5.2066116 -4.0165291 0.029999999
-5.2066116 -4.0165291 0.82699996
-5.2066116 -4.1157026 0.029999999
-5.2066116 -4.1157026 0.12962499
-5.2066116 -4.1157026 0.22925
-5.2066116 -4.1157026 0.32887501
-5.2066116 -4.1157026 0.4285
-5.2066116 -4.1157026 0.52812499
-5.2066116 -4.1157026 0.62774998
-5.2066116 -4.1157026 0.72737497
-5.2066116 -4.1157026 0.82699996
-5.2066116 -5.5041323 0.52812499
-5.2066116 -5.5041323 0.62774998
-5.2066116 -5.5041323 0.72737497
-5.2066116 -5.6033058 0.52812499
-5.2066116 -5.6033058 0.62774998
-5.2066116 -5.6033058 0.72737497
-5.1074381 -1.8347106 0.029999999
-5.1074381 -1.8347106 0.12962499
-5.1074381 -1.8347106 0.22925
-5.1074381 -1.8347106 0.32887501
-5.1074381 -1.8347106 0.4285
-5.1074381 -1.8347106 0.52812499
-5.1074381 -1.8347106 0.62774998
-5.1074381 -1.8347106 0.72737497
-5.1074381 -1.9338841 0.029999999
-5.1074381 -1.9338841 0.12962499
-5.1074381 -1.9338841 0.22925
-5.1074381 -1.9338841 0.32887501
-5.1074381 -1.9338841 0.4285
-5.1074381 -1.9338841 0.52812499
-5.1074381 -1.9338841 0.62774998
-5.1074381 -1.9338841 0.72737497
-5.1074381 -2.0330582 0.029999999
-5.1074381 -2.0330582 0.12962499
-5.1074381 -2.0330582 0.22925
-5.1074381 -2.0330582 0.32887501
-5.1074381 -2.0330582 0.4285
-5.1074381 -2.0330582 0.52812499
-5.1074381 -2.0330582 0.62774998
-5.1074381 -2.0330582 0.72737497
-5.1074381 -3.6198349 0.32887501
-5.1074381 -3.6198349 0.4285
-5.1074381 -3.6198349 0.52812499
-5.1074381 -3.6198349 0.62774998
-5.1074381 -3.7190084 0.32887501
-5.1074381 -3.7190084 0.62774998
-5.1074381 -3.818182 0.32887501
-5.1074381 -3.818182 0.62774998
-5.1074381 -3.9173555 0.029999999
-5.1074381 -3.9173555 0.12962499
-5.1074381 -3.9173555 0.22925
-5.1074381 -3.9173555 0.32887501
-5.1074381 -3.9173555 0.4285
-5.1074381 -3.9173555 0.52812499
-5.1074381 -3.9173555 0.62774998
-5.1074381 -3.9173555 0.72737497
-5.1074381 -3.9173555 0.82699996
-5.1074381 -4.0165291 0.029999999
-5.1074381 -4.0165291 0.12962499
-5.1074381 -4.0165291 0.22925
-5.1074381 -4.0165291 0.32887501
-5.1074381 -4.0165291 0.4285
-5.1074381 -4.0165291 0.52812499
-5.1074381 -4.0165291 0.62774998
-5.1074381 -4.0165291 0.72737497
-5.1074381 -4.0165291 0.82699996
-5.1074381 -4.1157026 0.029999999
-5.1074381 -4.1157026 0.12962499
-5.1074381 -4.1157026 0.22925
-5.1074381 -4.1157026 0.32887501
-5.1074381 -4.1157026 0.4285
-5.1074381 -4.1157026 0.52812499
-5.1074381 -4.1157026 0.62774998
-5.1074381 -4.1157026 0.72737497
-5.1074381 -4.1157026 0.82699996
-5.1074381 -4.1157026 0.92662495
-5.1074381 -4.2148762 0.72737497
-5.1074381 -4.2148762 0.82699996
-5.1074381 -4.2148762 0.92662495
-5.1074381 -4.6115704 0.72737497
-5.1074381 -4.6115704 0.82699996
-5.1074381 -4.6115704 0.92662495
-5.1074381 -4.7107439 0.72737497
-5.1074381 -4.7107439 0.82699996
-5.1074381 -4.7107439 0.92662495
-5.1074381 -5.4049587 0.52812499
-5.1074381 -5.4049587 0.62774998
-5.1074381 -5.4049587 0.72737497
-5.1074381 -5.5041323 0.4285
-5.1074381 -5.5041323 0.52812499
-5.1074381 -5.5041323 0.62774998
-5.1074381 -5.5041323 0.72737497
-5.1074381 -5.6033058 0.4285
-5.1074381 -5.6033058 0.52812499
-5.1074381 -5.6033058 0.62774998
-5.1074381 -5.6033058 0.72737497
-5.0082645 5.2066116 0.029999999
-5.0082645 5.2066116 0.12962499
-5.0082645 5.2066116 0.22925
-5.0082645 5.2066116 0.32887501
-5.0082645 5.2066116 0.4285
-5.0082645 5.2066116 0.52812499
-5.0082645 5.2066116 0.62774998
-5.0082645 5.2066116 0.72737497
-5.0082645 5.2066116 0.82699996
-5.0082645 5.2066116 0.92662495
-5.0082645 5.1074381 0.029999999
-5.0082645 5.1074381 0.12962499
-5.0082645 5.1074381 0.22925
-5.0082645 5.1074381 0.32887501
-5.0082645 5.1074381 0.4285
-5.0082645 5.1074381 0.52812499
-5.0082645 5.1074381 0.62774998
-5.0082645 5.1074381 0.72737497
-5.0082645 5.1074381 0.82699996
-5.0082645 5.1074381 0.92662495
-5.0082645 2.1322315 0.52812499
-5.0082645 2.1322315 0.62774998
-5.0082645 2.1322315 0.72737497
-5.0082645 2.1322315 0.82699996
-5.0082645 2.0330579 0.52812499
-5.0082645 2.0330579 0.62774998
-5.0082645 2.0330579 0.72737497
-5.0082645 1.9338841 0.52812499
-5.0082645 1.9338841 0.62774998
-5.0082645 1.9338841 0.72737497
-5.0082645 -1.7355371 0.029999999
-5.0082645 -1.7355371 0.12962499
-5.0082645 -1.7355371 0.22925
-5.0082645 -1.7355371 0.32887501
-5.0082645 -1.7355371 0.4285
-5.0082645 -1.7355371 0.52812499
-5.0082645 -1.7355371 0.62774998
-5.0082645 -1.7355371 0.72737497
-5.0082645 -1.8347106 0.029999999
-5.0082645 -1.8347106 0.12962499
-5.0082645 -1.8347106 0.22925
-5.0082645 -1.8347106 0.32887501
-5.0082645 -1.8347106 0.4285
-5.0082645 -1.8347106 0.52812499
-5.0082645 -1.8347106 0.62774998
-5.0082645 -1.8347106 0.72737497
-5.0082645 -1.9338841 0.029999999
-5.0082645 -1.9338841 0.12962499
-5.0082645 -1.9338841 0.22925
-5.0082645 -1.9338841 0.32887501
-5.0082645 -1.9338841 0.4285
-5.0082645 -1.9338841 0.52812499
-5.0082645 -1.9338841 0.62774998
-5.0082645 -1.9338841 0.72737497
-5.0082645 -2.0330582 0.029999999
-5.0082645 -2.0330582 0.12962499
-5.0082645 -2.0330582 0.22925
-5.0082645 -2.0330582 0.32887501
-5.0082645 -2.0330582 0.4285
-5.0082645 -2.0330582 0.52812499
-5.0082645 -2.0330582 0.62774998
-5.0082645 -2.0330582 0.72737497
-5.0082645 -3.6198349 0.32887501
-5.0082645 -3.6198349 0.4285
-5.0082645 -3.6198349 0.52812499
-5.0082645 -3.6198349 0.62774998
-5.0082645 -3.7190084 0.32887501
-5.0082645 -3.7190084 0.62774998
-5.0082645 -3.818182 0.32887501
-5.0082645 -3.818182 0.62774998
-5.0082645 -3.9173555 0.4285
-5.0082645 -3.9173555 0.52812499
-5.0082645 -3.9173555 0.62774998
-5.0082645 -4.0165291 0.72737497
-5.0082645 -4.0165291 0.82699996
-5.0082645 -4.0165291 0.92662495
-5.0082645 -4.1157026 0.62774998
-5.0082645 -4.1157026 0.72737497
-5.0082645 -4.1157026 0.92662495
-5.0082645 -4.1157026 1.02625
-5.0082645 -4.2148762 0.62774998
-5.0082645 -4.2148762 0.72737497
-5.0082645 -4.2148762 0.92662495
-5.0082645 -4.2148762 1.02625
-5.0082645 -4.3140497 0.72737497
-5.0082645 -4.3140497 0.82699996
-5.0082645 -4.3140497 0.92662495
-5.0082645 -4.5123968 0.72737497
-5.0082645 -4.5123968 0.82699996
-5.0082645 -4.5123968 0.92662495
-5.0082645 -4.6115704 0.62774998
-5.0082645 -4.6115704 0.92662495
-5.0082645 -4.7107439 0.62774998
-5.0082645 -4.7107439 0.72737497
-5.0082645 -4.7107439 0.82699996
-5.0082645 -4.7107439 0.92662495
-5.0082645 -4.8099174 0.62774998
-5.0082645 -4.8099174 0.72737497
-5.0082645 -4.8099174 0.82699996
-5.0082645 -4.8099174 0.92662495
-5.0082645 -5.3057852 0.52812499
-5.0082645 -5.3057852 0.62774998
-5.0082645 -5.3057852 0.72737497
-5.0082645 -5.4049587 0.4285
-5.0082645 -5.4049587 0.72737497
-5.0082645 -5.5041323 0.4285
-5.0082645 -5.5041323 0.72737497
-5.0082645 -5.6033058 0.029999999
-5.0082645 -5.6033058 0.12962499
-5.0082645 -5.6033058 0.22925
-5.0082645 -5.6033058 0.32887501
-5.0082645 -5.6033058 0.4285
-5.0082645 -5.6033058 0.52812499
-5.0082645 -5.6033058 0.62774998
-5.0082645 -5.6033058 0.72737497
-5.0082645 -5.7024794 0.029999999
-5.0082645 -5.7024794 0.12962499
-5.0082645 -5.7024794 0.22925
-5.0082645 -5.7024794 0.32887501
-5.0082645 -5.7024794 0.4285
-5.0082645 -5.7024794 0.52812499
-5.0082645 -5.7024794 0.62774998
-5.0082645 -5.7024794 0.72737497
-4.909091 5.3057852 0.029999999
-4.909091 5.3057852 0.12962499
-4.909091 5.3057852 0.22925
-4.909091 5.3057852 0.32887501
-4.909091 5.3057852 0.4285
-4.909091 5.3057852 0.52812499
-4.909091 5.3057852 0.62774998
-4.909091 5.3057852 0.72737497
-4.909091 5.3057852 0.82699996
-4.909091 5.3057852 0.92662495
-4.909091 5.2066116 0.029999999
-4.909091 5.2066116 1.02625
-4.909091 5.1074381 0.029999999
-4.909091 5.1074381 1.02625
-4.909091 5.0082645 0.029999999
-4.909091 5.0082645 0.12962499
-4.909091 5.0082645 0.22925
-4.909091 5.0082645 0.32887501
-4.909091 5.0082645 0.4285
-4.909091 5.0082645 0.52812499
-4.909091 5.0082645 0.62774998
-4.909091 5.0082645 0.72737497
-4.909091 5.0082645 0.82699996
-4.909091 5.0082645 0.92662495
-4.909091 2.231405 0.52812499
-4.909091 2.231405 0.62774998
-4.909091 2.231405 0.72737497
-4.909091 2.1322315 0.52812499
-4.909091 2.1322315 0.82699996
-4.909091 2.0330579 0.52812499
-4.909091 2.0330579 0.82699996
-4.909091 1.9338841 0.52812499
-4.909091 1.9338841 0.82699996
-4.909091 1.8347106 0.52812499
-4.909091 1.8347106 0.62774998
-4.909091 1.8347106 0.72737497
-4.909091 1.8347106 0.82699996
-4.909091 1.8347106 0.92662495
-4.909091 1.8347106 1.02625
-4.909091 1.7355371 0.72737497
-4.909091 1.7355371 0.82699996
-4.909091 1.7355371 0.92662495
-4.909091 1.7355371 1.02625
-4.909091 -1.7355371 0.029999999
-4.909091 -1.7355371 0.12962499
-4.909091 -1.7355371 0.22925
-4.909091 -1.7355371 0.32887501
-4.909091 -1.7355371 0.4285
-4.909091 -1.7355371 0.52812499
-4.909091 -1.7355371 0.62774998
-4.909091 -1.7355371 0.72737497
-4.909091 -1.8347106 0.029999999
-4.909091 -1.8347106 0.72737497
-4.909091 -1.9338841 0.029999999
-4.909091 -1.9338841 0.72737497
-4.909091 -2.0330582 0.029999999
-4.909091 -2.0330582 0.12962499
-4.909091 -2.0330582 0.22925
-4.909091 -2.0330582 0.32887501
-4.909091 -2.0330582 0.4285
-4.909091 -2.0330582 0.52812499
-4.909091 -2.0330582 0.62774998
-4.909091 -2.0330582 0.72737497
-4.909091 -3.5206614 0.4285
-4.909091 -3.5206614 0.52812499
-4.909091 -3.5206614 0.62774998
-4.909091 -3.6198349 0.32887501
-4.909091 -3.6198349 0.4285
-4.909091 -3.6198349 0.52812499
-4.909091 -3.6198349 0.62774998
-4.909091 -3.7190084 0.32887501
-4.909091 -3.7190084 0.62774998
-4.909091 -3.818182 0.32887501
-4.909091 -3.818182 0.62774998
-4.909091 -3.9173555 0.4285
-4.909091 -3.9173555 0.52812499
-4.909091 -3.9173555 0.62774998
-4.909091 -3.9173555 0.72737497
-4.909091 -3.9173555 0.82699996
-4.909091 -3.9173555 0.92662495
-4.909091 -3.9173555 1.02625
-4.909091 -4.0165291 0.62774998
-4.909091 -4.0165291 0.72737497
-4.909091 -4.0165291 0.92662495
-4.909091 -4.0165291 1.02625
-4.909091 -4.1157026 0.62774998
-4.909091 -4.1157026 0.72737497
-4.909091 -4.1157026 0.92662495
-4.909091 -4.1157026 1.02625
-4.909091 -4.2148762 0.62774998
-4.909091 -4.2148762 0.72737497
-4.909091 -4.2148762 0.92662495
-4.909091 -4.2148762 1.02625
-4.909091 -4.3140497 0.62774998
-4.909091 -4.3140497 0.72737497
-4.909091 -4.3140497 0.82699996
-4.909091 -4.3140497 0.92662495
-4.909091 -4.3140497 1.02625
-4.909091 -4.4132233 0.72737497
-4.909091 -4.4132233 0.82699996
-4.909091 -4.4132233 0.92662495
-4.909091 -4.5123968 0.72737497
-4.909091 -4.5123968 0.82699996
-4.909091 -4.5123968 0.92662495
-4.909091 -4.6115704 0.62774998
-4.909091 -4.6115704 0.92662495
-4.909091 -4.7107439 0.62774998
-4.909091 -4.7107439 0.92662495
-4.909091 -4.8099174 0.62774998
-4.909091 -4.8099174 0.72737497
-4.909091 -4.8099174 0.82699996
-4.909091 -4.8099174 0.92662495
-4.909091 -5.2066116 0.4285
-4.909091 -5.2066116 0.52812499
-4.909091 -5.2066116 0.62774998
-4.909091 -5.2066116 0.72737497
-4.909091 -5.3057852 0.4285
-4.909091 -5.3057852 0.72737497
-4.909091 -5.4049587 0.4285
-4.909091 -5.4049587 0.72737497
-4.909091 -5.5041323 0.4285
-4.909091 -5.5041323 0.72737497
-4.909091 -5.6033058 0.029999999
-4.909091 -5.6033058 0.12962499
-4.909091 -5.6033058 0.22925
-4.909091 -5.6033058 0.32887501
-4.909091 -5.6033058 0.4285
-4.909091 -5.6033058 0.52812499
-4.909091 -5.6033058 0.62774998
-4.909091 -5.6033058 0.72737497
-4.909091 -5.6033058 0.82699996
-4.909091 -5.7024794 0.029999999
-4.909091 -5.7024794 0.12962499
-4.909091 -5.7024794 0.22925
-4.909091 -5.7024794 0.32887501
-4.909091 -5.7024794 0.4285
-4.909091 -5.7024794 0.52812499
-4.909091 -5.7024794 0.62774998
-4.909091 -5.7024794 0.72737497
-4.909091 -5.7024794 0.82699996
-4.909091 -5.8016529 0.029999999
-4.909091 -5.8016529 0.12962499
-4.909091 -5.8016529 0.22925
-4.909091 -5.8016529 0.32887501
-4.909091 -5.8016529 0.4285
-4.909091 -5.8016529 0.52812499
-4.909091 -5.8016529 0.62774998
-4.909091 -5.8016529 0.72737497
-4.8099174 5.3057852 0.029999999
-4.8099174 5.3057852 0.12962499
-4.8099174 5.3057852 0.22925
-4.8099174 5.3057852 0.32887501
-4.8099174 5.3057852 0.4285
-4.8099174 5.3057852 0.52812499
-4.8099174 5.3057852 0.62774998
-4.8099174 5.3057852 0.72737497
-4.8099174 5.3057852 0.82699996
-4.8099174 5.3057852 0.92662495
-4.8099174 5.2066116 0.029999999
-4.8099174 5.2066116 1.02625
-4.8099174 5.1074381 0.029999999
-4.8099174 5.1074381 1.02625
-4.8099174 5.0082645 0.029999999
-4.8099174 5.0082645 0.12962499
-4.8099174 5.0082645 0.22925
-4.8099174 5.0082645 0.32887501
-4.8099174 5.0082645 0.4285
-4.8099174 5.0082645 0.52812499
-4.8099174 5.0082645 0.62774998
-4.8099174 5.0082645 0.72737497
-4.8099174 5.0082645 0.82699996
-4.8099174 5.0082645 0.92662495
-4.8099174 2.231405 0.52812499
-4.8099174 2.231405 0.62774998
-4.8099174 2.231405 0.72737497
-4.8099174 2.1322315 0.52812499
-4.8099174 2.1322315 0.82699996
-4.8099174 2.0330579 0.52812499
-4.8099174 2.0330579 0.82699996
-4.8099174 1.9338841 0.52812499
-4.8099174 1.9338841 0.62774998
-4.8099174 1.9338841 0.72737497
-4.8099174 1.9338841 0.82699996
-4.8099174 1.9338841 0.92662495
-4.8099174 1.9338841 1.02625
-4.8099174 1.8347106 0.72737497
-4.8099174 1.8347106 1.02625
-4.8099174 1.7355371 0.72737497
-4.8099174 1.7355371 1.02625
-4.8099174 1.6363635 0.72737497
-4.8099174 1.6363635 0.82699996
-4.8099174 1.6363635 0.92662495
-4.8099174 1.6363635 1.02625
-4.8099174 -1.8347106 0.029999999
-4.8099174 -1.8347106 0.12962499
-4.8099174 -1.8347106 0.22925
-4.8099174 -1.8347106 0.32887501
-4.8099174 -1.8347106 0.4285
-4.8099174 -1.8347106 0.52812499
-4.8099174 -1.8347106 0.62774998
-4.8099174 -1.8347106 0.72737497
-4.8099174 -1.9338841 0.029999999
-4.8099174 -1.9338841 0.12962499
-4.8099174 -1.9338841 0.22925
-4.8099174 -1.9338841 0.32887501
-4.8099174 -1.9338841 0.4285
-4.8099174 -1.9338841 0.52812499
-4.8099174 -1.9338841 0.62774998
-4.8099174 -1.9338841 0.72737497
-4.8099174 -2.0330582 0.029999999
-4.8099174 -2.0330582 0.12962499
-4.8099174 -2.0330582 0.22925
-4.8099174 -2.0330582 0.32887501
-4.8099174 -2.0330582 0.4285
-4.8099174 -2.0330582 0.52812499
-4.8099174 -2.0330582 0.62774998
-4.8099174 -2.0330582 0.72737497
-4.8099174 -3.5206614 0.4285
-4.8099174 -3.5206614 0.52812499
-4.8099174 -3.5206614 0.62774998
-4.8099174 -3.6198349 0.32887501
-4.8099174 -3.6198349 0.62774998
-4.8099174 -3.7190084 0.32887501
-4.8099174 -3.7190084 0.62774998
-4.8099174 -3.818182 0.32887501
-4.8099174 -3.818182 0.4285
-4.8099174 -3.818182 0.52812499
-4.8099174 -3.818182 0.62774998
-4.8099174 -3.818182 0.72737497
-4.8099174 -3.818182 0.82699996
-4.8099174 -3.818182 0.92662495
-4.8099174 -3.818182 1.02625
-4.8099174 -3.9173555 0.62774998
-4.8099174 -3.9173555 0.72737497
-4.8099174 -3.9173555 0.92662495
-4.8099174 -3.9173555 1.02625
-4.8099174 -4.0165291 0.62774998
-4.8099174 -4.0165291 0.72737497
-4.8099174 -4.0165291 0.92662495
-4.8099174 -4.0165291 1.02625
-4.8099174 -4.1157026 0.62774998
-4.8099174 -4.1157026 0.72737497
-4.8099174 -4.1157026 0.92662495
-4.8099174 -4.1157026 1.02625
-4.8099174 -4.2148762 0.62774998
-4.8099174 -4.2148762 0.72737497
-4.8099174 -4.2148762 0.82699996
-4.8099174 -4.2148762 0.92662495
-4.8099174 -4.2148762 1.02625
-4.8099174 -4.5123968 0.62774998
-4.8099174 -4.5123968 0.72737497
-4.8099174 -4.5123968 0.82699996
-4.8099174 -4.5123968 0.92662495
-4.8099174 -4.6115704 0.62774998
-4.8099174 -4.6115704 0.92662495
-4.8099174 -4.7107439 0.62774998
-4.8099174 -4.7107439 0.92662495
-4.8099174 -4.8099174 0.62774998
-4.8099174 -4.8099174 0.72737497
-4.8099174 -4.8099174 0.82699996
-4.8099174 -4.8099174 0.92662495
-4.8099174 -5.0082645 0.52812499
-4.8099174 -5.0082645 0.62774998
-4.8099174 -5.0082645 0.72737497
-4.8099174 -5.1074381 0.4285
-4.8099174 -5.1074381 0.52812499
-4.8099174 -5.1074381 0.62774998
-4.8099174 -5.1074381 0.72737497
-4.8099174 -5.2066116 0.4285
-4.8099174 -5.2066116 0.72737497
-4.8099174 -5.3057852 0.4285
-4.8099174 -5.3057852 0.72737497
-4.8099174 -5.4049587 0.029999999
-4.8099174 -5.4049587 0.12962499
-4.8099174 -5.4049587 0.22925
-4.8099174 -5.4049587 0.32887501
-4.8099174 -5.4049587 0.4285
-4.8099174 -5.4049587 0.52812499
-4.8099174 -5.4049587 0.62774998
-4.8099174 -5.4049587 0.72737497
-4.8099174 -5.5041323 0.029999999
-4.8099174 -5.5041323 0.12962499
-4.8099174 -5.5041323 0.22925
-4.8099174 -5.5041323 0.32887501
-4.8099174 -5.5041323 0.4285
-4.8099174 -5.5041323 0.52812499
-4.8099174 -5.5041323 0.62774998
-4.8099174 -5.5041323 0.72737497
-4.8099174 -5.6033058 0.029999999
-4.8099174 -5.6033058 0.12962499
-4.8099174 -5.6033058 0.22925
-4.8099174 -5.6033058 0.32887501
-4.8099174 -5.6033058 0.4285
-4.8099174 -5.6033058 0.52812499
-4.8099174 -5.6033058 0.62774998
-4.8099174 -5.6033058 0.72737497
-4.8099174 -5.6033058 0.82699996
-4.8099174 -5.6033058 0.92662495
-4.8099174 -5.6033058 1.02625
-4.8099174 -5.7024794 0.029999999
-4.8099174 -5.7024794 0.82699996
-4.8099174 -5.7024794 0.92662495
-4.8099174 -5.7024794 1.02625
-4.8099174 -5.7024794 1.125875
-4.8099174 -5.8016529 0.029999999
-4.8099174 -5.8016529 0.12962499
-4.8099174 -5.8016529 0.22925
-4.8099174 -5.8016529 0.32887501
-4.8099174 -5.8016529 0.4285
-4.8099174 -5.8016529 0.52812499
-4.8099174 -5.8016529 0.62774998
-4.8099174 -5.8016529 0.72737497
-4.7107439 5.5041323 0.029999999
-4.7107439 5.5041323 0.12962499
-4.7107439 5.5041323 0.22925
-4.7107439 5.5041323 0.32887501
-4.7107439 5.5041323 0.4285
-4.7107439 5.5041323 0.52812499
-4.7107439 5.5041323 0.62774998
-4.7107439 5.5041323 0.72737497
-4.7107439 5.4049587 0.029999999
-4.7107439 5.4049587 0.12962499
-4.7107439 5.4049587 0.22925
-4.7107439 5.4049587 0.32887501
-4.7107439 5.4049587 0.4285
-4.7107439 5.4049587 0.52812499
-4.7107439 5.4049587 0.62774998
-4.7107439 5.4049587 0.72737497
-4.7107439 5.2066116 0.029999999
-4.7107439 5.2066116 0.12962499
-4.7107439 5.2066116 0.22925
-4.7107439 5.2066116 0.32887501
-4.7107439 5.2066116 0.4285
-4.7107439 5.2066116 0.52812499
-4.7107439 5.2066116 0.62774998
-4.7107439 5.2066116 0.72737497
-4.7107439 5.2066116 0.82699996
-4.7107439 5.2066116 0.92662495
-4.7107439 5.1074381 0.029999999
-4.7107439 5.1074381 0.12962499
-4.7107439 5.1074381 0.22925
-4.7107439 5.1074381 0.32887501
-4.7107439 5.1074381 0.4285
-4.7107439 5.1074381 0.52812499
-4.7107439 5.1074381 0.62774998
-4.7107439 5.1074381 0.72737497
-4.7107439 5.1074381 0.82699996
-4.7107439 5.1074381 0.92662495
-4.7107439 2.231405 0.52812499
-4.7107439 2.231405 0.62774998
-4.7107439 2.231405 0.72737497
-4.7107439 2.231405 0.82699996
-4.7107439 2.1322315 0.52812499
-4.7107439 2.1322315 0.82699996
-4.7107439 2.0330579 0.52812499
-4.7107439 2.0330579 0.82699996
-4.7107439 2.0330579 0.92662495
-4.7107439 2.0330579 1.02625
-4.7107439 1.9338841 0.52812499
-4.7107439 1.9338841 0.62774998
-4.7107439 1.9338841 0.72737497
-4.7107439 1.9338841 1.02625
-4.7107439 1.8347106 0.72737497
-4.7107439 1.8347106 1.02625
-4.7107439 1.7355371 0.72737497
-4.7107439 1.7355371 1.02625
-4.7107439 1.6363635 0.72737497
-4.7107439 1.6363635 1.02625
-4.7107439 1.53719 0.82699996
-4.7107439 1.53719 0.92662495
-4.7107439 1.53719 1.02625
-4.7107439 -2.0330582 0.029999999
-4.7107439 -2.0330582 0.12962499
-4.7107439 -2.0330582 0.22925
-4.7107439 -2.0330582 0.32887501
-4.7107439 -2.0330582 0.4285
-4.7107439 -2.1322317 0.029999999
-4.7107439 -2.1322317 0.12962499
-4.7107439 -2.1322317 0.22925
-4.7107439 -2.1322317 0.32887501
-4.7107439 -2.1322317 0.4285
-4.7107439 -2.2314053 0.029999999
-4.7107439 -2.2314053 0.12962499
-4.7107439 -2.2314053 0.22925
-4.7107439 -2.2314053 0.32887501
-4.7107439 -2.2314053 0.4285
-4.7107439 -3.5206614 0.4285
-4.7107439 -3.5206614 0.52812499
-4.7107439 -3.5206614 0.62774998
-4.7107439 -3.6198349 0.32887501
-4.7107439 -3.6198349 0.62774998
-4.7107439 -3.7190084 0.32887501
-4.7107439 -3.7190084 0.62774998
-4.7107439 -3.7190084 0.72737497
-4.7107439 -3.7190084 0.82699996
-4.7107439 -3.7190084 0.92662495
-4.7107439 -3.7190084 1.02625
-4.7107439 -3.818182 0.32887501
-4.7107439 -3.818182 0.4285
-4.7107439 -3.818182 0.52812499
-4.7107439 -3.818182 0.62774998
-4.7107439 -3.818182 0.72737497
-4.7107439 -3.818182 0.92662495
-4.7107439 -3.818182 1.02625
-4.7107439 -3.9173555 0.62774998
-4.7107439 -3.9173555 0.72737497
-4.7107439 -3.9173555 0.92662495
-4.7107439 -3.9173555 1.02625
-4.7107439 -4.0165291 0.62774998
-4.7107439 -4.0165291 0.72737497
-4.7107439 -4.0165291 0.92662495
-4.7107439 -4.0165291 1.02625
-4.7107439 -4.1157026 0.62774998
-4.7107439 -4.1157026 0.72737497
-4.7107439 -4.1157026 0.82699996
-4.7107439 -4.1157026 0.92662495
-4.7107439 -4.1157026 1.02625
-4.7107439 -4.2148762 0.82699996
-4.7107439 -4.2148762 0.92662495
-4.7107439 -4.2148762 1.02625
-4.7107439 -4.3140497 0.82699996
-4.7107439 -4.3140497 0.92662495
-4.7107439 -4.3140497 1.02625
-4.7107439 -4.4132233 0.82699996
-4.7107439 -4.4132233 0.92662495
-4.7107439 -4.4132233 1.02625
-4.7107439 -4.5123968 0.62774998
-4.7107439 -4.5123968 0.72737497
-4.7107439 -4.5123968 0.82699996
-4.7107439 -4.5123968 0.92662495
-4.7107439 -4.6115704 0.62774998
-4.7107439 -4.6115704 0.92662495
-4.7107439 -4.7107439 0.62774998
-4.7107439 -4.7107439 0.92662495
-4.7107439 -4.8099174 0.4285
-4.7107439 -4.8099174 0.52812499
-4.7107439 -4.8099174 0.62774998
-4.7107439 -4.8099174 0.72737497
-4.7107439 -4.8099174 0.82699996
-4.7107439 -4.8099174 0.92662495
-4.7107439 -4.909091 0.4285
-4.7107439 -4.909091 0.52812499
-4.7107439 -4.909091 0.62774998
-4.7107439 -4.909091 0.72737497
-4.7107439 -5.0082645 0.4285
-4.7107439 -5.0082645 0.52812499
-4.7107439 -5.0082645 0.62774998
-4.7107439 -5.0082645 0.72737497
-4.7107439 -5.1074381 0.4285
-4.7107439 -5.1074381 0.52812499
-4.7107439 -5.1074381 0.62774998
-4.7107439 -5.1074381 0.72737497
-4.7107439 -5.2066116 0.4285
-4.7107439 -5.2066116 0.52812499
-4.7107439 -5.2066116 0.62774998
-4.7107439 -5.2066116 0.72737497
-4.7107439 -5.3057852 0.029999999
-4.7107439 -5.3057852 0.12962499
-4.7107439 -5.3057852 0.22925
-4.7107439 -5.3057852 0.32887501
-4.7107439 -5.3057852 0.4285
-4.7107439 -5.3057852 0.52812499
-4.7107439 -5.3057852 0.62774998
-4.7107439 -5.3057852 0.72737497
-4.7107439 -5.4049587 0.029999999
-4.7107439 -5.4049587 0.4285
-4.7107439 -5.4049587 0.52812499
-4.7107439 -5.4049587 0.62774998
-4.7107439 -5.4049587 0.72737497
-4.7107439 -5.5041323 0.029999999
-4.7107439 -5.5041323 0.12962499
-4.7107439 -5.5041323 0.22925
-4.7107439 -5.5041323 0.32887501
-4.7107439 -5.5041323 0.4285
-4.7107439 -5.5041323 0.52812499
-4.7107439 -5.5041323 0.62774998
-4.7107439 -5.5041323 0.72737497
-4.7107439 -5.6033058 0.029999999
-4.7107439 -5.6033058 0.12962499
-4.7107439 -5.6033058 0.22925
-4.7107439 -5.6033058 0.32887501
-4.7107439 -5.6033058 0.4285
-4.7107439 -5.6033058 0.52812499
-4.7107439 -5.6033058 0.62774998
-4.7107439 -5.6033058 0.72737497
-4.7107439 -5.6033058 0.82699996
-4.7107439 -5.6033058 0.92662495
-4.7107439 -5.6033058 1.02625
-4.7107439 -5.6033058 1.125875
-4.7107439 -5.7024794 0.029999999
-4.7107439 -5.7024794 0.12962499
-4.7107439 -5.7024794 0.22925
-4.7107439 -5.7024794 0.32887501
-4.7107439 -5.7024794 0.4285
-4.7107439 -5.7024794 0.52812499
-4.7107439 -5.7024794 0.62774998
-4.7107439 -5.7024794 0.72737497
-4.7107439 -5.7024794 0.82699996
-4.7107439 -5.7024794 1.125875
-4.7107439 -5.8016529 0.82699996
-4.7107439 -5.8016529 0.92662495
-4.7107439 -5.8016529 1.02625
-4.7107439 -5.8016529 1.125875
-4.7107439 -5.9008265 0.82699996
-4.7107439 -5.9008265 0.92662495
-4.7107439 -5.9008265 1.02625
-4.6115704 5.6033058 0.029999999
-4.6115704 5.6033058 0.12962499
-4.6115704 5.6033058 0.22925
-4.6115704 5.6033058 0.32887501
-4.6115704 5.6033058 0.4285
-4.6115704 5.6033058 0.52812499
-4.6115704 5.6033058 0.62774998
-4.6115704 5.6033058 0.72737497
-4.6115704 5.5041323 0.029999999
-4.6115704 5.5041323 0.4285
-4.6115704 5.5041323 0.52812499
-4.6115704 5.5041323 0.62774998
-4.6115704 5.5041323 0.82699996
-4.6115704 5.4049587 0.029999999
-4.6115704 5.4049587 0.12962499
-4.6115704 5.4049587 0.22925
-4.6115704 5.4049587 0.32887501
-4.6115704 5.4049587 0.4285
-4.6115704 5.4049587 0.52812499
-4.6115704 5.4049587 0.62774998
-4.6115704 5.4049587 0.72737497
-4.6115704 5.4049587 0.82699996
-4.6115704 5.3057852 0.72737497
-4.6115704 5.3057852 0.82699996
-4.6115704 5.3057852 0.92662495
-4.6115704 5.2066116 0.72737497
-4.6115704 5.2066116 0.82699996
-4.6115704 5.2066116 0.92662495
-4.6115704 5.1074381 0.62774998
-4.6115704 5.1074381 0.72737497
-4.6115704 5.1074381 0.82699996
-4.6115704 5.1074381 0.92662495
-4.6115704 5.0082645 0.62774998
-4.6115704 5.0082645 0.72737497
-4.6115704 5.0082645 0.82699996
-4.6115704 5.0082645 0.92662495
-4.6115704 4.909091 0.72737497
-4.6115704 4.909091 0.82699996
-4.6115704 4.909091 0.92662495
-4.6115704 2.3305786 0.52812499
-4.6115704 2.3305786 0.62774998
-4.6115704 2.3305786 0.72737497
-4.6115704 2.3305786 0.82699996
-4.6115704 2.231405 0.52812499
-4.6115704 2.231405 0.82699996
-4.6115704 2.1322315 0.52812499
-4.6115704 2.1322315 0.82699996
-4.6115704 2.1322315 0.92662495
-4.6115704 2.1322315 1.02625
-4.6115704 2.0330579 0.52812499
-4.6115704 2.0330579 0.72737497
-4.6115704 2.0330579 0.82699996
-4.6115704 2.0330579 0.92662495
-4.6115704 2.0330579 1.02625
-4.6115704 1.9338841 0.52812499
-4.6115704 1.9338841 0.62774998
-4.6115704 1.9338841 0.72737497
-4.6115704 1.9338841 1.02625
-4.6115704 1.8347106 0.72737497
-4.6115704 1.8347106 1.02625
-4.6115704 1.7355371 0.72737497
-4.6115704 1.7355371 1.02625
-4.6115704 1.6363635 0.82699996
-4.6115704 1.6363635 0.92662495
-4.6115704 1.6363635 1.02625
-4.6115704 -1.9338841 0.029999999
-4.6115704 -1.9338841 0.12962499
-4.6115704 -1.9338841 0.22925
-4.6115704 -1.9338841 0.32887501
-4.6115704 -1.9338841 0.4285
-4.6115704 -2.0330582 0.029999999
-4.6115704 -2.0330582 0.12962499
-4.6115704 -2.0330582 0.22925
-4.6115704 -2.0330582 0.32887501
-4.6115704 -2.0330582 0.4285
-4.6115704 -2.0330582 0.52812499
-4.6115704 -2.0330582 0.62774998
-4.6115704 -2.0330582 0.72737497
-4.6115704 -2.1322317 0.029999999
-4.6115704 -2.1322317 0.12962499
-4.6115704 -2.1322317 0.22925
-4.6115704 -2.1322317 0.32887501
-4.6115704 -2.1322317 0.4285
-4.6115704 -2.1322317 0.52812499
-4.6115704 -2.1322317 0.62774998
-4.6115704 -2.1322317 0.72737497
-4.6115704 -2.1322317 0.82699996
-4.6115704 -2.2314053 0.029999999
-4.6115704 -2.2314053 0.12962499
-4.6115704 -2.2314053 0.22925
-4.6115704 -2.2314053 0.32887501
-4.6115704 -2.2314053 0.4285
-4.6115704 -2.2314053 0.52812499
-4.6115704 -2.2314053 0.62774998
-4.6115704 -2.2314053 0.72737497
-4.6115704 -2.2314053 0.82699996
-4.6115704 -2.3305788 0.029999999
-4.6115704 -2.3305788 0.12962499
-4.6115704 -2.3305788 0.22925
-4.6115704 -2.3305788 0.32887501
-4.6115704 -2.3305788 0.4285
-4.6115704 -2.3305788 0.52812499
-4.6115704 -2.3305788 0.62774998
-4.6115704 -2.3305788 0.72737497
-4.6115704 -2.3305788 0.82699996
-4.6115704 -3.5206614 0.4285
-4.6115704 -3.5206614 0.52812499
-4.6115704 -3.5206614 0.62774998
-4.6115704 -3.6198349 0.32887501
-4.6115704 -3.6198349 0.62774998
-4.6115704 -3.6198349 0.72737497
-4.6115704 -3.6198349 0.82699996
-4.6115704 -3.6198349 0.92662495
-4.6115704 -3.6198349 1.02625
-4.6115704 -3.7190084 0.32887501
-4.6115704 -3.7190084 0.62774998
-4.6115704 -3.7190084 0.72737497
-4.6115704 -3.7190084 0.92662495
-4.6115704 -3.7190084 1.02625
-4.6115704 -3.818182 0.32887501
-4.6115704 -3.818182 0.4285
-4.6115704 -3.818182 0.52812499
-4.6115704 -3.818182 0.62774998
-4.6115704 -3.818182 0.72737497
-4.6115704 -3.818182 0.92662495
-4.6115704 -3.818182 1.02625
-4.6115704 -3.9173555 0.62774998
-4.6115704 -3.9173555 0.72737497
-4.6115704 -3.9173555 0.92662495
-4.6115704 -3.9173555 1.02625
-4.6115704 -4.0165291 0.62774998
-4.6115704 -4.0165291 0.72737497
-4.6115704 -4.0165291 0.82699996
-4.6115704 -4.0165291 0.92662495
-4.6115704 -4.0165291 1.02625
-4.6115704 -4.1157026 0.82699996
-4.6115704 -4.1157026 0.92662495
-4.6115704 -4.1157026 1.02625
-4.6115704 -4.2148762 0.82699996
-4.6115704 -4.2148762 1.125875
-4.6115704 -4.3140497 0.4285
-4.6115704 -4.3140497 0.52812499
-4.6115704 -4.3140497 0.62774998
-4.6115704 -4.3140497 0.82699996
-4.6115704 -4.3140497 0.92662495
-4.6115704 -4.3140497 1.02625
-4.6115704 -4.3140497 1.125875
-4.6115704 -4.4132233 0.4285
-4.6115704 -4.4132233 0.52812499
-4.6115704 -4.4132233 0.62774998
-4.6115704 -4.4132233 0.82699996
-4.6115704 -4.4132233 0.92662495
-4.6115704 -4.4132233 1.02625
-4.6115704 -4.4132233 1.125875
-4.6115704 -4.5123968 0.4285
-4.6115704 -4.5123968 0.52812499
-4.6115704 -4.5123968 0.62774998
-4.6115704 -4.5123968 0.72737497
-4.6115704 -4.5123968 0.82699996
-4.6115704 -4.5123968 0.92662495
-4.6115704 -4.6115704 0.4285
-4.6115704 -4.6115704 0.52812499
-4.6115704 -4.6115704 0.62774998
-4.6115704 -4.6115704 0.72737497
-4.6115704 -4.6115704 0.92662495
-4.6115704 -4.7107439 0.4285
-4.6115704 -4.7107439 0.52812499
-4.6115704 -4.7107439 0.62774998
-4.6115704 -4.7107439 0.72737497
-4.6115704 -4.7107439 0.92662495
-4.6115704 -4.8099174 0.4285
-4.6115704 -4.8099174 0.52812499
-4.6115704 -4.8099174 0.62774998
-4.6115704 -4.8099174 0.72737497
-4.6115704 -4.8099174 0.82699996
-4.6115704 -4.8099174 0.92662495
-4.6115704 -4.909091 0.4285
-4.6115704 -4.909091 0.52812499
-4.6115704 -4.909091 0.62774998
-4.6115704 -4.909091 0.72737497
-4.6115704 -5.0082645 0.4285
-4.6115704 -5.0082645 0.72737497
-4.6115704 -5.1074381 0.4285
-4.6115704 -5.1074381 0.72737497
-4.6115704 -5.2066116 0.4285
-4.6115704 -5.2066116 0.52812499
-4.6115704 -5.2066116 0.62774998
-4.6115704 -5.2066116 0.72737497
-4.6115704 -5.3057852 0.029999999
-4.6115704 -5.3057852 0.12962499
-4.6115704 -5.3057852 0.22925
-4.6115704 -5.3057852 0.32887501
-4.6115704 -5.3057852 0.4285
-4.6115704 -5.3057852 0.52812499
-4.6115704 -5.3057852 0.62774998
-4.6115704 -5.3057852 0.72737497
-4.6115704 -5.4049587 0.029999999
-4.6115704 -5.4049587 0.72737497
-4.6115704 -5.5041323 0.029999999
-4.6115704 -5.5041323 0.12962499
-4.6115704 -5.5041323 0.22925
-4.6115704 -5.5041323 0.32887501
-4.6115704 -5.5041323 0.4285
-4.6115704 -5.5041323 0.52812499
-4.6115704 -5.5041323 0.62774998
-4.6115704 -5.5041323 0.72737497
-4.6115704 -5.5041323 0.82699996
-4.6115704 -5.5041323 0.92662495
-4.6115704 -5.5041323 1.02625
-4.6115704 -5.5041323 1.125875
-4.6115704 -5.6033058 0.82699996
-4.6115704 -5.6033058 1.125875
-4.6115704 -5.7024794 0.82699996
-4.6115704 -5.7024794 1.125875
-4.6115704 -5.8016529 0.82699996
-4.6115704 -5.8016529 1.125875
-4.6115704 -5.9008265 0.82699996
-4.6115704 -5.9008265 0.92662495
-4.6115704 -5.9008265 1.02625
-4.5123968 6 0.4285
-4.5123968 6 0.52812499
-4.5123968 6 0.62774998
-4.5123968 5.9008265 0.4285
-4.5123968 5.9008265 0.52812499
-4.5123968 5.9008265 0.62774998
-4.5123968 5.9008265 0.72737497
-4.5123968 5.8016529 0.4285
-4.5123968 5.8016529 0.52812499
-4.5123968 5.8016529 0.62774998
-4.5123968 5.8016529 0.72737497
-4.5123968 5.7024794 0.4285
-4.5123968 5.7024794 0.52812499
-4.5123968 5.7024794 0.62774998
-4.5123968 5.7024794 0.72737497
-4.5123968 5.6033058 0.029999999
-4.5123968 5.6033058 0.12962499
-4.5123968 5.6033058 0.22925
-4.5123968 5.6033058 0.32887501
-4.5123968 5.6033058 0.4285
-4.5123968 5.6033058 0.52812499
-4.5123968 5.6033058 0.62774998
-4.5123968 5.6033058 0.72737497
-4.5123968 5.6033058 0.82699996
-4.5123968 5.6033058 0.92662495
-4.5123968 5.5041323 0.029999999
-4.5123968 5.5041323 0.12962499
-4.5123968 5.5041323 0.22925
-4.5123968 5.5041323 0.32887501
-4.5123968 5.5041323 0.4285
-4.5123968 5.5041323 0.52812499
-4.5123968 5.5041323 0.62774998
-4.5123968 5.5041323 0.72737497
-4.5123968 5.5041323 0.82699996
-4.5123968 5.5041323 0.92662495
-4.5123968 5.4049587 0.029999999
-4.5123968 5.4049587 0.12962499
-4.5123968 5.4049587 0.22925
-4.5123968 5.4049587 0.32887501
-4.5123968 5.4049587 0.4285
-4.5123968 5.4049587 0.52812499
-4.5123968 5.4049587 0.62774998
-4.5123968 5.4049587 0.72737497
-4.5123968 5.4049587 0.82699996
-4.5123968 5.4049587 0.92662495
-4.5123968 5.3057852 0.62774998
-4.5123968 5.3057852 0.72737497
-4.5123968 5.3057852 0.82699996
-4.5123968 5.3057852 0.92662495
-4.5123968 5.2066116 0.62774998
-4.5123968 5.2066116 0.92662495
-4.5123968 5.1074381 0.62774998
-4.5123968 5.1074381 0.92662495
-4.5123968 5.0082645 0.62774998
-4.5123968 5.0082645 0.92662495
-4.5123968 4.909091 0.72737497
-4.5123968 4.909091 0.82699996
-4.5123968 4.909091 0.92662495
-4.5123968 2.4297521 0.62774998
-4.5123968 2.4297521 0.72737497
-4.5123968 2.4297521 0.82699996
-4.5123968 2.3305786 0.52812499
-4.5123968 2.3305786 0.62774998
-4.5123968 2.3305786 0.72737497
-4.5123968 2.3305786 0.82699996
-4.5123968 2.231405 0.52812499
-4.5123968 2.231405 0.62774998
-4.5123968 2.231405 0.72737497
-4.5123968 2.231405 0.82699996
-4.5123968 2.231405 0.92662495
-4.5123968 2.231405 1.02625
-4.5123968 2.1322315 0.52812499
-4.5123968 2.1322315 0.72737497
-4.5123968 2.1322315 0.82699996
-4.5123968 2.1322315 0.92662495
-4.5123968 2.1322315 1.02625
-4.5123968 2.0330579 0.52812499
-4.5123968 2.0330579 0.62774998
-4.5123968 2.0330579 0.72737497
-4.5123968 2.0330579 0.82699996
-4.5123968 2.0330579 1.02625
-4.5123968 1.9338841 0.72737497
-4.5123968 1.9338841 1.02625
-4.5123968 1.8347106 0.72737497
-4.5123968 1.8347106 1.02625
-4.5123968 1.7355371 0.82699996
-4.5123968 1.7355371 0.92662495
-4.5123968 1.7355371 1.02625
-4.5123968 -1.9338841 0.029999999
-4.5123968 -1.9338841 0.12962499
-4.5123968 -1.9338841 0.22925
-4.5123968 -1.9338841 0.32887501
-4.5123968 -1.9338841 0.4285
-4.5123968 -2.0330582 0.029999999
-4.5123968 -2.0330582 0.12962499
-4.5123968 -2.0330582 0.22925
-4.5123968 -2.0330582 0.32887501
-4.5123968 -2.0330582 0.4285
-4.5123968 -2.0330582 0.52812499
-4.5123968 -2.0330582 0.62774998
-4.5123968 -2.0330582 0.72737497
-4.5123968 -2.1322317 0.029999999
-4.5123968 -2.1322317 0.12962499
-4.5123968 -2.1322317 0.22925
-4.5123968 -2.1322317 0.32887501
-4.5123968 -2.1322317 0.4285
-4.5123968 -2.1322317 0.52812499
-4.5123968 -2.1322317 0.62774998
-4.5123968 -2.1322317 0.72737497
-4.5123968 -2.1322317 0.82699996
-4.5123968 -2.2314053 0.029999999
-4.5123968 -2.2314053 0.12962499
-4.5123968 -2.2314053 0.22925
-4.5123968 -2.2314053 0.32887501
-4.5123968 -2.2314053 0.4285
-4.5123968 -2.2314053 0.52812499
-4.5123968 -2.2314053 0.82699996
-4.5123968 -2.3305788 0.029999999
-4.5123968 -2.3305788 0.12962499
-4.5123968 -2.3305788 0.22925
-4.5123968 -2.3305788 0.32887501
-4.5123968 -2.3305788 0.4285
-4.5123968 -2.3305788 0.52812499
-4.5123968 -2.3305788 0.62774998
-4.5123968 -2.3305788 0.72737497
-4.5123968 -2.3305788 0.82699996
-4.5123968 -2.727273 0.52812499
-4.5123968 -2.727273 0.62774998
-4.5123968 -2.727273 0.72737497
-4.5123968 -2.8264465 0.52812499
-4.5123968 -2.8264465 0.62774998
-4.5123968 -2.8264465 0.72737497
-4.5123968 -3.5206614 0.4285
-4.5123968 -3.5206614 0.52812499
-4.5123968 -3.5206614 0.62774998
-4.5123968 -3.5206614 0.72737497
-4.5123968 -3.5206614 0.82699996
-4.5123968 -3.5206614 0.92662495
-4.5123968 -3.5206614 1.02625
-4.5123968 -3.6198349 0.32887501
-4.5123968 -3.6198349 0.62774998
-4.5123968 -3.6198349 0.72737497
-4.5123968 -3.6198349 0.92662495
-4.5123968 -3.6198349 1.02625
-4.5123968 -3.7190084 0.32887501
-4.5123968 -3.7190084 0.62774998
-4.5123968 -3.7190084 0.72737497
-4.5123968 -3.7190084 0.92662495
-4.5123968 -3.7190084 1.02625
-4.5123968 -3.818182 0.32887501
-4.5123968 -3.818182 0.4285
-4.5123968 -3.818182 0.52812499
-4.5123968 -3.818182 0.62774998
-4.5123968 -3.818182 0.72737497
-4.5123968 -3.818182 0.92662495
-4.5123968 -3.818182 1.02625
-4.5123968 -3.9173555 0.4285
-4.5123968 -3.9173555 0.52812499
-4.5123968 -3.9173555 0.62774998
-4.5123968 -3.9173555 0.72737497
-4.5123968 -3.9173555 0.82699996
-4.5123968 -3.9173555 0.92662495
-4.5123968 -3.9173555 1.02625
-4.5123968 -4.0165291 0.4285
-4.5123968 -4.0165291 0.52812499
-4.5123968 -4.0165291 0.62774998
-4.5123968 -4.1157026 0.4285
-4.5123968 -4.1157026 0.52812499
-4.5123968 -4.1157026 0.62774998
-4.5123968 -4.1157026 0.72737497
-4.5123968 -4.1157026 0.82699996
-4.5123968 -4.1157026 0.92662495
-4.5123968 -4.1157026 1.02625
-4.5123968 -4.2148762 0.4285
-4.5123968 -4.2148762 0.52812499
-4.5123968 -4.2148762 0.62774998
-4.5123968 -4.2148762 0.72737497
-4.5123968 -4.2148762 0.82699996
-4.5123968 -4.2148762 1.125875
-4.5123968 -4.3140497 0.4285
-4.5123968 -4.3140497 0.72737497
-4.5123968 -4.3140497 0.82699996
-4.5123968 -4.3140497 1.125875
-4.5123968 -4.4132233 0.4285
-4.5123968 -4.4132233 0.72737497
-4.5123968 -4.4132233 0.82699996
-4.5123968 -4.4132233 0.92662495
-4.5123968 -4.4132233 1.02625
-4.5123968 -4.4132233 1.125875
-4.5123968 -4.5123968 0.4285
-4.5123968 -4.5123968 0.62774998
-4.5123968 -4.5123968 0.72737497
-4.5123968 -4.5123968 0.82699996
-4.5123968 -4.5123968 0.92662495
-4.5123968 -4.6115704 0.4285
-4.5123968 -4.6115704 0.62774998
-4.5123968 -4.6115704 0.72737497
-4.5123968 -4.6115704 0.92662495
-4.5123968 -4.7107439 0.4285
-4.5123968 -4.7107439 0.62774998
-4.5123968 -4.7107439 0.72737497
-4.5123968 -4.7107439 0.82699996
-4.5123968 -4.7107439 0.92662495
-4.5123968 -4.8099174 0.4285
-4.5123968 -4.8099174 0.72737497
-4.5123968 -4.8099174 0.82699996
-4.5123968 -4.8099174 0.92662495
-4.5123968 -4.909091 0.4285
-4.5123968 -4.909091 0.52812499
-4.5123968 -4.909091 0.62774998
-4.5123968 -4.909091 0.72737497
-4.5123968 -5.0082645 0.4285
-4.5123968 -5.0082645 0.52812499
-4.5123968 -5.0082645 0.62774998
-4.5123968 -5.0082645 0.72737497
-4.5123968 -5.1074381 0.4285
-4.5123968 -5.1074381 0.52812499
-4.5123968 -5.1074381 0.62774998
-4.5123968 -5.1074381 0.72737497
-4.5123968 -5.2066116 0.4285
-4.5123968 -5.2066116 0.52812499
-4.5123968 -5.2066116 0.62774998
-4.5123968 -5.2066116 0.72737497
-4.5123968 -5.3057852 0.4285
-4.5123968 -5.3057852 0.52812499
-4.5123968 -5.3057852 0.62774998
-4.5123968 -5.4049587 0.029999999
-4.5123968 -5.4049587 0.12962499
-4.5123968 -5.4049587 0.22925
-4.5123968 -5.4049587 0.32887501
-4.5123968 -5.4049587 0.4285
-4.5123968 -5.4049587 0.52812499
-4.5123968 -5.4049587 0.62774998
-4.5123968 -5.4049587 0.72737497
-4.5123968 -5.4049587 0.82699996
-4.5123968 -5.4049587 0.92662495
-4.5123968 -5.4049587 1.02625
-4.5123968 -5.5041323 0.029999999
-4.5123968 -5.5041323 0.12962499
-4.5123968 -5.5041323 0.22925
-4.5123968 -5.5041323 0.32887501
-4.5123968 -5.5041323 0.4285
-4.5123968 -5.5041323 0.52812499
-4.5123968 -5.5041323 0.62774998
-4.5123968 -5.5041323 0.72737497
-4.5123968 -5.5041323 0.82699996
-4.5123968 -5.5041323 1.125875
-4.5123968 -5.6033058 0.82699996
-4.5123968 -5.6033058 1.125875
-4.5123968 -5.7024794 0.82699996
-4.5123968 -5.7024794 1.125875
-4.5123968 -5.8016529 0.82699996
-4.5123968 -5.8016529 0.92662495
-4.5123968 -5.8016529 1.02625
-4.4132233 6 0.72737497
-4.4132233 6 0.82699996
-4.4132233 6 0.92662495
-4.4132233 5.9008265 0.4285
-4.4132233 5.9008265 0.52812499
-4.4132233 5.9008265 0.62774998
-4.4132233 5.9008265 0.72737497
-4.4132233 5.9008265 0.82699996
-4.4132233 5.9008265 0.92662495
-4.4132233 5.8016529 0.4285
-4.4132233 5.8016529 0.62774998
-4.4132233 5.8016529 0.72737497
-4.4132233 5.8016529 0.82699996
-4.4132233 5.8016529 0.92662495
-4.4132233 5.7024794 0.4285
-4.4132233 5.7024794 0.62774998
-4.4132233 5.7024794 0.72737497
-4.4132233 5.7024794 0.82699996
-4.4132233 5.7024794 0.92662495
-4.4132233 5.6033058 0.4285
-4.4132233 5.6033058 0.62774998
-4.4132233 5.6033058 0.72737497
-4.4132233 5.6033058 0.92662495
-4.4132233 5.5041323 0.029999999
-4.4132233 5.5041323 0.12962499
-4.4132233 5.5041323 0.22925
-4.4132233 5.5041323 0.32887501
-4.4132233 5.5041323 0.4285
-4.4132233 5.5041323 0.52812499
-4.4132233 5.5041323 0.62774998
-4.4132233 5.5041323 0.72737497
-4.4132233 5.5041323 0.92662495
-4.4132233 5.4049587 0.029999999
-4.4132233 5.4049587 0.12962499
-4.4132233 5.4049587 0.22925
-4.4132233 5.4049587 0.32887501
-4.4132233 5.4049587 0.4285
-4.4132233 5.4049587 0.52812499
-4.4132233 5.4049587 0.62774998
-4.4132233 5.4049587 0.72737497
-4.4132233 5.4049587 0.92662495
-4.4132233 5.3057852 0.62774998
-4.4132233 5.3057852 0.92662495
-4.4132233 5.2066116 0.62774998
-4.4132233 5.2066116 0.92662495
-4.4132233 5.1074381 0.62774998
-4.4132233 5.1074381 0.92662495
-4.4132233 5.0082645 0.62774998
-4.4132233 5.0082645 0.92662495
-4.4132233 4.909091 0.62774998
-4.4132233 4.909091 0.72737497
-4.4132233 4.909091 0.82699996
-4.4132233 4.909091 0.92662495
-4.4132233 2.6280992 0.62774998
-4.4132233 2.6280992 0.72737497
-4.4132233 2.6280992 0.82699996
-4.4132233 2.5289257 0.52812499
-4.4132233 2.5289257 0.62774998
-4.4132233 2.5289257 0.72737497
-4.4132233 2.5289257 0.82699996
-4.4132233 2.4297521 0.52812499
-4.4132233 2.4297521 0.82699996
-4.4132233 2.3305786 0.52812499
-4.4132233 2.3305786 0.62774998
-4.4132233 2.3305786 0.72737497
-4.4132233 2.3305786 0.82699996
-4.4132233 2.231405 0.52812499
-4.4132233 2.231405 0.62774998
-4.4132233 2.231405 0.72737497
-4.4132233 2.231405 0.82699996
-4.4132233 2.231405 0.92662495
-4.4132233 2.231405 1.02625
-4.4132233 2.1322315 0.52812499
-4.4132233 2.1322315 0.72737497
-4.4132233 2.1322315 0.82699996
-4.4132233 2.1322315 1.02625
-4.4132233 2.0330579 0.52812499
-4.4132233 2.0330579 0.62774998
-4.4132233 2.0330579 0.72737497
-4.4132233 2.0330579 1.02625
-4.4132233 1.9338841 0.72737497
-4.4132233 1.9338841 1.02625
-4.4132233 1.8347106 0.82699996
-4.4132233 1.8347106 0.92662495
-4.4132233 1.8347106 1.02625
-4.4132233 -2.0330582 0.029999999
-4.4132233 -2.0330582 0.12962499
-4.4132233 -2.0330582 0.22925
-4.4132233 -2.0330582 0.32887501
-4.4132233 -2.0330582 0.4285
-4.4132233 -2.1322317 0.029999999
-4.4132233 -2.1322317 0.12962499
-4.4132233 -2.1322317 0.22925
-4.4132233 -2.1322317 0.32887501
-4.4132233 -2.1322317 0.4285
-4.4132233 -2.1322317 0.52812499
-4.4132233 -2.1322317 0.62774998
-4.4132233 -2.1322317 0.72737497
-4.4132233 -2.2314053 0.029999999
-4.4132233 -2.2314053 0.12962499
-4.4132233 -2.2314053 0.22925
-4.4132233 -2.2314053 0.32887501
-4.4132233 -2.2314053 0.4285
-4.4132233 -2.2314053 0.52812499
-4.4132233 -2.2314053 0.62774998
-4.4132233 -2.2314053 0.72737497
-4.4132233 -2.3305788 0.029999999
-4.4132233 -2.3305788 0.12962499
-4.4132233 -2.3305788 0.22925
-4.4132233 -2.3305788 0.32887501
-4.4132233 -2.3305788 0.4285
-4.4132233 -2.3305788 0.52812499
-4.4132233 -2.3305788 0.62774998
-4.4132233 -2.3305788 0.72737497
-4.4132233 -2.727273 0.4285
-4.4132233 -2.727273 0.52812499
-4.4132233 -2.727273 0.62774998
-4.4132233 -2.727273 0.72737497
-4.4132233 -2.727273 0.82699996
-4.4132233 -2.8264465 0.4285
-4.4132233 -2.8264465 0.52812499
-4.4132233 -2.8264465 0.72737497
-4.4132233 -2.8264465 0.82699996
-4.4132233 -2.9256201 0.4285
-4.4132233 -2.9256201 0.52812499
-4.4132233 -2.9256201 0.62774998
-4.4132233 -2.9256201 0.72737497
-4.4132233 -2.9256201 0.82699996
-4.4132233 -3.0247936 0.52812499
-4.4132233 -3.0247936 0.62774998
-4.4132233 -3.0247936 0.72737497
-4.4132233 -3.3223143 0.72737497
-4.4132233 -3.3223143 0.82699996
-4.4132233 -3.3223143 0.92662495
-4.4132233 -3.4214878 0.62774998
-4.4132233 -3.4214878 0.72737497
-4.4132233 -3.4214878 0.82699996
-4.4132233 -3.4214878 0.92662495
-4.4132233 -3.4214878 1.02625
-4.4132233 -3.5206614 0.32887501
-4.4132233 -3.5206614 0.4285
-4.4132233 -3.5206614 0.52812499
-4.4132233 -3.5206614 0.62774998
-4.4132233 -3.5206614 0.72737497
-4.4132233 -3.5206614 0.92662495
-4.4132233 -3.5206614 1.02625
-4.4132233 -3.6198349 0.32887501
-4.4132233 -3.6198349 0.62774998
-4.4132233 -3.6198349 0.72737497
-4.4132233 -3.6198349 0.92662495
-4.4132233 -3.6198349 1.02625
-4.4132233 -3.7190084 0.32887501
-4.4132233 -3.7190084 0.62774998
-4.4132233 -3.7190084 0.72737497
-4.4132233 -3.7190084 0.92662495
-4.4132233 -3.7190084 1.02625
-4.4132233 -3.818182 0.4285
-4.4132233 -3.818182 0.52812499
-4.4132233 -3.818182 0.62774998
-4.4132233 -3.818182 0.72737497
-4.4132233 -3.818182 0.82699996
-4.4132233 -3.818182 0.92662495
-4.4132233 -3.818182 1.02625
-4.4132233 -3.9173555 0.4285
-4.4132233 -3.9173555 0.72737497
-4.4132233 -4.0165291 0.4285
-4.4132233 -4.0165291 0.72737497
-4.4132233 -4.1157026 0.4285
-4.4132233 -4.1157026 0.72737497
-4.4132233 -4.1157026 0.82699996
-4.4132233 -4.1157026 0.92662495
-4.4132233 -4.1157026 1.02625
-4.4132233 -4.2148762 0.4285
-4.4132233 -4.2148762 0.72737497
-4.4132233 -4.2148762 0.82699996
-4.4132233 -4.2148762 1.125875
-4.4132233 -4.3140497 0.4285
-4.4132233 -4.3140497 0.72737497
-4.4132233 -4.3140497 0.82699996
-4.4132233 -4.3140497 1.125875
-4.4132233 -4.4132233 0.4285
-4.4132233 -4.4132233 0.72737497
-4.4132233 -4.4132233 0.82699996
-4.4132233 -4.4132233 0.92662495
-4.4132233 -4.4132233 1.02625
-4.4132233 -4.4132233 1.125875
-4.4132233 -4.5123968 0.4285
-4.4132233 -4.5123968 0.62774998
-4.4132233 -4.5123968 0.72737497
-4.4132233 -4.5123968 0.92662495
-4.4132233 -4.6115704 0.4285
-4.4132233 -4.6115704 0.62774998
-4.4132233 -4.6115704 0.72737497
-4.4132233 -4.6115704 0.92662495
-4.4132233 -4.7107439 0.4285
-4.4132233 -4.7107439 0.62774998
-4.4132233 -4.7107439 0.72737497
-4.4132233 -4.7107439 0.82699996
-4.4132233 -4.7107439 0.92662495
-4.4132233 -4.8099174 0.4285
-4.4132233 -4.8099174 0.72737497
-4.4132233 -4.909091 0.4285
-4.4132233 -4.909091 0.52812499
-4.4132233 -4.909091 0.62774998
-4.4132233 -4.909091 0.72737497
-4.4132233 -5.0082645 0.4285
-4.4132233 -5.0082645 0.52812499
-4.4132233 -5.0082645 0.62774998
-4.4132233 -5.0082645 0.72737497
-4.4132233 -5.1074381 0.4285
-4.4132233 -5.1074381 0.52812499
-4.4132233 -5.1074381 0.62774998
-4.4132233 -5.1074381 0.72737497
-4.4132233 -5.2066116 0.4285
-4.4132233 -5.2066116 0.52812499
-4.4132233 -5.2066116 0.62774998
-4.4132233 -5.3057852 0.82699996
-4.4132233 -5.3057852 0.92662495
-4.4132233 -5.3057852 1.02625
-4.4132233 -5.4049587 0.029999999
-4.4132233 -5.4049587 0.12962499
-4.4132233 -5.4049587 0.22925
-4.4132233 -5.4049587 0.32887501
-4.4132233 -5.4049587 0.4285
-4.4132233 -5.4049587 0.52812499
-4.4132233 -5.4049587 0.62774998
-4.4132233 -5.4049587 0.82699996
-4.4132233 -5.4049587 1.125875
-4.4132233 -5.5041323 0.029999999
-4.4132233 -5.5041323 0.12962499
-4.4132233 -5.5041323 0.22925
-4.4132233 -5.5041323 0.32887501
-4.4132233 -5.5041323 0.4285
-4.4132233 -5.5041323 0.52812499
-4.4132233 -5.5041323 0.62774998
-4.4132233 -5.5041323 0.82699996
-4.4132233 -5.5041323 1.125875
-4.4132233 -5.6033058 0.029999999
-4.4132233 -5.6033058 0.12962499
-4.4132233 -5.6033058 0.22925
-4.4132233 -5.6033058 0.32887501
-4.4132233 -5.6033058 0.4285
-4.4132233 -5.6033058 0.52812499
-4.4132233 -5.6033058 0.62774998
-4.4132233 -5.6033058 0.82699996
-4.4132233 -5.6033058 1.125875
-4.4132233 -5.7024794 0.82699996
-4.4132233 -5.7024794 0.92662495
-4.4132233 -5.7024794 1.02625
-4.4132233 -5.7024794 1.125875
-4.3140497 6 0.62774998
-4.3140497 6 0.92662495
-4.3140497 5.9008265 0.4285
-4.3140497 5.9008265 0.52812499
-4.3140497 5.9008265 0.62774998
-4.3140497 5.9008265 0.72737497
-4.3140497 5.9008265 0.92662495
-4.3140497 5.8016529 0.4285
-4.3140497 5.8016529 0.62774998
-4.3140497 5.8016529 0.72737497
-4.3140497 5.8016529 0.92662495
-4.3140497 5.7024794 0.4285
-4.3140497 5.7024794 0.62774998
-4.3140497 5.7024794 0.72737497
-4.3140497 5.7024794 0.92662495
-4.3140497 5.6033058 0.4285
-4.3140497 5.6033058 0.62774998
-4.3140497 5.6033058 0.72737497
-4.3140497 5.6033058 0.92662495
-4.3140497 5.5041323 0.4285
-4.3140497 5.5041323 0.52812499
-4.3140497 5.5041323 0.62774998
-4.3140497 5.5041323 0.72737497
-4.3140497 5.5041323 0.92662495
-4.3140497 5.4049587 0.4285
-4.3140497 5.4049587 0.52812499
-4.3140497 5.4049587 0.62774998
-4.3140497 5.4049587 0.72737497
-4.3140497 5.4049587 0.92662495
-4.3140497 5.3057852 0.62774998
-4.3140497 5.3057852 0.92662495
-4.3140497 5.2066116 0.62774998
-4.3140497 5.2066116 0.72737497
-4.3140497 5.2066116 0.82699996
-4.3140497 5.2066116 0.92662495
-4.3140497 5.1074381 0.62774998
-4.3140497 5.1074381 0.72737497
-4.3140497 5.1074381 0.82699996
-4.3140497 5.1074381 0.92662495
-4.3140497 5.0082645 0.72737497
-4.3140497 5.0082645 0.82699996
-4.3140497 5.0082645 0.92662495
-4.3140497 4.909091 0.72737497
-4.3140497 4.909091 0.82699996
-4.3140497 4.909091 0.92662495
-4.3140497 2.7272727 0.62774998
-4.3140497 2.7272727 0.72737497
-4.3140497 2.7272727 0.82699996
-4.3140497 2.6280992 0.52812499
-4.3140497 2.6280992 0.62774998
-4.3140497 2.6280992 0.72737497
-4.3140497 2.6280992 0.82699996
-4.3140497 2.5289257 0.52812499
-4.3140497 2.5289257 0.82699996
-4.3140497 2.4297521 0.52812499
-4.3140497 2.4297521 0.62774998
-4.3140497 2.4297521 0.72737497
-4.3140497 2.4297521 0.82699996
-4.3140497 2.3305786 0.52812499
-4.3140497 2.3305786 0.72737497
-4.3140497 2.3305786 0.82699996
-4.3140497 2.3305786 0.92662495
-4.3140497 2.3305786 1.02625
-4.3140497 2.231405 0.52812499
-4.3140497 2.231405 0.62774998
-4.3140497 2.231405 0.72737497
-4.3140497 2.231405 0.82699996
-4.3140497 2.231405 1.02625
-4.3140497 2.1322315 0.52812499
-4.3140497 2.1322315 0.62774998
-4.3140497 2.1322315 0.72737497
-4.3140497 2.1322315 0.82699996
-4.3140497 2.1322315 1.02625
-4.3140497 2.0330579 0.52812499
-4.3140497 2.0330579 0.62774998
-4.3140497 2.0330579 0.72737497
-4.3140497 2.0330579 1.02625
-4.3140497 1.9338841 0.82699996
-4.3140497 1.9338841 0.92662495
-4.3140497 1.9338841 1.02625
-4.3140497 -2.6280994 0.52812499
-4.3140497 -2.6280994 0.62774998
-4.3140497 -2.6280994 0.72737497
-4.3140497 -2.727273 0.4285
-4.3140497 -2.727273 0.52812499
-4.3140497 -2.727273 0.72737497
-4.3140497 -2.727273 0.82699996
-4.3140497 -2.8264465 0.4285
-4.3140497 -2.8264465 0.52812499
-4.3140497 -2.8264465 0.72737497
-4.3140497 -2.8264465 0.82699996
-4.3140497 -2.9256201 0.4285
-4.3140497 -2.9256201 0.52812499
-4.3140497 -2.9256201 0.62774998
-4.3140497 -2.9256201 0.72737497
-4.3140497 -2.9256201 0.82699996
-4.3140497 -3.0247936 0.52812499
-4.3140497 -3.0247936 0.62774998
-4.3140497 -3.0247936 0.72737497
-4.3140497 -3.2231407 0.72737497
-4.3140497 -3.2231407 0.82699996
-4.3140497 -3.2231407 0.92662495
-4.3140497 -3.3223143 0.62774998
-4.3140497 -3.3223143 0.72737497
-4.3140497 -3.3223143 0.82699996
-4.3140497 -3.3223143 0.92662495
-4.3140497 -3.3223143 1.02625
-4.3140497 -3.4214878 0.62774998
-4.3140497 -3.4214878 0.72737497
-4.3140497 -3.4214878 0.92662495
-4.3140497 -3.4214878 1.02625
-4.3140497 -3.5206614 0.32887501
-4.3140497 -3.5206614 0.4285
-4.3140497 -3.5206614 0.52812499
-4.3140497 -3.5206614 0.62774998
-4.3140497 -3.5206614 0.72737497
-4.3140497 -3.5206614 0.92662495
-4.3140497 -3.5206614 1.02625
-4.3140497 -3.6198349 0.32887501
-4.3140497 -3.6198349 0.4285
-4.3140497 -3.6198349 0.52812499
-4.3140497 -3.6198349 0.62774998
-4.3140497 -3.6198349 0.72737497
-4.3140497 -3.6198349 0.92662495
-4.3140497 -3.6198349 1.02625
-4.3140497 -3.7190084 0.32887501
-4.3140497 -3.7190084 0.4285
-4.3140497 -3.7190084 0.52812499
-4.3140497 -3.7190084 0.62774998
-4.3140497 -3.7190084 0.72737497
-4.3140497 -3.7190084 0.82699996
-4.3140497 -3.7190084 0.92662495
-4.3140497 -3.818182 0.4285
-4.3140497 -3.818182 0.52812499
-4.3140497 -3.818182 0.62774998
-4.3140497 -3.9173555 0.4285
-4.3140497 -3.9173555 0.72737497
-4.3140497 -4.0165291 0.4285
-4.3140497 -4.0165291 0.72737497
-4.3140497 -4.1157026 0.4285
-4.3140497 -4.1157026 0.72737497
-4.3140497 -4.1157026 0.82699996
-4.3140497 -4.1157026 0.92662495
-4.3140497 -4.1157026 1.02625
-4.3140497 -4.2148762 0.4285
-4.3140497 -4.2148762 0.72737497
-4.3140497 -4.2148762 0.82699996
-4.3140497 -4.2148762 1.125875
-4.3140497 -4.3140497 0.4285
-4.3140497 -4.3140497 0.52812499
-4.3140497 -4.3140497 0.62774998
-4.3140497 -4.3140497 0.72737497
-4.3140497 -4.3140497 0.82699996
-4.3140497 -4.3140497 1.125875
-4.3140497 -4.4132233 0.4285
-4.3140497 -4.4132233 0.52812499
-4.3140497 -4.4132233 0.62774998
-4.3140497 -4.4132233 0.72737497
-4.3140497 -4.4132233 0.82699996
-4.3140497 -4.4132233 0.92662495
-4.3140497 -4.4132233 1.02625
-4.3140497 -4.4132233 1.125875
-4.3140497 -4.5123968 0.4285
-4.3140497 -4.5123968 0.52812499
-4.3140497 -4.5123968 0.62774998
-4.3140497 -4.5123968 0.72737497
-4.3140497 -4.5123968 0.92662495
-4.3140497 -4.6115704 0.4285
-4.3140497 -4.6115704 0.52812499
-4.3140497 -4.6115704 0.62774998
-4.3140497 -4.6115704 0.92662495
-4.3140497 -4.7107439 0.4285
-4.3140497 -4.7107439 0.52812499
-4.3140497 -4.7107439 0.62774998
-4.3140497 -4.7107439 0.72737497
-4.3140497 -4.7107439 0.82699996
-4.3140497 -4.7107439 0.92662495
-4.3140497 -4.8099174 0.4285
-4.3140497 -4.8099174 0.52812499
-4.3140497 -4.8099174 0.62774998
-4.3140497 -5.2066116 0.82699996
-4.3140497 -5.2066116 0.92662495
-4.3140497 -5.2066116 1.02625
-4.3140497 -5.3057852 0.82699996
-4.3140497 -5.3057852 1.125875
-4.3140497 -5.4049587 0.029999999
-4.3140497 -5.4049587 0.12962499
-4.3140497 -5.4049587 0.22925
-4.3140497 -5.4049587 0.32887501
-4.3140497 -5.4049587 0.4285
-4.3140497 -5.4049587 0.52812499
-4.3140497 -5.4049587 0.62774998
-4.3140497 -5.4049587 0.82699996
-4.3140497 -5.4049587 1.125875
-4.3140497 -5.5041323 0.029999999
-4.3140497 -5.5041323 0.52812499
-4.3140497 -5.5041323 0.62774998
-4.3140497 -5.5041323 0.82699996
-4.3140497 -5.5041323 1.125875
-4.3140497 -5.6033058 0.029999999
-4.3140497 -5.6033058 0.12962499
-4.3140497 -5.6033058 0.22925
-4.3140497 -5.6033058 0.32887501
-4.3140497 -5.6033058 0.4285
-4.3140497 -5.6033058 0.52812499
-4.3140497 -5.6033058 0.62774998
-4.3140497 -5.6033058 0.82699996
-4.3140497 -5.6033058 0.92662495
-4.3140497 -5.6033058 1.02625
-4.3140497 -5.6033058 1.125875
-4.2148762 6 0.62774998
-4.2148762 6 0.92662495
-4.2148762 5.9008265 0.4285
-4.2148762 5.9008265 0.52812499
-4.2148762 5.9008265 0.62774998
-4.2148762 5.9008265 0.92662495
-4.2148762 5.8016529 0.4285
-4.2148762 5.8016529 0.52812499
-4.2148762 5.8016529 0.62774998
-4.2148762 5.8016529 0.92662495
-4.2148762 5.7024794 0.4285
-4.2148762 5.7024794 0.52812499
-4.2148762 5.7024794 0.62774998
-4.2148762 5.7024794 0.92662495
-4.2148762 5.6033058 0.4285
-4.2148762 5.6033058 0.52812499
-4.2148762 5.6033058 0.62774998
-4.2148762 5.6033058 0.72737497
-4.2148762 5.6033058 0.82699996
-4.2148762 5.6033058 0.92662495
-4.2148762 5.5041323 0.4285
-4.2148762 5.5041323 0.52812499
-4.2148762 5.5041323 0.62774998
-4.2148762 5.5041323 0.72737497
-4.2148762 5.5041323 0.82699996
-4.2148762 5.5041323 0.92662495
-4.2148762 5.4049587 0.4285
-4.2148762 5.4049587 0.52812499
-4.2148762 5.4049587 0.62774998
-4.2148762 5.4049587 0.72737497
-4.2148762 5.4049587 0.82699996
-4.2148762 5.4049587 0.92662495
-4.2148762 5.3057852 0.72737497
-4.2148762 5.3057852 0.82699996
-4.2148762 5.3057852 0.92662495
-4.2148762 2.7272727 0.52812499
-4.2148762 2.7272727 0.62774998
-4.2148762 2.7272727 0.72737497
-4.2148762 2.7272727 0.82699996
-4.2148762 2.6280992 0.52812499
-4.2148762 2.6280992 0.82699996
-4.2148762 2.5289257 0.52812499
-4.2148762 2.5289257 0.82699996
-4.2148762 2.4297521 0.52812499
-4.2148762 2.4297521 0.62774998
-4.2148762 2.4297521 0.72737497
-4.2148762 2.4297521 0.82699996
-4.2148762 2.4297521 0.92662495
-4.2148762 2.4297521 1.02625
-4.2148762 2.3305786 0.52812499
-4.2148762 2.3305786 0.62774998
-4.2148762 2.3305786 0.72737497
-4.2148762 2.3305786 0.82699996
-4.2148762 2.3305786 1.02625
-4.2148762 2.231405 0.52812499
-4.2148762 2.231405 0.72737497
-4.2148762 2.231405 0.82699996
-4.2148762 2.231405 1.02625
-4.2148762 2.1322315 0.52812499
-4.2148762 2.1322315 0.62774998
-4.2148762 2.1322315 0.72737497
-4.2148762 2.1322315 0.82699996
-4.2148762 2.1322315 1.02625
-4.2148762 2.0330579 0.82699996
-4.2148762 2.0330579 0.92662495
-4.2148762 2.0330579 1.02625
-4.2148762 -2.5289259 0.52812499
-4.2148762 -2.5289259 0.62774998
-4.2148762 -2.5289259 0.72737497
-4.2148762 -2.6280994 0.4285
-4.2148762 -2.6280994 0.52812499
-4.2148762 -2.6280994 0.62774998
-4.2148762 -2.6280994 0.72737497
-4.2148762 -2.6280994 0.82699996
-4.2148762 -2.727273 0.4285
-4.2148762 -2.727273 0.52812499
-4.2148762 -2.727273 0.72737497
-4.2148762 -2.727273 0.82699996
-4.2148762 -2.8264465 0.4285
-4.2148762 -2.8264465 0.52812499
-4.2148762 -2.8264465 0.72737497
-4.2148762 -2.8264465 0.82699996
-4.2148762 -2.9256201 0.52812499
-4.2148762 -2.9256201 0.62774998
-4.2148762 -2.9256201 0.72737497
-4.2148762 -3.2231407 0.72737497
-4.2148762 -3.2231407 0.82699996
-4.2148762 -3.2231407 0.92662495
-4.2148762 -3.3223143 0.62774998
-4.2148762 -3.3223143 0.72737497
-4.2148762 -3.3223143 0.92662495
-4.2148762 -3.3223143 1.02625
-4.2148762 -3.4214878 0.62774998
-4.2148762 -3.4214878 0.72737497
-4.2148762 -3.4214878 0.92662495
-4.2148762 -3.4214878 1.02625
-4.2148762 -3.5206614 0.62774998
-4.2148762 -3.5206614 0.72737497
-4.2148762 -3.5206614 0.92662495
-4.2148762 -3.5206614 1.02625
-4.2148762 -3.6198349 0.72737497
-4.2148762 -3.6198349 0.82699996
-4.2148762 -3.6198349 0.92662495
-4.2148762 -3.818182 0.4285
-4.2148762 -3.818182 0.52812499
-4.2148762 -3.818182 0.62774998
-4.2148762 -3.9173555 0.4285
-4.2148762 -3.9173555 0.52812499
-4.2148762 -3.9173555 0.62774998
-4.2148762 -3.9173555 0.72737497
-4.2148762 -4.0165291 0.4285
-4.2148762 -4.0165291 0.52812499
-4.2148762 -4.0165291 0.62774998
-4.2148762 -4.0165291 0.72737497
-4.2148762 -4.1157026 0.4285
-4.2148762 -4.1157026 0.52812499
-4.2148762 -4.1157026 0.62774998
-4.2148762 -4.1157026 0.82699996
-4.2148762 -4.1157026 0.92662495
-4.2148762 -4.1157026 1.02625
-4.2148762 -4.2148762 0.4285
-4.2148762 -4.2148762 0.52812499
-4.2148762 -4.2148762 0.62774998
-4.2148762 -4.2148762 0.82699996
-4.2148762 -4.2148762 1.125875
-4.2148762 -4.3140497 0.4285
-4.2148762 -4.3140497 0.52812499
-4.2148762 -4.3140497 0.62774998
-4.2148762 -4.3140497 0.82699996
-4.2148762 -4.3140497 1.125875
-4.2148762 -4.4132233 0.62774998
-4.2148762 -4.4132233 0.72737497
-4.2148762 -4.4132233 0.82699996
-4.2148762 -4.4132233 0.92662495
-4.2148762 -4.4132233 1.02625
-4.2148762 -4.4132233 1.125875
-4.2148762 -4.5123968 0.62774998
-4.2148762 -4.5123968 0.92662495
-4.2148762 -4.6115704 0.62774998
-4.2148762 -4.6115704 0.92662495
-4.2148762 -4.7107439 0.62774998
-4.2148762 -4.7107439 0.72737497
-4.2148762 -4.7107439 0.82699996
-4.2148762 -4.7107439 0.92662495
-4.2148762 -5.2066116 0.82699996
-4.2148762 -5.2066116 0.92662495
-4.2148762 -5.2066116 1.02625
-4.2148762 -5.2066116 1.125875
-4.2148762 -5.3057852 0.82699996
-4.2148762 -5.3057852 1.125875
-4.2148762 -5.4049587 0.029999999
-4.2148762 -5.4049587 0.12962499
-4.2148762 -5.4049587 0.22925
-4.2148762 -5.4049587 0.32887501
-4.2148762 -5.4049587 0.4285
-4.2148762 -5.4049587 0.52812499
-4.2148762 -5.4049587 0.62774998
-4.2148762 -5.4049587 0.82699996
-4.2148762 -5.4049587 1.125875
-4.2148762 -5.5041323 0.029999999
-4.2148762 -5.5041323 0.52812499
-4.2148762 -5.5041323 0.62774998
-4.2148762 -5.5041323 0.82699996
-4.2148762 -5.5041323 0.92662495
-4.2148762 -5.5041323 1.02625
-4.2148762 -5.5041323 1.125875
-4.2148762 -5.6033058 0.029999999
-4.2148762 -5.6033058 0.12962499
-4.2148762 -5.6033058 0.22925
-4.2148762 -5.6033058 0.32887501
-4.2148762 -5.6033058 0.4285
-4.2148762 -5.6033058 0.52812499
-4.2148762 -5.6033058 0.62774998
-4.2148762 -5.6033058 0.82699996
-4.2148762 -5.6033058 0.92662495
-4.2148762 -5.6033058 1.02625
-4.1157026 6 0.62774998
-4.1157026 6 0.72737497
-4.1157026 6 0.82699996
-4.1157026 6 0.92662495
-4.1157026 5.9008265 0.62774998
-4.1157026 5.9008265 0.72737497
-4.1157026 5.9008265 0.82699996
-4.1157026 5.9008265 0.92662495
-4.1157026 5.8016529 0.72737497
-4.1157026 5.8016529 0.82699996
-4.1157026 5.8016529 0.92662495
-4.1157026 5.7024794 0.72737497
-4.1157026 5.7024794 0.82699996
-4.1157026 5.7024794 0.92662495
-4.1157026 3.2231405 0.029999999
-4.1157026 3.2231405 0.12962499
-4.1157026 3.2231405 0.22925
-4.1157026 3.2231405 0.32887501
-4.1157026 3.2231405 0.4285
-4.1157026 3.2231405 0.52812499
-4.1157026 3.2231405 0.62774998
-4.1157026 3.2231405 0.72737497
-4.1157026 3.1239669 0.029999999
-4.1157026 3.1239669 0.12962499
-4.1157026 3.1239669 0.22925
-4.1157026 3.1239669 0.32887501
-4.1157026 3.1239669 0.4285
-4.1157026 3.1239669 0.52812499
-4.1157026 3.1239669 0.62774998
-4.1157026 3.1239669 0.72737497
-4.1157026 3.0247934 0.029999999
-4.1157026 3.0247934 0.12962499
-4.1157026 3.0247934 0.22925
-4.1157026 3.0247934 0.32887501
-4.1157026 3.0247934 0.4285
-4.1157026 3.0247934 0.52812499
-4.1157026 3.0247934 0.62774998
-4.1157026 3.0247934 0.72737497
-4.1157026 2.9256198 0.029999999
-4.1157026 2.9256198 0.12962499
-4.1157026 2.9256198 0.22925
-4.1157026 2.9256198 0.32887501
-4.1157026 2.9256198 0.4285
-4.1157026 2.9256198 0.52812499
-4.1157026 2.9256198 0.62774998
-4.1157026 2.9256198 0.72737497
-4.1157026 2.7272727 0.62774998
-4.1157026 2.7272727 0.72737497
-4.1157026 2.7272727 0.82699996
-4.1157026 2.6280992 0.52812499
-4.1157026 2.6280992 0.82699996
-4.1157026 2.5289257 0.52812499
-4.1157026 2.5289257 0.62774998
-4.1157026 2.5289257 0.72737497
-4.1157026 2.5289257 0.82699996
-4.1157026 2.4297521 0.52812499
-4.1157026 2.4297521 0.62774998
-4.1157026 2.4297521 0.72737497
-4.1157026 2.4297521 0.82699996
-4.1157026 2.3305786 0.52812499
-4.1157026 2.3305786 0.82699996
-4.1157026 2.3305786 0.92662495
-4.1157026 2.3305786 1.02625
-4.1157026 2.231405 0.52812499
-4.1157026 2.231405 0.72737497
-4.1157026 2.231405 0.82699996
-4.1157026 2.231405 1.02625
-4.1157026 2.1322315 0.52812499
-4.1157026 2.1322315 0.62774998
-4.1157026 2.1322315 0.72737497
-4.1157026 2.1322315 0.82699996
-4.1157026 2.1322315 0.92662495
-4.1157026 2.1322315 1.02625
-4.1157026 -2.5289259 0.4285
-4.1157026 -2.5289259 0.52812499
-4.1157026 -2.5289259 0.62774998
-4.1157026 -2.5289259 0.72737497
-4.1157026 -2.5289259 0.82699996
-4.1157026 -2.6280994 0.4285
-4.1157026 -2.6280994 0.52812499
-4.1157026 -2.6280994 0.72737497
-4.1157026 -2.6280994 0.82699996
-4.1157026 -2.727273 0.4285
-4.1157026 -2.727273 0.52812499
-4.1157026 -2.727273 0.72737497
-4.1157026 -2.727273 0.82699996
-4.1157026 -2.8264465 0.4285
-4.1157026 -2.8264465 0.52812499
-4.1157026 -2.8264465 0.62774998
-4.1157026 -2.8264465 0.72737497
-4.1157026 -2.8264465 0.82699996
-4.1157026 -3.3223143 0.72737497
-4.1157026 -3.3223143 0.82699996
-4.1157026 -3.3223143 0.92662495
-4.1157026 -3.4214878 0.62774998
-4.1157026 -3.4214878 0.72737497
-4.1157026 -3.4214878 0.92662495
-4.1157026 -3.4214878 1.02625
-4.1157026 -3.5206614 0.72737497
-4.1157026 -3.5206614 0.82699996
-4.1157026 -3.5206614 0.92662495
-4.1157026 -4.1157026 0.82699996
-4.1157026 -4.1157026 0.92662495
-4.1157026 -4.1157026 1.02625
-4.1157026 -4.2148762 0.82699996
-4.1157026 -4.2148762 1.125875
-4.1157026 -4.3140497 0.82699996
-4.1157026 -4.3140497 1.125875
-4.1157026 -4.4132233 0.82699996
-4.1157026 -4.4132233 0.92662495
-4.1157026 -4.4132233 1.02625
-4.1157026 -4.4132233 1.125875
-4.1157026 -4.5123968 0.72737497
-4.1157026 -4.5123968 0.82699996
-4.1157026 -4.5123968 0.92662495
-4.1157026 -4.6115704 0.72737497
-4.1157026 -4.6115704 0.82699996
-4.1157026 -4.6115704 0.92662495
-4.1157026 -5.1074381 0.82699996
-4.1157026 -5.1074381 0.92662495
-4.1157026 -5.1074381 1.02625
-4.1157026 -5.1074381 1.125875
-4.1157026 -5.2066116 0.82699996
-4.1157026 -5.2066116 1.125875
-4.1157026 -5.3057852 0.82699996
-4.1157026 -5.3057852 1.125875
-4.1157026 -5.4049587 0.029999999
-4.1157026 -5.4049587 0.12962499
-4.1157026 -5.4049587 0.22925
-4.1157026 -5.4049587 0.32887501
-4.1157026 -5.4049587 0.4285
-4.1157026 -5.4049587 0.52812499
-4.1157026 -5.4049587 0.82699996
-4.1157026 -5.4049587 1.125875
-4.1157026 -5.5041323 0.029999999
-4.1157026 -5.5041323 0.12962499
-4.1157026 -5.5041323 0.22925
-4.1157026 -5.5041323 0.32887501
-4.1157026 -5.5041323 0.4285
-4.1157026 -5.5041323 0.52812499
-4.1157026 -5.5041323 0.82699996
-4.1157026 -5.5041323 0.92662495
-4.1157026 -5.5041323 1.02625
-4.1157026 -5.6033058 0.029999999
-4.1157026 -5.6033058 0.12962499
-4.1157026 -5.6033058 0.22925
-4.1157026 -5.6033058 0.32887501
-4.1157026 -5.6033058 0.4285
-4.1157026 -5.6033058 0.52812499
-4.0165291 6 0.72737497
-4.0165291 6 0.82699996
-4.0165291 6 0.92662495
-4.0165291 3.2231405 0.029999999
-4.0165291 3.2231405 0.12962499
-4.0165291 3.2231405 0.22925
-4.0165291 3.2231405 0.32887501
-4.0165291 3.2231405 0.4285
-4.0165291 3.2231405 0.52812499
-4.0165291 3.2231405 0.62774998
-4.0165291 3.2231405 0.72737497
-4.0165291 3.1239669 0.029999999
-4.0165291 3.1239669 0.72737497
-4.0165291 3.0247934 0.029999999
-4.0165291 3.0247934 0.72737497
-4.0165291 2.9256198 0.029999999
-4.0165291 2.9256198 0.12962499
-4.0165291 2.9256198 0.22925
-4.0165291 2.9256198 0.32887501
-4.0165291 2.9256198 0.4285
-4.0165291 2.9256198 0.52812499
-4.0165291 2.9256198 0.62774998
-4.0165291 2.9256198 0.72737497
-4.0165291 2.8264463 0.62774998
-4.0165291 2.8264463 0.72737497
-4.0165291 2.8264463 0.82699996
-4.0165291 2.7272727 0.62774998
-4.0165291 2.7272727 0.72737497
-4.0165291 2.7272727 0.82699996
-4.0165291 2.6280992 0.62774998
-4.0165291 2.6280992 0.72737497
-4.0165291 2.6280992 0.82699996
-4.0165291 2.5289257 0.62774998
-4.0165291 2.5289257 0.72737497
-4.0165291 2.5289257 0.82699996
-4.0165291 2.4297521 0.52812499
-4.0165291 2.4297521 0.62774998
-4.0165291 2.4297521 0.72737497
-4.0165291 2.4297521 0.82699996
-4.0165291 2.3305786 0.52812499
-4.0165291 2.3305786 0.62774998
-4.0165291 2.3305786 0.72737497
-4.0165291 2.3305786 0.82699996
-4.0165291 2.231405 0.52812499
-4.0165291 2.231405 0.62774998
-4.0165291 2.231405 0.72737497
-4.0165291 2.231405 0.82699996
-4.0165291 2.231405 0.92662495
-4.0165291 2.231405 1.02625
-4.0165291 2.1322315 0.52812499
-4.0165291 2.1322315 0.62774998
-4.0165291 2.1322315 0.72737497
-4.0165291 -2.4297523 0.52812499
-4.0165291 -2.4297523 0.62774998
-4.0165291 -2.4297523 0.72737497
-4.0165291 -2.5289259 0.4285
-4.0165291 -2.5289259 0.52812499
-4.0165291 -2.5289259 0.72737497
-4.0165291 -2.5289259 0.82699996
-4.0165291 -2.6280994 0.4285
-4.0165291 -2.6280994 0.52812499
-4.0165291 -2.6280994 0.72737497
-4.0165291 -2.6280994 0.82699996
-4.0165291 -2.727273 0.4285
-4.0165291 -2.727273 0.52812499
-4.0165291 -2.727273 0.72737497
-4.0165291 -2.727273 0.82699996
-4.0165291 -2.8264465 0.52812499
-4.0165291 -2.8264465 0.62774998
-4.0165291 -2.8264465 0.72737497
-4.0165291 -3.4214878 0.72737497
-4.0165291 -3.4214878 0.82699996
-4.0165291 -3.4214878 0.92662495
-4.0165291 -4.2148762 0.82699996
-4.0165291 -4.2148762 0.92662495
-4.0165291 -4.2148762 1.02625
-4.0165291 -4.3140497 0.82699996
-4.0165291 -4.3140497 0.92662495
-4.0165291 -4.3140497 1.02625
-4.0165291 -4.4132233 0.82699996
-4.0165291 -4.4132233 0.92662495
-4.0165291 -4.4132233 1.02625
-4.0165291 -5.0082645 0.82699996
-4.0165291 -5.0082645 0.92662495
-4.0165291 -5.0082645 1.02625
-4.0165291 -5.0082645 1.125875
-4.0165291 -5.1074381 0.82699996
-4.0165291 -5.1074381 1.125875
-4.0165291 -5.2066116 0.82699996
-4.0165291 -5.2066116 1.125875
-4.0165291 -5.3057852 0.82699996
-4.0165291 -5.3057852 1.125875
-4.0165291 -5.4049587 0.82699996
-4.0165291 -5.4049587 0.92662495
-4.0165291 -5.4049587 1.02625
-3.9173553 5.6033058 0.029999999
-3.9173553 5.6033058 0.12962499
-3.9173553 5.6033058 0.22925
-3.9173553 5.6033058 0.32887501
-3.9173553 5.6033058 0.4285
-3.9173553 5.6033058 0.52812499
-3.9173553 5.6033058 0.62774998
-3.9173553 5.6033058 0.72737497
-3.9173553 5.5041323 0.029999999
-3.9173553 5.5041323 0.12962499
-3.9173553 5.5041323 0.22925
-3.9173553 5.5041323 0.32887501
-3.9173553 5.5041323 0.4285
-3.9173553 5.5041323 0.52812499
-3.9173553 5.5041323 0.62774998
-3.9173553 5.5041323 0.72737497
-3.9173553 5.4049587 0.029999999
-3.9173553 5.4049587 0.12962499
-3.9173553 5.4049587 0.22925
-3.9173553 5.4049587 0.32887501
-3.9173553 5.4049587 0.4285
-3.9173553 5.4049587 0.52812499
-3.9173553 5.4049587 0.62774998
-3.9173553 5.4049587 0.72737497
-3.9173553 3.2231405 0.029999999
-3.9173553 3.2231405 0.12962499
-3.9173553 3.2231405 0.22925
-3.9173553 3.2231405 0.32887501
-3.9173553 3.2231405 0.4285
-3.9173553 3.2231405 0.52812499
-3.9173553 3.2231405 0.62774998
-3.9173553 3.2231405 0.72737497
-3.9173553 3.2231405 0.82699996
-3.9173553 3.1239669 0.029999999
-3.9173553 3.1239669 0.12962499
-3.9173553 3.1239669 0.22925
-3.9173553 3.1239669 0.32887501
-3.9173553 3.1239669 0.4285
-3.9173553 3.1239669 0.52812499
-3.9173553 3.1239669 0.62774998
-3.9173553 3.1239669 0.72737497
-3.9173553 3.1239669 0.82699996
-3.9173553 3.0247934 0.029999999
-3.9173553 3.0247934 0.12962499
-3.9173553 3.0247934 0.22925
-3.9173553 3.0247934 0.32887501
-3.9173553 3.0247934 0.4285
-3.9173553 3.0247934 0.52812499
-3.9173553 3.0247934 0.62774998
-3.9173553 3.0247934 0.72737497
-3.9173553 3.0247934 0.82699996
-3.9173553 2.9256198 0.029999999
-3.9173553 2.9256198 0.12962499
-3.9173553 2.9256198 0.22925
-3.9173553 2.9256198 0.32887501
-3.9173553 2.9256198 0.4285
-3.9173553 2.9256198 0.52812499
-3.9173553 2.9256198 0.62774998
-3.9173553 2.9256198 0.72737497
-3.9173553 2.9256198 0.82699996
-3.9173553 2.8264463 0.52812499
-3.9173553 2.8264463 0.62774998
-3.9173553 2.8264463 0.72737497
-3.9173553 2.8264463 0.82699996
-3.9173553 2.7272727 0.52812499
-3.9173553 2.7272727 0.82699996
-3.9173553 2.6280992 0.52812499
-3.9173553 2.6280992 0.82699996
-3.9173553 2.5289257 0.52812499
-3.9173553 2.5289257 0.82699996
-3.9173553 2.4297521 0.52812499
-3.9173553 2.4297521 0.82699996
-3.9173553 2.3305786 0.52812499
-3.9173553 2.3305786 0.82699996
-3.9173553 2.231405 0.52812499
-3.9173553 2.231405 0.62774998
-3.9173553 2.231405 0.72737497
-3.9173553 2.231405 0.82699996
-3.9173553 2.1322315 0.62774998
-3.9173553 2.1322315 0.72737497
-3.9173553 2.1322315 0.82699996
-3.9173553 -2.4297523 0.4285
-3.9173553 -2.4297523 0.52812499
-3.9173553 -2.4297523 0.62774998
-3.9173553 -2.4297523 0.72737497
-3.9173553 -2.4297523 0.82699996
-3.9173553 -2.5289259 0.4285
-3.9173553 -2.5289259 0.52812499
-3.9173553 -2.5289259 0.72737497
-3.9173553 -2.5289259 0.82699996
-3.9173553 -2.6280994 0.4285
-3.9173553 -2.6280994 0.52812499
-3.9173553 -2.6280994 0.72737497
-3.9173553 -2.6280994 0.82699996
-3.9173553 -2.727273 0.4285
-3.9173553 -2.727273 0.52812499
-3.9173553 -2.727273 0.62774998
-3.9173553 -2.727273 0.72737497
-3.9173553 -2.727273 0.82699996
-3.9173553 -4.909091 0.82699996
-3.9173553 -4.909091 0.92662495
-3.9173553 -4.909091 1.02625
-3.9173553 -5.0082645 0.82699996
-3.9173553 -5.0082645 1.125875
-3.9173553 -5.1074381 0.82699996
-3.9173553 -5.1074381 1.125875
-3.9173553 -5.2066116 0.82699996
-3.9173553 -5.2066116 1.125875
-3.9173553 -5.3057852 0.82699996
-3.9173553 -5.3057852 0.92662495
-3.9173553 -5.3057852 1.02625
-3.9173553 -5.3057852 1.125875
-3.8181818 5.6033058 0.029999999
-3.8181818 5.6033058 0.12962499
-3.8181818 5.6033058 0.22925
-3.8181818 5.6033058 0.32887501
-3.8181818 5.6033058 0.4285
-3.8181818 5.6033058 0.52812499
-3.8181818 5.6033058 0.62774998
-3.8181818 5.6033058 0.72737497
-3.8181818 5.5041323 0.029999999
-3.8181818 5.5041323 0.12962499
-3.8181818 5.5041323 0.22925
-3.8181818 5.5041323 0.32887501
-3.8181818 5.5041323 0.4285
-3.8181818 5.5041323 0.52812499
-3.8181818 5.5041323 0.62774998
-3.8181818 5.5041323 0.72737497
-3.8181818 5.4049587 0.029999999
-3.8181818 5.4049587 0.12962499
-3.8181818 5.4049587 0.22925
-3.8181818 5.4049587 0.32887501
-3.8181818 5.4049587 0.4285
-3.8181818 5.4049587 0.52812499
-3.8181818 5.4049587 0.62774998
-3.8181818 5.4049587 0.72737497
-3.8181818 5.3057852 0.029999999
-3.8181818 5.3057852 0.12962499
-3.8181818 5.3057852 0.22925
-3.8181818 5.3057852 0.32887501
-3.8181818 5.3057852 0.4285
-3.8181818 5.3057852 0.52812499
-3.8181818 5.3057852 0.62774998
-3.8181818 5.3057852 0.72737497
-3.8181818 3.2231405 0.52812499
-3.8181818 3.2231405 0.62774998
-3.8181818 3.2231405 0.72737497
-3.8181818 3.2231405 0.82699996
-3.8181818 3.1239669 0.52812499
-3.8181818 3.1239669 0.82699996
-3.8181818 3.0247934 0.52812499
-3.8181818 3.0247934 0.82699996
-3.8181818 2.9256198 0.52812499
-3.8181818 2.9256198 0.82699996
-3.8181818 2.8264463 0.52812499
-3.8181818 2.8264463 0.82699996
-3.8181818 2.7272727 0.52812499
-3.8181818 2.7272727 0.82699996
-3.8181818 2.6280992 0.52812499
-3.8181818 2.6280992 0.82699996
-3.8181818 2.5289257 0.52812499
-3.8181818 2.5289257 0.82699996
-3.8181818 2.4297521 0.52812499
-3.8181818 2.4297521 0.82699996
-3.8181818 2.3305786 0.52812499
-3.8181818 2.3305786 0.82699996
-3.8181818 2.231405 0.52812499
-3.8181818 2.231405 0.82699996
-3.8181818 2.1322315 0.62774998
-3.8181818 2.1322315 0.72737497
-3.8181818 2.1322315 0.82699996
-3.8181818 -2.3305788 0.52812499
-3.8181818 -2.3305788 0.62774998
-3.8181818 -2.3305788 0.72737497
-3.8181818 -2.4297523 0.4285
-3.8181818 -2.4297523 0.52812499
-3.8181818 -2.4297523 0.72737497
-3.8181818 -2.4297523 0.82699996
-3.8181818 -2.5289259 0.4285
-3.8181818 -2.5289259 0.52812499
-3.8181818 -2.5289259 0.72737497
-3.8181818 -2.5289259 0.82699996
-3.8181818 -2.6280994 0.4285
-3.8181818 -2.6280994 0.52812499
-3.8181818 -2.6280994 0.72737497
-3.8181818 -2.6280994 0.82699996
-3.8181818 -2.727273 0.52812499
-3.8181818 -2.727273 0.62774998
-3.8181818 -2.727273 0.72737497
-3.8181818 -4.8099174 0.82699996
-3.8181818 -4.8099174 0.92662495
-3.8181818 -4.8099174 1.02625
-3.8181818 -4.909091 0.82699996
-3.8181818 -4.909091 1.125875
-3.8181818 -5.0082645 0.82699996
-3.8181818 -5.0082645 1.125875
-3.8181818 -5.1074381 0.82699996
-3.8181818 -5.1074381 1.125875
-3.8181818 -5.2066116 0.82699996
-3.8181818 -5.2066116 0.92662495
-3.8181818 -5.2066116 1.02625
-3.8181818 -5.2066116 1.125875
-3.7190082 5.6033058 0.029999999
-3.7190082 5.6033058 0.12962499
-3.7190082 5.6033058 0.22925
-3.7190082 5.6033058 0.32887501
-3.7190082 5.6033058 0.4285
-3.7190082 5.6033058 0.52812499
-3.7190082 5.6033058 0.62774998
-3.7190082 5.6033058 0.72737497
-3.7190082 5.5041323 0.029999999
-3.7190082 5.5041323 0.72737497
-3.7190082 5.4049587 0.029999999
-3.7190082 5.4049587 0.72737497
-3.7190082 5.3057852 0.029999999
-3.7190082 5.3057852 0.12962499
-3.7190082 5.3057852 0.22925
-3.7190082 5.3057852 0.32887501
-3.7190082 5.3057852 0.4285
-3.7190082 5.3057852 0.52812499
-3.7190082 5.3057852 0.62774998
-3.7190082 5.3057852 0.72737497
-3.7190082 5.1074381 0.029999999
-3.7190082 5.1074381 0.12962499
-3.7190082 5.1074381 0.22925
-3.7190082 5.1074381 0.32887501
-3.7190082 5.1074381 0.4285
-3.7190082 5.1074381 0.52812499
-3.7190082 5.1074381 0.62774998
-3.7190082 5.1074381 0.72737497
-3.7190082 5.1074381 0.82699996
-3.7190082 5.1074381 0.92662495
-3.7190082 5.0082645 0.029999999
-3.7190082 5.0082645 0.12962499
-3.7190082 5.0082645 0.22925
-3.7190082 5.0082645 0.32887501
-3.7190082 5.0082645 0.4285
-3.7190082 5.0082645 0.52812499
-3.7190082 5.0082645 0.62774998
-3.7190082 5.0082645 0.72737497
-3.7190082 5.0082645 0.82699996
-3.7190082 5.0082645 0.92662495
-3.7190082 4.909091 0.029999999
-3.7190082 4.909091 0.12962499
-3.7190082 4.909091 0.22925
-3.7190082 4.909091 0.32887501
-3.7190082 4.909091 0.4285
-3.7190082 4.909091 0.52812499
-3.7190082 4.909091 0.62774998
-3.7190082 4.909091 0.72737497
-3.7190082 4.909091 0.82699996
-3.7190082 4.909091 0.92662495
-3.7190082 3.2231405 0.52812499
-3.7190082 3.2231405 0.62774998
-3.7190082 3.2231405 0.72737497
-3.7190082 3.2231405 0.82699996
-3.7190082 3.1239669 0.52812499
-3.7190082 3.1239669 0.82699996
-3.7190082 3.0247934 0.52812499
-3.7190082 3.0247934 0.82699996
-3.7190082 2.9256198 0.52812499
-3.7190082 2.9256198 0.82699996
-3.7190082 2.8264463 0.52812499
-3.7190082 2.8264463 0.82699996
-3.7190082 2.7272727 0.52812499
-3.7190082 2.7272727 0.62774998
-3.7190082 2.7272727 0.72737497
-3.7190082 2.7272727 0.82699996
-3.7190082 2.6280992 0.52812499
-3.7190082 2.6280992 0.62774998
-3.7190082 2.6280992 0.72737497
-3.7190082 2.6280992 0.82699996
-3.7190082 2.5289257 0.52812499
-3.7190082 2.5289257 0.62774998
-3.7190082 2.5289257 0.72737497
-3.7190082 2.5289257 0.82699996
-3.7190082 2.4297521 0.62774998
-3.7190082 2.4297521 0.72737497
-3.7190082 2.4297521 0.82699996
-3.7190082 2.3305786 0.62774998
-3.7190082 2.3305786 0.72737497
-3.7190082 2.3305786 0.82699996
-3.7190082 2.231405 0.62774998
-3.7190082 2.231405 0.72737497
-3.7190082 2.231405 0.82699996
-3.7190082 0.44628096 0.52812499
-3.7190082 0.44628096 0.62774998
-3.7190082 0.44628096 0.72737497
-3.7190082 0.34710741 0.029999999
-3.7190082 0.34710741 0.12962499
-3.7190082 0.34710741 0.22925
-3.7190082 0.34710741 0.32887501
-3.7190082 0.34710741 0.4285
-3.7190082 0.34710741 0.52812499
-3.7190082 0.34710741 0.62774998
-3.7190082 0.34710741 0.72737497
-3.7190082 0.24793386 0.029999999
-3.7190082 0.24793386 0.12962499
-3.7190082 0.24793386 0.22925
-3.7190082 0.24793386 0.32887501
-3.7190082 0.24793386 0.4285
-3.7190082 0.24793386 0.52812499
-3.7190082 -2.3305788 0.4285
-3.7190082 -2.3305788 0.52812499
-3.7190082 -2.3305788 0.62774998
-3.7190082 -2.3305788 0.72737497
-3.7190082 -2.3305788 0.82699996
-3.7190082 -2.4297523 0.4285
-3.7190082 -2.4297523 0.52812499
-3.7190082 -2.4297523 0.72737497
-3.7190082 -2.4297523 0.82699996
-3.7190082 -2.5289259 0.4285
-3.7190082 -2.5289259 0.52812499
-3.7190082 -2.5289259 0.72737497
-3.7190082 -2.5289259 0.82699996
-3.7190082 -2.6280994 0.4285
-3.7190082 -2.6280994 0.52812499
-3.7190082 -2.6280994 0.62774998
-3.7190082 -2.6280994 0.72737497
-3.7190082 -2.6280994 0.82699996
-3.7190082 -4.8099174 0.62774998
-3.7190082 -4.8099174 0.72737497
-3.7190082 -4.8099174 0.82699996
-3.7190082 -4.909091 0.62774998
-3.7190082 -4.909091 0.72737497
-3.7190082 -4.909091 0.82699996
-3.7190082 -4.909091 0.92662495
-3.7190082 -4.909091 1.02625
-3.7190082 -5.0082645 0.82699996
-3.7190082 -5.0082645 1.125875
-3.7190082 -5.1074381 0.82699996
-3.7190082 -5.1074381 0.92662495
-3.7190082 -5.1074381 1.02625
-3.7190082 -5.1074381 1.125875
-3.6198347 5.6033058 0.029999999
-3.6198347 5.6033058 0.12962499
-3.6198347 5.6033058 0.22925
-3.6198347 5.6033058 0.32887501
-3.6198347 5.6033058 0.4285
-3.6198347 5.6033058 0.52812499
-3.6198347 5.6033058 0.62774998
-3.6198347 5.6033058 0.72737497
-3.6198347 5.5041323 0.029999999
-3.6198347 5.5041323 0.12962499
-3.6198347 5.5041323 0.22925
-3.6198347 5.5041323 0.32887501
-3.6198347 5.5041323 0.4285
-3.6198347 5.5041323 0.52812499
-3.6198347 5.5041323 0.62774998
-3.6198347 5.5041323 0.72737497
-3.6198347 5.4049587 0.029999999
-3.6198347 5.4049587 0.12962499
-3.6198347 5.4049587 0.22925
-3.6198347 5.4049587 0.32887501
-3.6198347 5.4049587 0.4285
-3.6198347 5.4049587 0.52812499
-3.6198347 5.4049587 0.62774998
-3.6198347 5.4049587 0.72737497
-3.6198347 5.1074381 0.029999999
-3.6198347 5.1074381 0.12962499
-3.6198347 5.1074381 0.22925
-3.6198347 5.1074381 0.32887501
-3.6198347 5.1074381 0.4285
-3.6198347 5.1074381 0.52812499
-3.6198347 5.1074381 0.62774998
-3.6198347 5.1074381 0.72737497
-3.6198347 5.1074381 0.82699996
-3.6198347 5.1074381 0.92662495
-3.6198347 5.0082645 0.029999999
-3.6198347 5.0082645 0.82699996
-3.6198347 5.0082645 0.92662495
-3.6198347 4.909091 0.029999999
-3.6198347 4.909091 0.12962499
-3.6198347 4.909091 0.22925
-3.6198347 4.909091 0.32887501
-3.6198347 4.909091 0.4285
-3.6198347 4.909091 0.52812499
-3.6198347 4.909091 0.62774998
-3.6198347 4.909091 0.72737497
-3.6198347 4.909091 0.82699996
-3.6198347 4.909091 0.92662495
-3.6198347 3.2231405 0.52812499
-3.6198347 3.2231405 0.62774998
-3.6198347 3.2231405 0.72737497
-3.6198347 3.2231405 0.82699996
-3.6198347 3.1239669 0.52812499
-3.6198347 3.1239669 0.62774998
-3.6198347 3.1239669 0.72737497
-3.6198347 3.1239669 0.82699996
-3.6198347 3.0247934 0.62774998
-3.6198347 3.0247934 0.72737497
-3.6198347 3.0247934 0.82699996
-3.6198347 2.9256198 0.62774998
-3.6198347 2.9256198 0.72737497
-3.6198347 2.9256198 0.82699996
-3.6198347 2.8264463 0.62774998
-3.6198347 2.8264463 0.72737497
-3.6198347 2.8264463 0.82699996
-3.6198347 0.5454545 0.52812499
-3.6198347 0.5454545 0.62774998
-3.6198347 0.5454545 0.72737497
-3.6198347 0.44628096 0.52812499
-3.6198347 0.44628096 0.82699996
-3.6198347 0.34710741 0.029999999
-3.6198347 0.34710741 0.12962499
-3.6198347 0.34710741 0.22925
-3.6198347 0.34710741 0.32887501
-3.6198347 0.34710741 0.4285
-3.6198347 0.34710741 0.52812499
-3.6198347 0.34710741 0.62774998
-3.6198347 0.34710741 0.82699996
-3.6198347 0.24793386 0.029999999
-3.6198347 0.24793386 0.52812499
-3.6198347 0.24793386 0.62774998
-3.6198347 0.24793386 0.72737497
-3.6198347 0.24793386 0.82699996
-3.6198347 0.14876032 0.029999999
-3.6198347 0.14876032 0.12962499
-3.6198347 0.14876032 0.22925
-3.6198347 0.14876032 0.32887501
-3.6198347 0.14876032 0.4285
-3.6198347 0.14876032 0.52812499
-3.6198347 -2.3305788 0.52812499
-3.6198347 -2.3305788 0.62774998
-3.6198347 -2.3305788 0.72737497
-3.6198347 -2.4297523 0.4285
-3.6198347 -2.4297523 0.52812499
-3.6198347 -2.4297523 0.62774998
-3.6198347 -2.4297523 0.72737497
-3.6198347 -2.4297523 0.82699996
-3.6198347 -2.5289259 0.4285
-3.6198347 -2.5289259 0.52812499
-3.6198347 -2.5289259 0.72737497
-3.6198347 -2.5289259 0.82699996
-3.6198347 -2.6280994 0.52812499
-3.6198347 -2.6280994 0.62774998
-3.6198347 -2.6280994 0.72737497
-3.6198347 -4.6115704 0.62774998
-3.6198347 -4.6115704 0.72737497
-3.6198347 -4.6115704 0.82699996
-3.6198347 -4.7107439 0.62774998
-3.6198347 -4.7107439 0.72737497
-3.6198347 -4.7107439 0.82699996
-3.6198347 -4.7107439 0.92662495
-3.6198347 -4.8099174 0.62774998
-3.6198347 -4.8099174 0.72737497
-3.6198347 -4.8099174 0.82699996
-3.6198347 -4.8099174 0.92662495
-3.6198347 -4.909091 0.62774998
-3.6198347 -4.909091 0.92662495
-3.6198347 -5.0082645 0.62774998
-3.6198347 -5.0082645 0.72737497
-3.6198347 -5.0082645 0.82699996
-3.6198347 -5.0082645 0.92662495
-3.6198347 -5.0082645 1.02625
-3.6198347 -5.1074381 0.82699996
-3.6198347 -5.1074381 0.92662495
-3.6198347 -5.1074381 1.02625
-3.5206611 5.1074381 0.029999999
-3.5206611 5.1074381 0.12962499
-3.5206611 5.1074381 0.22925
-3.5206611 5.1074381 0.32887501
-3.5206611 5.1074381 0.4285
-3.5206611 5.1074381 0.52812499
-3.5206611 5.1074381 0.62774998
-3.5206611 5.1074381 0.72737497
-3.5206611 5.1074381 0.82699996
-3.5206611 5.1074381 0.92662495
-3.5206611 5.0082645 0.029999999
-3.5206611 5.0082645 0.12962499
-3.5206611 5.0082645 0.22925
-3.5206611 5.0082645 0.32887501
-3.5206611 5.0082645 0.4285
-3.5206611 5.0082645 0.52812499
-3.5206611 5.0082645 0.62774998
-3.5206611 5.0082645 0.72737497
-3.5206611 5.0082645 0.82699996
-3.5206611 5.0082645 0.92662495
-3.5206611 4.909091 0.029999999
-3.5206611 4.909091 0.12962499
-3.5206611 4.909091 0.22925
-3.5206611 4.909091 0.32887501
-3.5206611 4.909091 0.4285
-3.5206611 4.909091 0.52812499
-3.5206611 4.909091 0.62774998
-3.5206611 4.909091 0.72737497
-3.5206611 4.909091 0.82699996
-3.5206611 4.909091 0.92662495
-3.5206611 0.5454545 0.52812499
-3.5206611 0.5454545 0.62774998
-3.5206611 0.5454545 0.72737497
-3.5206611 0.44628096 0.52812499
-3.5206611 0.44628096 0.82699996
-3.5206611 0.34710741 0.029999999
-3.5206611 0.34710741 0.12962499
-3.5206611 0.34710741 0.22925
-3.5206611 0.34710741 0.32887501
-3.5206611 0.34710741 0.4285
-3.5206611 0.34710741 0.52812499
-3.5206611 0.34710741 0.62774998
-3.5206611 0.34710741 0.82699996
-3.5206611 0.24793386 0.029999999
-3.5206611 0.24793386 0.12962499
-3.5206611 0.24793386 0.22925
-3.5206611 0.24793386 0.32887501
-3.5206611 0.24793386 0.4285
-3.5206611 0.24793386 0.52812499
-3.5206611 0.24793386 0.62774998
-3.5206611 0.24793386 0.72737497
-3.5206611 0.24793386 0.82699996
-3.5206611 0.14876032 0.029999999
-3.5206611 0.14876032 0.12962499
-3.5206611 0.14876032 0.22925
-3.5206611 0.14876032 0.32887501
-3.5206611 0.14876032 0.4285
-3.5206611 0.14876032 0.52812499
-3.5206611 -2.5289259 0.52812499
-3.5206611 -2.5289259 0.62774998
-3.5206611 -2.5289259 0.72737497
-3.5206611 -4.4132233 0.62774998
-3.5206611 -4.4132233 0.72737497
-3.5206611 -4.4132233 0.82699996
-3.5206611 -4.5123968 0.62774998
-3.5206611 -4.5123968 0.72737497
-3.5206611 -4.5123968 0.82699996
-3.5206611 -4.5123968 0.92662495
-3.5206611 -4.6115704 0.62774998
-3.5206611 -4.6115704 0.92662495
-3.5206611 -4.7107439 0.62774998
-3.5206611 -4.7107439 0.92662495
-3.5206611 -4.8099174 0.62774998
-3.5206611 -4.8099174 0.92662495
-3.5206611 -4.909091 0.62774998
-3.5206611 -4.909091 0.92662495
-3.5206611 -5.0082645 0.62774998
-3.5206611 -5.0082645 0.72737497
-3.5206611 -5.0082645 0.82699996
-3.5206611 -5.0082645 0.92662495
-3.5206611 -5.9008265 0.72737497
-3.5206611 -5.9008265 0.82699996
-3.5206611 -5.9008265 0.92662495
-3.4214876 5.1074381 0.029999999
-3.4214876 5.1074381 0.12962499
-3.4214876 5.1074381 0.22925
-3.4214876 5.1074381 0.32887501
-3.4214876 5.1074381 0.4285
-3.4214876 5.1074381 0.52812499
-3.4214876 5.1074381 0.62774998
-3.4214876 5.1074381 0.72737497
-3.4214876 5.1074381 0.82699996
-3.4214876 5.0082645 0.029999999
-3.4214876 5.0082645 0.12962499
-3.4214876 5.0082645 0.22925
-3.4214876 5.0082645 0.32887501
-3.4214876 5.0082645 0.4285
-3.4214876 5.0082645 0.52812499
-3.4214876 5.0082645 0.62774998
-3.4214876 5.0082645 0.72737497
-3.4214876 5.0082645 0.82699996
-3.4214876 4.909091 0.029999999
-3.4214876 4.909091 0.12962499
-3.4214876 4.909091 0.22925
-3.4214876 4.909091 0.32887501
-3.4214876 4.909091 0.4285
-3.4214876 4.909091 0.52812499
-3.4214876 4.909091 0.62774998
-3.4214876 4.909091 0.72737497
-3.4214876 4.909091 0.82699996
-3.4214876 3.9173553 0.029999999
-3.4214876 3.9173553 0.12962499
-3.4214876 3.9173553 0.22925
-3.4214876 3.9173553 0.32887501
-3.4214876 3.9173553 0.4285
-3.4214876 3.9173553 0.52812499
-3.4214876 3.9173553 0.62774998
-3.4214876 3.8181818 0.029999999
-3.4214876 3.8181818 0.12962499
-3.4214876 3.8181818 0.22925
-3.4214876 3.8181818 0.32887501
-3.4214876 3.8181818 0.4285
-3.4214876 3.8181818 0.52812499
-3.4214876 3.8181818 0.62774998
-3.4214876 0.5454545 0.52812499
-3.4214876 0.5454545 0.62774998
-3.4214876 0.5454545 0.72737497
-3.4214876 0.5454545 0.82699996
-3.4214876 0.44628096 0.52812499
-3.4214876 0.44628096 0.82699996
-3.4214876 0.34710741 0.52812499
-3.4214876 0.34710741 0.82699996
-3.4214876 0.24793386 0.52812499
-3.4214876 0.24793386 0.62774998
-3.4214876 0.24793386 0.72737497
-3.4214876 0.24793386 0.82699996
-3.4214876 -4.3140497 0.62774998
-3.4214876 -4.3140497 0.72737497
-3.4214876 -4.3140497 0.82699996
-3.4214876 -4.4132233 0.62774998
-3.4214876 -4.4132233 0.92662495
-3.4214876 -4.5123968 0.62774998
-3.4214876 -4.5123968 0.92662495
-3.4214876 -4.6115704 0.62774998
-3.4214876 -4.6115704 0.92662495
-3.4214876 -4.7107439 0.62774998
-3.4214876 -4.7107439 0.92662495
-3.4214876 -4.8099174 0.62774998
-3.4214876 -4.8099174 0.92662495
-3.4214876 -4.909091 0.62774998
-3.4214876 -4.909091 0.72737497
-3.4214876 -4.909091 0.82699996
-3.4214876 -4.909091 0.92662495
-3.4214876 -5.0082645 0.62774998
-3.4214876 -5.0082645 0.72737497
-3.4214876 -5.0082645 0.82699996
-3.4214876 -5.8016529 0.72737497
-3.4214876 -5.8016529 0.82699996
-3.4214876 -5.8016529 0.92662495
-3.4214876 -5.9008265 0.72737497
-3.4214876 -5.9008265 1.02625
-3.322314 4.0165291 0.029999999
-3.322314 4.0165291 0.12962499
-3.322314 4.0165291 0.22925
-3.322314 4.0165291 0.32887501
-3.322314 4.0165291 0.4285
-3.322314 4.0165291 0.52812499
-3.322314 4.0165291 0.62774998
-3.322314 3.9173553 0.029999999
-3.322314 3.9173553 0.62774998
-3.322314 3.9173553 0.72737497
-3.322314 3.8181818 0.029999999
-3.322314 3.8181818 0.62774998
-3.322314 3.8181818 0.72737497
-3.322314 3.7190082 0.029999999
-3.322314 3.7190082 0.12962499
-3.322314 3.7190082 0.22925
-3.322314 3.7190082 0.32887501
-3.322314 3.7190082 0.4285
-3.322314 3.7190082 0.52812499
-3.322314 3.7190082 0.62774998
-3.322314 0.5454545 0.52812499
-3.322314 0.5454545 0.62774998
-3.322314 0.5454545 0.72737497
-3.322314 0.5454545 0.82699996
-3.322314 0.44628096 0.52812499
-3.322314 0.44628096 0.82699996
-3.322314 0.34710741 0.52812499
-3.322314 0.34710741 0.82699996
-3.322314 0.24793386 0.029999999
-3.322314 0.24793386 0.12962499
-3.322314 0.24793386 0.22925
-3.322314 0.24793386 0.32887501
-3.322314 0.24793386 0.4285
-3.322314 0.24793386 0.52812499
-3.322314 0.24793386 0.62774998
-3.322314 0.24793386 0.72737497
-3.322314 0.14876032 0.029999999
-3.322314 0.14876032 0.12962499
-3.322314 0.14876032 0.22925
-3.322314 0.14876032 0.32887501
-3.322314 0.14876032 0.4285
-3.322314 0.14876032 0.52812499
-3.322314 0.049586773 0.029999999
-3.322314 0.049586773 0.12962499
-3.322314 0.049586773 0.22925
-3.322314 0.049586773 0.32887501
-3.322314 0.049586773 0.4285
-3.322314 0.049586773 0.52812499
-3.322314 -4.4132233 0.62774998
-3.322314 -4.4132233 0.72737497
-3.322314 -4.4132233 0.82699996
-3.322314 -4.4132233 0.92662495
-3.322314 -4.5123968 0.62774998
-3.322314 -4.5123968 0.92662495
-3.322314 -4.6115704 0.62774998
-3.322314 -4.6115704 0.92662495
-3.322314 -4.7107439 0.62774998
-3.322314 -4.7107439 0.72737497
-3.322314 -4.7107439 0.82699996
-3.322314 -4.7107439 0.92662495
-3.322314 -4.8099174 0.62774998
-3.322314 -4.8099174 0.72737497
-3.322314 -4.8099174 0.82699996
-3.322314 -5.8016529 0.72737497
-3.322314 -5.8016529 0.82699996
-3.322314 -5.8016529 0.92662495
-3.322314 -5.8016529 1.02625
-3.322314 -5.9008265 0.72737497
-3.322314 -5.9008265 1.02625
-3.2231405 4.1157026 0.62774998
-3.2231405 4.1157026 0.72737497
-3.2231405 4.1157026 0.82699996
-3.2231405 4.0165291 0.029999999
-3.2231405 4.0165291 0.12962499
-3.2231405 4.0165291 0.22925
-3.2231405 4.0165291 0.32887501
-3.2231405 4.0165291 0.4285
-3.2231405 4.0165291 0.52812499
-3.2231405 4.0165291 0.62774998
-3.2231405 4.0165291 0.72737497
-3.2231405 4.0165291 0.82699996
-3.2231405 4.0165291 0.92662495
-3.2231405 3.9173553 0.029999999
-3.2231405 3.9173553 0.62774998
-3.2231405 3.9173553 0.72737497
-3.2231405 3.9173553 0.82699996
-3.2231405 3.8181818 0.029999999
-3.2231405 3.8181818 0.62774998
-3.2231405 3.8181818 0.72737497
-3.2231405 3.7190082 0.029999999
-3.2231405 3.7190082 0.12962499
-3.2231405 3.7190082 0.22925
-3.2231405 3.7190082 0.32887501
-3.2231405 3.7190082 0.4285
-3.2231405 3.7190082 0.52812499
-3.2231405 3.7190082 0.62774998
-3.2231405 0.5454545 0.52812499
-3.2231405 0.5454545 0.62774998
-3.2231405 0.5454545 0.72737497
-3.2231405 0.5454545 0.82699996
-3.2231405 0.44628096 0.52812499
-3.2231405 0.44628096 0.82699996
-3.2231405 0.34710741 0.52812499
-3.2231405 0.34710741 0.82699996
-3.2231405 0.24793386 0.029999999
-3.2231405 0.24793386 0.12962499
-3.2231405 0.24793386 0.22925
-3.2231405 0.24793386 0.32887501
-3.2231405 0.24793386 0.4285
-3.2231405 0.24793386 0.52812499
-3.2231405 0.24793386 0.62774998
-3.2231405 0.24793386 0.72737497
-3.2231405 0.14876032 0.029999999
-3.2231405 0.14876032 0.52812499
-3.2231405 0.049586773 0.029999999
-3.2231405 0.049586773 0.12962499
-3.2231405 0.049586773 0.22925
-3.2231405 0.049586773 0.32887501
-3.2231405 0.049586773 0.4285
-3.2231405 0.049586773 0.52812499
-3.2231405 -1.9338841 0.62774998
-3.2231405 -1.9338841 0.72737497
-3.2231405 -1.9338841 0.82699996
-3.2231405 -4.4132233 0.62774998
-3.2231405 -4.4132233 0.72737497
-3.2231405 -4.4132233 0.82699996
-3.2231405 -4.5123968 0.62774998
-3.2231405 -4.5123968 0.72737497
-3.2231405 -4.5123968 0.82699996
-3.2231405 -4.5123968 0.92662495
-3.2231405 -4.6115704 0.62774998
-3.2231405 -4.6115704 0.72737497
-3.2231405 -4.6115704 0.82699996
-3.2231405 -5.7024794 0.72737497
-3.2231405 -5.7024794 0.82699996
-3.2231405 -5.7024794 0.92662495
-3.2231405 -5.8016529 0.72737497
-3.2231405 -5.8016529 1.02625
-3.2231405 -5.9008265 0.72737497
-3.2231405 -5.9008265 1.02625
-3.1239669 4.1157026 0.62774998
-3.1239669 4.1157026 0.72737497
-3.1239669 4.1157026 0.82699996
-3.1239669 4.1157026 0.92662495
-3.1239669 4.0165291 0.62774998
-3.1239669 4.0165291 0.92662495
-3.1239669 3.9173553 0.029999999
-3.1239669 3.9173553 0.12962499
-3.1239669 3.9173553 0.22925
-3.1239669 3.9173553 0.32887501
-3.1239669 3.9173553 0.4285
-3.1239669 3.9173553 0.52812499
-3.1239669 3.9173553 0.62774998
-3.1239669 3.9173553 0.72737497
-3.1239669 3.9173553 0.82699996
-3.1239669 3.9173553 0.92662495
-3.1239669 3.8181818 0.029999999
-3.1239669 3.8181818 0.12962499
-3.1239669 3.8181818 0.22925
-3.1239669 3.8181818 0.32887501
-3.1239669 3.8181818 0.4285
-3.1239669 3.8181818 0.52812499
-3.1239669 3.8181818 0.62774998
-3.1239669 3.8181818 0.72737497
-3.1239669 3.8181818 0.82699996
-3.1239669 3.4214876 0.029999999
-3.1239669 3.4214876 0.12962499
-3.1239669 3.4214876 0.22925
-3.1239669 3.4214876 0.32887501
-3.1239669 3.4214876 0.4285
-3.1239669 3.4214876 0.52812499
-3.1239669 3.4214876 0.62774998
-3.1239669 3.4214876 0.72737497
-3.1239669 3.4214876 0.82699996
-3.1239669 3.322314 0.029999999
-3.1239669 3.322314 0.12962499
-3.1239669 3.322314 0.22925
-3.1239669 3.322314 0.32887501
-3.1239669 3.322314 0.4285
-3.1239669 3.322314 0.52812499
-3.1239669 3.322314 0.62774998
-3.1239669 3.322314 0.72737497
-3.1239669 3.322314 0.82699996
-3.1239669 3.322314 0.92662495
-3.1239669 3.2231405 0.029999999
-3.1239669 3.2231405 0.12962499
-3.1239669 3.2231405 0.22925
-3.1239669 3.2231405 0.32887501
-3.1239669 3.2231405 0.4285
-3.1239669 3.2231405 0.52812499
-3.1239669 3.2231405 0.62774998
-3.1239669 3.2231405 0.72737497
-3.1239669 3.2231405 0.82699996
-3.1239669 3.2231405 0.92662495
-3.1239669 3.1239669 0.029999999
-3.1239669 3.1239669 0.12962499
-3.1239669 3.1239669 0.22925
-3.1239669 3.1239669 0.32887501
-3.1239669 3.1239669 0.4285
-3.1239669 3.1239669 0.52812499
-3.1239669 3.1239669 0.62774998
-3.1239669 3.1239669 0.72737497
-3.1239669 3.1239669 0.82699996
-3.1239669 0.5454545 0.52812499
-3.1239669 0.5454545 0.62774998
-3.1239669 0.5454545 0.72737497
-3.1239669 0.44628096 0.52812499
-3.1239669 0.44628096 0.62774998
-3.1239669 0.44628096 0.72737497
-3.1239669 0.34710741 0.52812499
-3.1239669 0.34710741 0.62774998
-3.1239669 0.34710741 0.72737497
-3.1239669 0.24793386 0.029999999
-3.1239669 0.24793386 0.12962499
-3.1239669 0.24793386 0.22925
-3.1239669 0.24793386 0.32887501
-3.1239669 0.24793386 0.4285
-3.1239669 0.24793386 0.52812499
-3.1239669 0.24793386 0.62774998
-3.1239669 0.24793386 0.72737497
-3.1239669 0.14876032 0.029999999
-3.1239669 0.14876032 0.12962499
-3.1239669 0.14876032 0.22925
-3.1239669 0.14876032 0.32887501
-3.1239669 0.14876032 0.4285
-3.1239669 0.14876032 0.52812499
-3.1239669 0.049586773 0.029999999
-3.1239669 0.049586773 0.12962499
-3.1239669 0.049586773 0.22925
-3.1239669 0.049586773 0.32887501
-3.1239669 0.049586773 0.4285
-3.1239669 0.049586773 0.52812499
-3.1239669 -1.8347106 0.62774998
-3.1239669 -1.8347106 0.72737497
-3.1239669 -1.8347106 0.82699996
-3.1239669 -1.9338841 0.52812499
-3.1239669 -1.9338841 0.82699996
-3.1239669 -2.0330582 0.62774998
-3.1239669 -2.0330582 0.72737497
-3.1239669 -2.0330582 0.82699996
-3.1239669 -5.7024794 0.72737497
-3.1239669 -5.7024794 0.82699996
-3.1239669 -5.7024794 0.92662495
-3.1239669 -5.7024794 1.02625
-3.1239669 -5.8016529 0.72737497
-3.1239669 -5.8016529 1.02625
-3.1239669 -5.9008265 0.72737497
-3.1239669 -5.9008265 1.02625
-3.0247934 4.2148762 0.62774998
-3.0247934 4.2148762 0.72737497
-3.0247934 4.2148762 0.82699996
-3.0247934 4.2148762 0.92662495
-3.0247934 4.1157026 0.62774998
-3.0247934 4.1157026 0.92662495
-3.0247934 4.0165291 0.62774998
-3.0247934 4.0165291 0.92662495
-3.0247934 3.9173553 0.62774998
-3.0247934 3.9173553 0.92662495
-3.0247934 3.8181818 0.62774998
-3.0247934 3.8181818 0.72737497
-3.0247934 3.8181818 0.82699996
-3.0247934 3.4214876 0.029999999
-3.0247934 3.4214876 0.12962499
-3.0247934 3.4214876 0.22925
-3.0247934 3.4214876 0.32887501
-3.0247934 3.4214876 0.4285
-3.0247934 3.4214876 0.52812499
-3.0247934 3.4214876 0.62774998
-3.0247934 3.4214876 0.72737497
-3.0247934 3.4214876 0.82699996
-3.0247934 3.322314 0.029999999
-3.0247934 3.322314 0.12962499
-3.0247934 3.322314 0.22925
-3.0247934 3.322314 0.32887501
-3.0247934 3.322314 0.4285
-3.0247934 3.322314 0.52812499
-3.0247934 3.322314 0.62774998
-3.0247934 3.322314 0.72737497
-3.0247934 3.322314 0.82699996
-3.0247934 3.322314 0.92662495
-3.0247934 3.2231405 0.029999999
-3.0247934 3.2231405 0.92662495
-3.0247934 3.1239669 0.029999999
-3.0247934 3.1239669 0.12962499
-3.0247934 3.1239669 0.22925
-3.0247934 3.1239669 0.32887501
-3.0247934 3.1239669 0.4285
-3.0247934 3.1239669 0.52812499
-3.0247934 3.1239669 0.62774998
-3.0247934 3.1239669 0.72737497
-3.0247934 3.1239669 0.82699996
-3.0247934 -1.7355371 0.52812499
-3.0247934 -1.7355371 0.62774998
-3.0247934 -1.7355371 0.72737497
-3.0247934 -1.7355371 0.82699996
-3.0247934 -1.8347106 0.52812499
-3.0247934 -1.8347106 0.82699996
-3.0247934 -1.9338841 0.52812499
-3.0247934 -1.9338841 0.82699996
-3.0247934 -2.0330582 0.52812499
-3.0247934 -2.0330582 0.82699996
-3.0247934 -2.1322317 0.62774998
-3.0247934 -2.1322317 0.72737497
-3.0247934 -2.1322317 0.82699996
-3.0247934 -4.7107439 0.029999999
-3.0247934 -4.7107439 0.12962499
-3.0247934 -4.7107439 0.22925
-3.0247934 -4.7107439 0.32887501
-3.0247934 -4.7107439 0.4285
-3.0247934 -4.7107439 0.52812499
-3.0247934 -4.8099174 0.029999999
-3.0247934 -4.8099174 0.12962499
-3.0247934 -4.8099174 0.22925
-3.0247934 -4.8099174 0.32887501
-3.0247934 -4.8099174 0.4285
-3.0247934 -4.8099174 0.52812499
-3.0247934 -4.8099174 0.62774998
-3.0247934 -4.909091 0.029999999
-3.0247934 -4.909091 0.12962499
-3.0247934 -4.909091 0.22925
-3.0247934 -4.909091 0.32887501
-3.0247934 -4.909091 0.4285
-3.0247934 -4.909091 0.52812499
-3.0247934 -4.909091 0.62774998
-3.0247934 -5.0082645 0.029999999
-3.0247934 -5.0082645 0.12962499
-3.0247934 -5.0082645 0.22925
-3.0247934 -5.0082645 0.32887501
-3.0247934 -5.0082645 0.4285
-3.0247934 -5.0082645 0.52812499
-3.0247934 -5.6033058 0.72737497
-3.0247934 -5.6033058 0.82699996
-3.0247934 -5.6033058 0.92662495
-3.0247934 -5.7024794 0.72737497
-3.0247934 -5.7024794 0.82699996
-3.0247934 -5.7024794 0.92662495
-3.0247934 -5.7024794 1.02625
-3.0247934 -5.8016529 0.72737497
-3.0247934 -5.8016529 1.02625
-3.0247934 -5.9008265 0.72737497
-3.0247934 -5.9008265 1.02625
-2.9256198 4.3140497 0.62774998
-2.9256198 4.3140497 0.72737497
-2.9256198 4.3140497 0.82699996
-2.9256198 4.2148762 0.62774998
-2.9256198 4.2148762 0.92662495
-2.9256198 4.1157026 0.62774998
-2.9256198 4.1157026 0.92662495
-2.9256198 4.0165291 0.62774998
-2.9256198 4.0165291 0.92662495
-2.9256198 3.9173553 0.62774998
-2.9256198 3.9173553 0.72737497
-2.9256198 3.9173553 0.82699996
-2.9256198 3.9173553 0.92662495
-2.9256198 3.4214876 0.029999999
-2.9256198 3.4214876 0.12962499
-2.9256198 3.4214876 0.22925
-2.9256198 3.4214876 0.32887501
-2.9256198 3.4214876 0.4285
-2.9256198 3.4214876 0.52812499
-2.9256198 3.4214876 0.62774998
-2.9256198 3.4214876 0.72737497
-2.9256198 3.4214876 0.82699996
-2.9256198 3.322314 0.029999999
-2.9256198 3.322314 0.12962499
-2.9256198 3.322314 0.22925
-2.9256198 3.322314 0.32887501
-2.9256198 3.322314 0.4285
-2.9256198 3.322314 0.52812499
-2.9256198 3.322314 0.62774998
-2.9256198 3.322314 0.72737497
-2.9256198 3.322314 0.82699996
-2.9256198 3.322314 0.92662495
-2.9256198 3.2231405 0.029999999
-2.9256198 3.2231405 0.12962499
-2.9256198 3.2231405 0.22925
-2.9256198 3.2231405 0.32887501
-2.9256198 3.2231405 0.4285
-2.9256198 3.2231405 0.52812499
-2.9256198 3.2231405 0.62774998
-2.9256198 3.2231405 0.72737497
-2.9256198 3.2231405 0.82699996
-2.9256198 3.2231405 0.92662495
-2.9256198 3.1239669 0.029999999
-2.9256198 3.1239669 0.12962499
-2.9256198 3.1239669 0.22925
-2.9256198 3.1239669 0.32887501
-2.9256198 3.1239669 0.4285
-2.9256198 3.1239669 0.52812499
-2.9256198 3.1239669 0.62774998
-2.9256198 3.1239669 0.72737497
-2.9256198 3.1239669 0.82699996
-2.9256198 -1.6363635 0.52812499
-2.9256198 -1.6363635 0.62774998
-2.9256198 -1.6363635 0.72737497
-2.9256198 -1.6363635 0.82699996
-2.9256198 -1.7355371 0.52812499
-2.9256198 -1.7355371 0.82699996
-2.9256198 -1.8347106 0.52812499
-2.9256198 -1.8347106 0.82699996
-2.9256198 -1.9338841 0.52812499
-2.9256198 -1.9338841 0.82699996
-2.9256198 -2.0330582 0.52812499
-2.9256198 -2.0330582 0.62774998
-2.9256198 -2.0330582 0.72737497
-2.9256198 -2.0330582 0.82699996
-2.9256198 -2.1322317 0.62774998
-2.9256198 -2.1322317 0.72737497
-2.9256198 -2.1322317 0.82699996
-2.9256198 -4.7107439 0.029999999
-2.9256198 -4.7107439 0.12962499
-2.9256198 -4.7107439 0.22925
-2.9256198 -4.7107439 0.32887501
-2.9256198 -4.7107439 0.4285
-2.9256198 -4.7107439 0.52812499
-2.9256198 -4.8099174 0.029999999
-2.9256198 -4.8099174 0.62774998
-2.9256198 -4.909091 0.029999999
-2.9256198 -4.909091 0.12962499
-2.9256198 -4.909091 0.22925
-2.9256198 -4.909091 0.32887501
-2.9256198 -4.909091 0.4285
-2.9256198 -4.909091 0.52812499
-2.9256198 -4.909091 0.62774998
-2.9256198 -5.0082645 0.029999999
-2.9256198 -5.0082645 0.12962499
-2.9256198 -5.0082645 0.22925
-2.9256198 -5.0082645 0.32887501
-2.9256198 -5.0082645 0.4285
-2.9256198 -5.0082645 0.52812499
-2.9256198 -5.6033058 0.72737497
-2.9256198 -5.6033058 0.82699996
-2.9256198 -5.6033058 0.92662495
-2.9256198 -5.7024794 0.72737497
-2.9256198 -5.7024794 1.02625
-2.9256198 -5.8016529 0.72737497
-2.9256198 -5.8016529 1.02625
-2.9256198 -5.9008265 0.72737497
-2.9256198 -5.9008265 0.82699996
-2.9256198 -5.9008265 0.92662495
-2.9256198 -5.9008265 1.02625
-2.8264463 4.4132233 0.62774998
-2.8264463 4.4132233 0.72737497
-2.8264463 4.4132233 0.82699996
-2.8264463 4.3140497 0.62774998
-2.8264463 4.3140497 0.92662495
-2.8264463 4.2148762 0.62774998
-2.8264463 4.2148762 0.92662495
-2.8264463 4.1157026 0.62774998
-2.8264463 4.1157026 0.92662495
-2.8264463 4.0165291 0.62774998
-2.8264463 4.0165291 0.72737497
-2.8264463 4.0165291 0.82699996
-2.8264463 4.0165291 0.92662495
-2.8264463 -1.4380164 0.62774998
-2.8264463 -1.4380164 0.72737497
-2.8264463 -1.4380164 0.82699996
-2.8264463 -1.53719 0.52812499
-2.8264463 -1.53719 0.62774998
-2.8264463 -1.53719 0.72737497
-2.8264463 -1.53719 0.82699996
-2.8264463 -1.6363635 0.52812499
-2.8264463 -1.6363635 0.82699996
-2.8264463 -1.7355371 0.52812499
-2.8264463 -1.7355371 0.82699996
-2.8264463 -1.8347106 0.52812499
-2.8264463 -1.8347106 0.82699996
-2.8264463 -1.9338841 0.52812499
-2.8264463 -1.9338841 0.62774998
-2.8264463 -1.9338841 0.72737497
-2.8264463 -1.9338841 0.82699996
-2.8264463 -4.7107439 0.029999999
-2.8264463 -4.7107439 0.12962499
-2.8264463 -4.7107439 0.22925
-2.8264463 -4.7107439 0.32887501
-2.8264463 -4.7107439 0.4285
-2.8264463 -4.7107439 0.52812499
-2.8264463 -4.8099174 0.029999999
-2.8264463 -4.8099174 0.12962499
-2.8264463 -4.8099174 0.22925
-2.8264463 -4.8099174 0.32887501
-2.8264463 -4.8099174 0.4285
-2.8264463 -4.8099174 0.52812499
-2.8264463 -4.8099174 0.62774998
-2.8264463 -4.909091 0.029999999
-2.8264463 -4.909091 0.12962499
-2.8264463 -4.909091 0.22925
-2.8264463 -4.909091 0.32887501
-2.8264463 -4.909091 0.4285
-2.8264463 -4.909091 0.52812499
-2.8264463 -4.909091 0.62774998
-2.8264463 -5.0082645 0.029999999
-2.8264463 -5.0082645 0.12962499
-2.8264463 -5.0082645 0.22925
-2.8264463 -5.0082645 0.32887501
-2.8264463 -5.0082645 0.4285
-2.8264463 -5.0082645 0.52812499
-2.8264463 -5.6033058 0.72737497
-2.8264463 -5.6033058 0.82699996
-2.8264463 -5.6033058 0.92662495
-2.8264463 -5.6033058 1.02625
-2.8264463 -5.7024794 0.72737497
-2.8264463 -5.7024794 1.02625
-2.8264463 -5.8016529 0.72737497
-2.8264463 -5.8016529 1.02625
-2.8264463 -5.9008265 0.72737497
-2.8264463 -5.9008265 0.82699996
-2.8264463 -5.9008265 0.92662495
-2.7272727 4.5123968 0.62774998
-2.7272727 4.5123968 0.72737497
-2.7272727 4.5123968 0.82699996
-2.7272727 4.4132233 0.62774998
-2.7272727 4.4132233 0.72737497
-2.7272727 4.4132233 0.82699996
-2.7272727 4.4132233 0.92662495
-2.7272727 4.3140497 0.62774998
-2.7272727 4.3140497 0.92662495
-2.7272727 4.2148762 0.62774998
-2.7272727 4.2148762 0.92662495
-2.7272727 4.1157026 0.62774998
-2.7272727 4.1157026 0.72737497
-2.7272727 4.1157026 0.82699996
-2.7272727 4.1157026 0.92662495
-2.7272727 -0.64462805 0.029999999
-2.7272727 -0.64462805 0.12962499
-2.7272727 -0.64462805 0.22925
-2.7272727 -0.64462805 0.32887501
-2.7272727 -0.64462805 0.4285
-2.7272727 -0.64462805 0.52812499
-2.7272727 -0.74380159 0.029999999
-2.7272727 -0.74380159 0.12962499
-2.7272727 -0.74380159 0.22925
-2.7272727 -0.74380159 0.32887501
-2.7272727 -0.74380159 0.4285
-2.7272727 -0.74380159 0.52812499
-2.7272727 -0.84297514 0.029999999
-2.7272727 -0.84297514 0.12962499
-2.7272727 -0.84297514 0.22925
-2.7272727 -0.84297514 0.32887501
-2.7272727 -0.84297514 0.4285
-2.7272727 -0.84297514 0.52812499
-2.7272727 -1.3388429 0.62774998
-2.7272727 -1.3388429 0.72737497
-2.7272727 -1.3388429 0.82699996
-2.7272727 -1.4380164 0.52812499
-2.7272727 -1.4380164 0.82699996
-2.7272727 -1.53719 0.52812499
-2.7272727 -1.53719 0.82699996
-2.7272727 -1.6363635 0.52812499
-2.7272727 -1.6363635 0.82699996
-2.7272727 -1.7355371 0.52812499
-2.7272727 -1.7355371 0.82699996
-2.7272727 -1.8347106 0.52812499
-2.7272727 -1.8347106 0.62774998
-2.7272727 -1.8347106 0.72737497
-2.7272727 -1.8347106 0.82699996
-2.7272727 -5.5041323 0.72737497
-2.7272727 -5.5041323 0.82699996
-2.7272727 -5.5041323 0.92662495
-2.7272727 -5.6033058 0.72737497
-2.7272727 -5.6033058 1.02625
-2.7272727 -5.7024794 0.72737497
-2.7272727 -5.7024794 1.02625
-2.7272727 -5.8016529 0.72737497
-2.7272727 -5.8016529 1.02625
-2.7272727 -5.9008265 0.72737497
-2.7272727 -5.9008265 0.82699996
-2.7272727 -5.9008265 0.92662495
-2.6280992 4.5123968 0.62774998
-2.6280992 4.5123968 0.72737497
-2.6280992 4.5123968 0.82699996
-2.6280992 4.5123968 0.92662495
-2.6280992 4.4132233 0.62774998
-2.6280992 4.4132233 0.92662495
-2.6280992 4.3140497 0.62774998
-2.6280992 4.3140497 0.92662495
-2.6280992 4.2148762 0.62774998
-2.6280992 4.2148762 0.92662495
-2.6280992 4.1157026 0.62774998
-2.6280992 4.1157026 0.72737497
-2.6280992 4.1157026 0.82699996
-2.6280992 -0.64462805 0.029999999
-2.6280992 -0.64462805 0.12962499
-2.6280992 -0.64462805 0.22925
-2.6280992 -0.64462805 0.32887501
-2.6280992 -0.64462805 0.4285
-2.6280992 -0.64462805 0.52812499
-2.6280992 -0.64462805 0.62774998
-2.6280992 -0.74380159 0.029999999
-2.6280992 -0.74380159 0.52812499
-2.6280992 -0.74380159 0.62774998
-2.6280992 -0.84297514 0.029999999
-2.6280992 -0.84297514 0.12962499
-2.6280992 -0.84297514 0.22925
-2.6280992 -0.84297514 0.32887501
-2.6280992 -0.84297514 0.4285
-2.6280992 -0.84297514 0.52812499
-2.6280992 -0.84297514 0.62774998
-2.6280992 -1.3388429 0.52812499
-2.6280992 -1.3388429 0.62774998
-2.6280992 -1.3388429 0.72737497
-2.6280992 -1.3388429 0.82699996
-2.6280992 -1.4380164 0.52812499
-2.6280992 -1.4380164 0.82699996
-2.6280992 -1.53719 0.52812499
-2.6280992 -1.53719 0.82699996
-2.6280992 -1.6363635 0.52812499
-2.6280992 -1.6363635 0.82699996
-2.6280992 -1.7355371 0.62774998
-2.6280992 -1.7355371 0.72737497
-2.6280992 -1.7355371 0.82699996
-2.6280992 -5.5041323 0.72737497
-2.6280992 -5.5041323 0.82699996
-2.6280992 -5.5041323 0.92662495
-2.6280992 -5.5041323 1.02625
-2.6280992 -5.6033058 0.72737497
-2.6280992 -5.6033058 1.02625
-2.6280992 -5.7024794 0.72737497
-2.6280992 -5.7024794 1.02625
-2.6280992 -5.8016529 0.72737497
-2.6280992 -5.8016529 0.82699996
-2.6280992 -5.8016529 0.92662495
-2.6280992 -5.8016529 1.02625
-2.5289257 4.7107439 0.72737497
-2.5289257 4.7107439 0.82699996
-2.5289257 4.7107439 0.92662495
-2.5289257 4.6115704 0.72737497
-2.5289257 4.6115704 0.82699996
-2.5289257 4.6115704 0.92662495
-2.5289257 4.6115704 1.02625
-2.5289257 4.5123968 0.62774998
-2.5289257 4.5123968 0.72737497
-2.5289257 4.5123968 0.82699996
-2.5289257 4.5123968 1.02625
-2.5289257 4.4132233 0.62774998
-2.5289257 4.4132233 0.72737497
-2.5289257 4.4132233 0.82699996
-2.5289257 4.4132233 0.92662495
-2.5289257 4.3140497 0.62774998
-2.5289257 4.3140497 0.92662495
-2.5289257 4.2148762 0.62774998
-2.5289257 4.2148762 0.72737497
-2.5289257 4.2148762 0.82699996
-2.5289257 0.5454545 0.029999999
-2.5289257 0.5454545 0.12962499
-2.5289257 0.5454545 0.22925
-2.5289257 0.5454545 0.32887501
-2.5289257 0.5454545 0.4285
-2.5289257 0.5454545 0.52812499
-2.5289257 0.44628096 0.029999999
-2.5289257 0.44628096 0.12962499
-2.5289257 0.44628096 0.22925
-2.5289257 0.44628096 0.32887501
-2.5289257 0.44628096 0.4285
-2.5289257 0.44628096 0.52812499
-2.5289257 0.34710741 0.029999999
-2.5289257 0.34710741 0.12962499
-2.5289257 0.34710741 0.22925
-2.5289257 0.34710741 0.32887501
-2.5289257 0.34710741 0.4285
-2.5289257 0.34710741 0.52812499
-2.5289257 0.24793386 0.029999999
-2.5289257 0.24793386 0.12962499
-2.5289257 0.24793386 0.22925
-2.5289257 0.24793386 0.32887501
-2.5289257 0.24793386 0.4285
-2.5289257 0.24793386 0.52812499
-2.5289257 -0.64462805 0.029999999
-2.5289257 -0.64462805 0.12962499
-2.5289257 -0.64462805 0.22925
-2.5289257 -0.64462805 0.32887501
-2.5289257 -0.64462805 0.4285
-2.5289257 -0.64462805 0.52812499
-2.5289257 -0.64462805 0.62774998
-2.5289257 -0.74380159 0.029999999
-2.5289257 -0.74380159 0.52812499
-2.5289257 -0.74380159 0.62774998
-2.5289257 -0.84297514 0.029999999
-2.5289257 -0.84297514 0.12962499
-2.5289257 -0.84297514 0.22925
-2.5289257 -0.84297514 0.32887501
-2.5289257 -0.84297514 0.4285
-2.5289257 -0.84297514 0.52812499
-2.5289257 -0.84297514 0.62774998
-2.5289257 -1.4380164 0.52812499
-2.5289257 -1.4380164 0.62774998
-2.5289257 -1.4380164 0.72737497
-2.5289257 -1.4380164 0.82699996
-2.5289257 -1.53719 0.52812499
-2.5289257 -1.53719 0.62774998
-2.5289257 -1.53719 0.72737497
-2.5289257 -1.53719 0.82699996
-2.5289257 -1.6363635 0.62774998
-2.5289257 -1.6363635 0.72737497
-2.5289257 -1.6363635 0.82699996
-2.5289257 -5.4049587 0.72737497
-2.5289257 -5.4049587 0.82699996
-2.5289257 -5.4049587 0.92662495
-2.5289257 -5.5041323 0.72737497
-2.5289257 -5.5041323 1.02625
-2.5289257 -5.6033058 0.72737497
-2.5289257 -5.6033058 1.02625
-2.5289257 -5.7024794 0.72737497
-2.5289257 -5.7024794 1.02625
-2.5289257 -5.8016529 0.72737497
-2.5289257 -5.8016529 0.82699996
-2.5289257 -5.8016529 0.92662495
-2.4297521 4.909091 0.72737497
-2.4297521 4.909091 0.82699996
-2.4297521 4.909091 0.92662495
-2.4297521 4.8099174 0.72737497
-2.4297521 4.8099174 0.82699996
-2.4297521 4.8099174 0.92662495
-2.4297521 4.8099174 1.02625
-2.4297521 4.7107439 0.72737497
-2.4297521 4.7107439 1.02625
-2.4297521 4.6115704 0.72737497
-2.4297521 4.6115704 1.02625
-2.4297521 4.5123968 0.72737497
-2.4297521 4.5123968 1.02625
-2.4297521 4.4132233 0.62774998
-2.4297521 4.4132233 0.72737497
-2.4297521 4.4132233 0.82699996
-2.4297521 4.4132233 0.92662495
-2.4297521 4.4132233 1.02625
-2.4297521 4.3140497 0.62774998
-2.4297521 4.3140497 0.72737497
-2.4297521 4.3140497 0.82699996
-2.4297521 0.5454545 0.029999999
-2.4297521 0.5454545 0.12962499
-2.4297521 0.5454545 0.22925
-2.4297521 0.5454545 0.32887501
-2.4297521 0.5454545 0.4285
-2.4297521 0.5454545 0.52812499
-2.4297521 0.44628096 0.029999999
-2.4297521 0.44628096 0.52812499
-2.4297521 0.34710741 0.029999999
-2.4297521 0.34710741 0.52812499
-2.4297521 0.24793386 0.029999999
-2.4297521 0.24793386 0.12962499
-2.4297521 0.24793386 0.22925
-2.4297521 0.24793386 0.32887501
-2.4297521 0.24793386 0.4285
-2.4297521 0.24793386 0.52812499
-2.4297521 -0.64462805 0.029999999
-2.4297521 -0.64462805 0.12962499
-2.4297521 -0.64462805 0.22925
-2.4297521 -0.64462805 0.32887501
-2.4297521 -0.64462805 0.4285
-2.4297521 -0.64462805 0.52812499
-2.4297521 -0.74380159 0.029999999
-2.4297521 -0.74380159 0.12962499
-2.4297521 -0.74380159 0.22925
-2.4297521 -0.74380159 0.32887501
-2.4297521 -0.74380159 0.4285
-2.4297521 -0.74380159 0.52812499
-2.4297521 -0.84297514 0.029999999
-2.4297521 -0.84297514 0.12962499
-2.4297521 -0.84297514 0.22925
-2.4297521 -0.84297514 0.32887501
-2.4297521 -0.84297514 0.4285
-2.4297521 -0.84297514 0.52812499
-2.4297521 -0.94214869 0.029999999
-2.4297521 -0.94214869 0.12962499
-2.4297521 -0.94214869 0.22925
-2.4297521 -0.94214869 0.32887501
-2.4297521 -0.94214869 0.4285
-2.4297521 -0.94214869 0.52812499
-2.4297521 -0.94214869 0.62774998
-2.4297521 -0.94214869 0.72737497
-2.4297521 -0.94214869 0.82699996
-2.4297521 -1.0413222 0.029999999
-2.4297521 -1.0413222 0.12962499
-2.4297521 -1.0413222 0.22925
-2.4297521 -1.0413222 0.32887501
-2.4297521 -1.0413222 0.4285
-2.4297521 -1.0413222 0.52812499
-2.4297521 -1.0413222 0.62774998
-2.4297521 -1.0413222 0.72737497
-2.4297521 -1.0413222 0.82699996
-2.4297521 -1.0413222 0.92662495
-2.4297521 -1.1404958 0.029999999
-2.4297521 -1.1404958 0.12962499
-2.4297521 -1.1404958 0.22925
-2.4297521 -1.1404958 0.32887501
-2.4297521 -1.1404958 0.4285
-2.4297521 -1.1404958 0.52812499
-2.4297521 -1.1404958 0.62774998
-2.4297521 -1.1404958 0.72737497
-2.4297521 -1.1404958 0.82699996
-2.4297521 -1.1404958 0.92662495
-2.4297521 -1.2396693 0.029999999
-2.4297521 -1.2396693 0.12962499
-2.4297521 -1.2396693 0.22925
-2.4297521 -1.2396693 0.32887501
-2.4297521 -1.2396693 0.4285
-2.4297521 -1.2396693 0.52812499
-2.4297521 -1.2396693 0.62774998
-2.4297521 -1.2396693 0.72737497
-2.4297521 -1.2396693 0.82699996
-2.4297521 -1.53719 0.62774998
-2.4297521 -1.53719 0.72737497
-2.4297521 -1.53719 0.82699996
-2.4297521 -5.5041323 0.72737497
-2.4297521 -5.5041323 0.82699996
-2.4297521 -5.5041323 0.92662495
-2.4297521 -5.5041323 1.02625
-2.4297521 -5.6033058 0.72737497
-2.4297521 -5.6033058 1.02625
-2.4297521 -5.7024794 0.72737497
-2.4297521 -5.7024794 0.82699996
-2.4297521 -5.7024794 0.92662495
-2.4297521 -5.7024794 1.02625
-2.3305786 5.2066116 0.72737497
-2.3305786 5.2066116 0.82699996
-2.3305786 5.2066116 0.92662495
-2.3305786 5.1074381 0.72737497
-2.3305786 5.1074381 0.82699996
-2.3305786 5.1074381 0.92662495
-2.3305786 5.0082645 0.72737497
-2.3305786 5.0082645 0.82699996
-2.3305786 5.0082645 0.92662495
-2.3305786 5.0082645 1.02625
-2.3305786 4.909091 0.72737497
-2.3305786 4.909091 1.02625
-2.3305786 4.8099174 0.72737497
-2.3305786 4.8099174 1.02625
-2.3305786 4.7107439 0.72737497
-2.3305786 4.7107439 1.02625
-2.3305786 4.6115704 0.72737497
-2.3305786 4.6115704 1.02625
-2.3305786 4.5123968 0.72737497
-2.3305786 4.5123968 1.02625
-2.3305786 4.4132233 0.72737497
-2.3305786 4.4132233 0.82699996
-2.3305786 4.4132233 0.92662495
-2.3305786 4.4132233 1.02625
-2.3305786 0.5454545 0.029999999
-2.3305786 0.5454545 0.12962499
-2.3305786 0.5454545 0.22925
-2.3305786 0.5454545 0.32887501
-2.3305786 0.5454545 0.4285
-2.3305786 0.5454545 0.52812499
-2.3305786 0.44628096 0.029999999
-2.3305786 0.44628096 0.52812499
-2.3305786 0.34710741 0.029999999
-2.3305786 0.34710741 0.52812499
-2.3305786 0.24793386 0.029999999
-2.3305786 0.24793386 0.12962499
-2.3305786 0.24793386 0.22925
-2.3305786 0.24793386 0.32887501
-2.3305786 0.24793386 0.4285
-2.3305786 0.24793386 0.52812499
-2.3305786 -0.94214869 0.029999999
-2.3305786 -0.94214869 0.12962499
-2.3305786 -0.94214869 0.22925
-2.3305786 -0.94214869 0.32887501
-2.3305786 -0.94214869 0.4285
-2.3305786 -0.94214869 0.52812499
-2.3305786 -0.94214869 0.62774998
-2.3305786 -0.94214869 0.72737497
-2.3305786 -0.94214869 0.82699996
-2.3305786 -1.0413222 0.029999999
-2.3305786 -1.0413222 0.92662495
-2.3305786 -1.1404958 0.029999999
-2.3305786 -1.1404958 0.92662495
-2.3305786 -1.2396693 0.029999999
-2.3305786 -1.2396693 0.12962499
-2.3305786 -1.2396693 0.22925
-2.3305786 -1.2396693 0.32887501
-2.3305786 -1.2396693 0.4285
-2.3305786 -1.2396693 0.52812499
-2.3305786 -1.2396693 0.62774998
-2.3305786 -1.2396693 0.72737497
-2.3305786 -1.2396693 0.82699996
-2.3305786 -2.8264465 0.62774998
-2.3305786 -2.8264465 0.72737497
-2.3305786 -2.8264465 0.82699996
-2.3305786 -2.8264465 0.92662495
-2.3305786 -2.8264465 1.02625
-2.3305786 -2.9256201 0.72737497
-2.3305786 -2.9256201 0.82699996
-2.3305786 -2.9256201 0.92662495
-2.3305786 -5.6033058 0.4285
-2.3305786 -5.6033058 0.52812499
-2.3305786 -5.6033058 0.62774998
-2.3305786 -5.6033058 0.72737497
-2.3305786 -5.6033058 0.82699996
-2.3305786 -5.6033058 0.92662495
-2.3305786 -5.7024794 0.52812499
-2.3305786 -5.7024794 0.62774998
-2.3305786 -5.7024794 0.72737497
-2.3305786 -5.7024794 0.82699996
-2.3305786 -5.7024794 0.92662495
-2.231405 5.4049587 0.72737497
-2.231405 5.4049587 0.82699996
-2.231405 5.4049587 0.92662495
-2.231405 5.3057852 0.72737497
-2.231405 5.3057852 0.82699996
-2.231405 5.3057852 0.92662495
-2.231405 5.3057852 1.02625
-2.231405 5.2066116 0.72737497
-2.231405 5.2066116 0.82699996
-2.231405 5.2066116 0.92662495
-2.231405 5.2066116 1.02625
-2.231405 5.1074381 0.72737497
-2.231405 5.1074381 1.02625
-2.231405 5.0082645 0.72737497
-2.231405 5.0082645 1.02625
-2.231405 4.909091 0.72737497
-2.231405 4.909091 1.02625
-2.231405 4.8099174 0.72737497
-2.231405 4.8099174 1.02625
-2.231405 4.7107439 0.72737497
-2.231405 4.7107439 0.82699996
-2.231405 4.7107439 0.92662495
-2.231405 4.7107439 1.02625
-2.231405 4.6115704 0.72737497
-2.231405 4.6115704 0.82699996
-2.231405 4.6115704 0.92662495
-2.231405 4.6115704 1.02625
-2.231405 4.5123968 0.72737497
-2.231405 4.5123968 0.82699996
-2.231405 4.5123968 0.92662495
-2.231405 0.44628096 0.029999999
-2.231405 0.44628096 0.12962499
-2.231405 0.44628096 0.22925
-2.231405 0.44628096 0.32887501
-2.231405 0.44628096 0.4285
-2.231405 0.44628096 0.52812499
-2.231405 0.34710741 0.029999999
-2.231405 0.34710741 0.12962499
-2.231405 0.34710741 0.22925
-2.231405 0.34710741 0.32887501
-2.231405 0.34710741 0.4285
-2.231405 0.34710741 0.52812499
-2.231405 -0.94214869 0.029999999
-2.231405 -0.94214869 0.12962499
-2.231405 -0.94214869 0.22925
-2.231405 -0.94214869 0.32887501
-2.231405 -0.94214869 0.4285
-2.231405 -0.94214869 0.52812499
-2.231405 -0.94214869 0.62774998
-2.231405 -0.94214869 0.72737497
-2.231405 -0.94214869 0.82699996
-2.231405 -1.0413222 0.029999999
-2.231405 -1.0413222 0.12962499
-2.231405 -1.0413222 0.22925
-2.231405 -1.0413222 0.32887501
-2.231405 -1.0413222 0.4285
-2.231405 -1.0413222 0.52812499
-2.231405 -1.0413222 0.62774998
-2.231405 -1.0413222 0.72737497
-2.231405 -1.0413222 0.82699996
-2.231405 -1.0413222 0.92662495
-2.231405 -1.1404958 0.029999999
-2.231405 -1.1404958 0.12962499
-2.231405 -1.1404958 0.22925
-2.231405 -1.1404958 0.32887501
-2.231405 -1.1404958 0.4285
-2.231405 -1.1404958 0.52812499
-2.231405 -1.1404958 0.62774998
-2.231405 -1.1404958 0.72737497
-2.231405 -1.1404958 0.82699996
-2.231405 -1.1404958 0.92662495
-2.231405 -1.2396693 0.029999999
-2.231405 -1.2396693 0.12962499
-2.231405 -1.2396693 0.22925
-2.231405 -1.2396693 0.32887501
-2.231405 -1.2396693 0.4285
-2.231405 -1.2396693 0.52812499
-2.231405 -1.2396693 0.62774998
-2.231405 -1.2396693 0.72737497
-2.231405 -1.2396693 0.82699996
-2.231405 -2.727273 0.72737497
-2.231405 -2.727273 0.82699996
-2.231405 -2.727273 0.92662495
-2.231405 -2.8264465 0.62774998
-2.231405 -2.8264465 0.72737497
-2.231405 -2.8264465 0.92662495
-2.231405 -2.8264465 1.02625
-2.231405 -2.9256201 0.62774998
-2.231405 -2.9256201 0.72737497
-2.231405 -2.9256201 0.92662495
-2.231405 -2.9256201 1.02625
-2.231405 -3.0247936 0.62774998
-2.231405 -3.0247936 0.72737497
-2.231405 -3.0247936 0.82699996
-2.231405 -3.0247936 0.92662495
-2.231405 -3.0247936 1.02625
-2.231405 -5.4049587 0.52812499
-2.231405 -5.4049587 0.62774998
-2.231405 -5.4049587 0.72737497
-2.231405 -5.5041323 0.4285
-2.231405 -5.5041323 0.52812499
-2.231405 -5.5041323 0.62774998
-2.231405 -5.5041323 0.72737497
-2.231405 -5.6033058 0.4285
-2.231405 -5.6033058 0.72737497
-2.231405 -5.7024794 0.4285
-2.231405 -5.7024794 0.52812499
-2.231405 -5.7024794 0.62774998
-2.231405 -5.7024794 0.72737497
-2.231405 -5.8016529 0.52812499
-2.231405 -5.8016529 0.62774998
-2.231405 -5.8016529 0.72737497
-2.1322315 5.5041323 0.72737497
-2.1322315 5.5041323 0.82699996
-2.1322315 5.5041323 0.92662495
-2.1322315 5.5041323 1.02625
-2.1322315 5.4049587 0.72737497
-2.1322315 5.4049587 1.02625
-2.1322315 5.3057852 0.72737497
-2.1322315 5.3057852 1.02625
-2.1322315 5.2066116 0.72737497
-2.1322315 5.2066116 1.02625
-2.1322315 5.1074381 0.72737497
-2.1322315 5.1074381 1.02625
-2.1322315 5.0082645 0.72737497
-2.1322315 5.0082645 1.02625
-2.1322315 4.909091 0.72737497
-2.1322315 4.909091 0.82699996
-2.1322315 4.909091 0.92662495
-2.1322315 4.909091 1.02625
-2.1322315 4.8099174 0.72737497
-2.1322315 4.8099174 0.82699996
-2.1322315 4.8099174 0.92662495
-2.1322315 4.8099174 1.02625
-2.1322315 4.7107439 0.72737497
-2.1322315 4.7107439 0.82699996
-2.1322315 4.7107439 0.92662495
-2.1322315 -2.727273 0.62774998
-2.1322315 -2.727273 0.72737497
-2.1322315 -2.727273 0.82699996
-2.1322315 -2.727273 0.92662495
-2.1322315 -2.727273 1.02625
-2.1322315 -2.8264465 0.62774998
-2.1322315 -2.8264465 0.72737497
-2.1322315 -2.8264465 0.92662495
-2.1322315 -2.8264465 1.02625
-2.1322315 -2.9256201 0.62774998
-2.1322315 -2.9256201 0.72737497
-2.1322315 -2.9256201 0.92662495
-2.1322315 -2.9256201 1.02625
-2.1322315 -3.0247936 0.62774998
-2.1322315 -3.0247936 0.72737497
-2.1322315 -3.0247936 0.82699996
-2.1322315 -3.0247936 0.92662495
-2.1322315 -3.0247936 1.02625
-2.1322315 -5.3057852 0.52812499
-2.1322315 -5.3057852 0.62774998
-2.1322315 -5.3057852 0.72737497
-2.1322315 -5.4049587 0.4285
-2.1322315 -5.4049587 0.72737497
-2.1322315 -5.5041323 0.4285
-2.1322315 -5.5041323 0.72737497
-2.1322315 -5.6033058 0.4285
-2.1322315 -5.6033058 0.72737497
-2.1322315 -5.7024794 0.4285
-2.1322315 -5.7024794 0.72737497
-2.1322315 -5.8016529 0.4285
-2.1322315 -5.8016529 0.52812499
-2.1322315 -5.8016529 0.62774998
-2.1322315 -5.8016529 0.72737497
-2.0330579 5.5041323 0.72737497
-2.0330579 5.5041323 0.82699996
-2.0330579 5.5041323 0.92662495
-2.0330579 5.5041323 1.02625
-2.0330579 5.4049587 0.72737497
-2.0330579 5.4049587 1.02625
-2.0330579 5.3057852 0.72737497
-2.0330579 5.3057852 1.02625
-2.0330579 5.2066116 0.72737497
-2.0330579 5.2066116 1.02625
-2.0330579 5.1074381 0.72737497
-2.0330579 5.1074381 0.82699996
-2.0330579 5.1074381 0.92662495
-2.0330579 5.1074381 1.02625
-2.0330579 5.0082645 0.72737497
-2.0330579 5.0082645 0.82699996
-2.0330579 5.0082645 0.92662495
-2.0330579 4.909091 0.72737497
-2.0330579 4.909091 0.82699996
-2.0330579 4.909091 0.92662495
-2.0330579 4.7107439 0.62774998
-2.0330579 4.7107439 0.72737497
-2.0330579 4.7107439 0.82699996
-2.0330579 4.7107439 0.92662495
-2.0330579 4.6115704 0.62774998
-2.0330579 4.6115704 0.72737497
-2.0330579 4.6115704 0.82699996
-2.0330579 -0.84297514 0.029999999
-2.0330579 -0.84297514 0.12962499
-2.0330579 -0.84297514 0.22925
-2.0330579 -0.84297514 0.32887501
-2.0330579 -0.84297514 0.4285
-2.0330579 -0.84297514 0.52812499
-2.0330579 -0.84297514 0.62774998
-2.0330579 -0.84297514 0.72737497
-2.0330579 -0.84297514 0.82699996
-2.0330579 -0.84297514 0.92662495
-2.0330579 -0.94214869 0.029999999
-2.0330579 -0.94214869 0.12962499
-2.0330579 -0.94214869 0.22925
-2.0330579 -0.94214869 0.32887501
-2.0330579 -0.94214869 0.4285
-2.0330579 -0.94214869 0.52812499
-2.0330579 -0.94214869 0.62774998
-2.0330579 -0.94214869 0.72737497
-2.0330579 -0.94214869 0.82699996
-2.0330579 -0.94214869 0.92662495
-2.0330579 -2.6280994 0.62774998
-2.0330579 -2.6280994 0.72737497
-2.0330579 -2.6280994 0.82699996
-2.0330579 -2.6280994 0.92662495
-2.0330579 -2.6280994 1.02625
-2.0330579 -2.727273 0.62774998
-2.0330579 -2.727273 0.72737497
-2.0330579 -2.727273 0.92662495
-2.0330579 -2.727273 1.02625
-2.0330579 -2.8264465 0.62774998
-2.0330579 -2.8264465 0.72737497
-2.0330579 -2.8264465 0.92662495
-2.0330579 -2.8264465 1.02625
-2.0330579 -2.9256201 0.62774998
-2.0330579 -2.9256201 0.72737497
-2.0330579 -2.9256201 0.82699996
-2.0330579 -2.9256201 0.92662495
-2.0330579 -2.9256201 1.02625
-2.0330579 -3.0247936 0.72737497
-2.0330579 -3.0247936 0.82699996
-2.0330579 -3.0247936 0.92662495
-2.0330579 -5.2066116 0.4285
-2.0330579 -5.2066116 0.52812499
-2.0330579 -5.2066116 0.62774998
-2.0330579 -5.2066116 0.72737497
-2.0330579 -5.3057852 0.4285
-2.0330579 -5.3057852 0.72737497
-2.0330579 -5.4049587 0.4285
-2.0330579 -5.4049587 0.72737497
-2.0330579 -5.5041323 0.4285
-2.0330579 -5.5041323 0.72737497
-2.0330579 -5.6033058 0.4285
-2.0330579 -5.6033058 0.72737497
-2.0330579 -5.7024794 0.52812499
-2.0330579 -5.7024794 0.62774998
-2.0330579 -5.7024794 0.72737497
-1.9338841 5.5041323 0.72737497
-1.9338841 5.5041323 0.82699996
-1.9338841 5.5041323 0.92662495
-1.9338841 5.4049587 0.72737497
-1.9338841 5.4049587 1.02625
-1.9338841 5.3057852 0.72737497
-1.9338841 5.3057852 0.82699996
-1.9338841 5.3057852 0.92662495
-1.9338841 5.3057852 1.02625
-1.9338841 5.2066116 0.72737497
-1.9338841 5.2066116 0.82699996
-1.9338841 5.2066116 0.92662495
-1.9338841 4.8099174 0.62774998
-1.9338841 4.8099174 0.72737497
-1.9338841 4.8099174 0.82699996
-1.9338841 4.7107439 0.62774998
-1.9338841 4.7107439 0.92662495
-1.9338841 4.6115704 0.62774998
-1.9338841 4.6115704 0.92662495
-1.9338841 4.5123968 0.62774998
-1.9338841 4.5123968 0.72737497
-1.9338841 4.5123968 0.82699996
-1.9338841 4.5123968 0.92662495
-1.9338841 4.4132233 0.62774998
-1.9338841 4.4132233 0.72737497
-1.9338841 4.4132233 0.82699996
-1.9338841 -0.74380159 0.029999999
-1.9338841 -0.74380159 0.12962499
-1.9338841 -0.74380159 0.22925
-1.9338841 -0.74380159 0.32887501
-1.9338841 -0.74380159 0.4285
-1.9338841 -0.74380159 0.52812499
-1.9338841 -0.74380159 0.62774998
-1.9338841 -0.74380159 0.72737497
-1.9338841 -0.74380159 0.82699996
-1.9338841 -0.74380159 0.92662495
-1.9338841 -0.84297514 0.029999999
-1.9338841 -0.84297514 0.12962499
-1.9338841 -0.84297514 0.22925
-1.9338841 -0.84297514 0.32887501
-1.9338841 -0.84297514 0.4285
-1.9338841 -0.84297514 0.52812499
-1.9338841 -0.84297514 0.62774998
-1.9338841 -0.84297514 0.72737497
-1.9338841 -0.84297514 0.82699996
-1.9338841 -0.84297514 0.92662495
-1.9338841 -0.84297514 1.02625
-1.9338841 -0.94214869 0.029999999
-1.9338841 -0.94214869 1.02625
-1.9338841 -1.0413222 0.029999999
-1.9338841 -1.0413222 0.12962499
-1.9338841 -1.0413222 0.22925
-1.9338841 -1.0413222 0.32887501
-1.9338841 -1.0413222 0.4285
-1.9338841 -1.0413222 0.52812499
-1.9338841 -1.0413222 0.62774998
-1.9338841 -1.0413222 0.72737497
-1.9338841 -1.0413222 0.82699996
-1.9338841 -1.0413222 0.92662495
-1.9338841 -2.5289259 0.72737497
-1.9338841 -2.5289259 0.82699996
-1.9338841 -2.5289259 0.92662495
-1.9338841 -2.6280994 0.62774998
-1.9338841 -2.6280994 0.72737497
-1.9338841 -2.6280994 0.92662495
-1.9338841 -2.6280994 1.02625
-1.9338841 -2.727273 0.62774998
-1.9338841 -2.727273 0.72737497
-1.9338841 -2.727273 0.92662495
-1.9338841 -2.727273 1.02625
-1.9338841 -2.8264465 0.62774998
-1.9338841 -2.8264465 0.72737497
-1.9338841 -2.8264465 0.92662495
-1.9338841 -2.8264465 1.02625
-1.9338841 -2.9256201 0.72737497
-1.9338841 -2.9256201 0.82699996
-1.9338841 -2.9256201 0.92662495
-1.9338841 -4.5123968 0.029999999
-1.9338841 -4.5123968 0.12962499
-1.9338841 -4.5123968 0.22925
-1.9338841 -4.5123968 0.32887501
-1.9338841 -4.5123968 0.4285
-1.9338841 -4.5123968 0.52812499
-1.9338841 -4.5123968 0.62774998
-1.9338841 -4.5123968 0.72737497
-1.9338841 -4.6115704 0.029999999
-1.9338841 -4.6115704 0.12962499
-1.9338841 -4.6115704 0.22925
-1.9338841 -4.6115704 0.32887501
-1.9338841 -4.6115704 0.4285
-1.9338841 -4.6115704 0.52812499
-1.9338841 -4.6115704 0.62774998
-1.9338841 -4.6115704 0.72737497
-1.9338841 -4.6115704 0.82699996
-1.9338841 -4.7107439 0.029999999
-1.9338841 -4.7107439 0.12962499
-1.9338841 -4.7107439 0.22925
-1.9338841 -4.7107439 0.32887501
-1.9338841 -4.7107439 0.4285
-1.9338841 -4.7107439 0.52812499
-1.9338841 -4.7107439 0.62774998
-1.9338841 -4.7107439 0.72737497
-1.9338841 -4.7107439 0.82699996
-1.9338841 -4.8099174 0.029999999
-1.9338841 -4.8099174 0.12962499
-1.9338841 -4.8099174 0.22925
-1.9338841 -4.8099174 0.32887501
-1.9338841 -4.8099174 0.4285
-1.9338841 -4.8099174 0.52812499
-1.9338841 -4.8099174 0.62774998
-1.9338841 -4.8099174 0.72737497
-1.9338841 -5.0082645 0.52812499
-1.9338841 -5.0082645 0.62774998
-1.9338841 -5.0082645 0.72737497
-1.9338841 -5.1074381 0.4285
-1.9338841 -5.1074381 0.52812499
-1.9338841 -5.1074381 0.62774998
-1.9338841 -5.1074381 0.72737497
-1.9338841 -5.2066116 0.4285
-1.9338841 -5.2066116 0.72737497
-1.9338841 -5.3057852 0.4285
-1.9338841 -5.3057852 0.72737497
-1.9338841 -5.4049587 0.4285
-1.9338841 -5.4049587 0.72737497
-1.9338841 -5.5041323 0.4285
-1.9338841 -5.5041323 0.52812499
-1.9338841 -5.5041323 0.62774998
-1.9338841 -5.5041323 0.72737497
-1.9338841 -5.6033058 0.52812499
-1.9338841 -5.6033058 0.62774998
-1.9338841 -5.6033058 0.72737497
-1.8347106 5.4049587 0.72737497
-1.8347106 5.4049587 0.82699996
-1.8347106 5.4049587 0.92662495
-1.8347106 4.8099174 0.62774998
-1.8347106 4.8099174 0.72737497
-1.8347106 4.8099174 0.82699996
-1.8347106 4.7107439 0.62774998
-1.8347106 4.7107439 0.92662495
-1.8347106 4.6115704 0.62774998
-1.8347106 4.6115704 0.92662495
-1.8347106 4.5123968 0.62774998
-1.8347106 4.5123968 0.72737497
-1.8347106 4.5123968 0.82699996
-1.8347106 4.5123968 0.92662495
-1.8347106 -0.74380159 0.029999999
-1.8347106 -0.74380159 0.12962499
-1.8347106 -0.74380159 0.22925
-1.8347106 -0.74380159 0.32887501
-1.8347106 -0.74380159 0.4285
-1.8347106 -0.74380159 0.52812499
-1.8347106 -0.74380159 0.62774998
-1.8347106 -0.74380159 0.72737497
-1.8347106 -0.74380159 0.82699996
-1.8347106 -0.74380159 0.92662495
-1.8347106 -0.84297514 0.029999999
-1.8347106 -0.84297514 0.12962499
-1.8347106 -0.84297514 0.22925
-1.8347106 -0.84297514 0.32887501
-1.8347106 -0.84297514 0.4285
-1.8347106 -0.84297514 0.52812499
-1.8347106 -0.84297514 0.62774998
-1.8347106 -0.84297514 0.72737497
-1.8347106 -0.84297514 0.82699996
-1.8347106 -0.84297514 0.92662495
-1.8347106 -0.84297514 1.02625
-1.8347106 -0.94214869 0.029999999
-1.8347106 -0.94214869 0.12962499
-1.8347106 -0.94214869 0.22925
-1.8347106 -0.94214869 0.32887501
-1.8347106 -0.94214869 0.4285
-1.8347106 -0.94214869 0.52812499
-1.8347106 -0.94214869 0.62774998
-1.8347106 -0.94214869 0.72737497
-1.8347106 -0.94214869 0.82699996
-1.8347106 -0.94214869 0.92662495
-1.8347106 -0.94214869 1.02625
-1.8347106 -1.0413222 0.029999999
-1.8347106 -1.0413222 0.12962499
-1.8347106 -1.0413222 0.22925
-1.8347106 -1.0413222 0.32887501
-1.8347106 -1.0413222 0.4285
-1.8347106 -1.0413222 0.52812499
-1.8347106 -1.0413222 0.62774998
-1.8347106 -1.0413222 0.72737497
-1.8347106 -1.0413222 0.82699996
-1.8347106 -1.0413222 0.92662495
-1.8347106 -2.5289259 0.62774998
-1.8347106 -2.5289259 0.72737497
-1.8347106 -2.5289259 0.82699996
-1.8347106 -2.5289259 0.92662495
-1.8347106 -2.5289259 1.02625
-1.8347106 -2.6280994 0.62774998
-1.8347106 -2.6280994 0.72737497
-1.8347106 -2.6280994 0.92662495
-1.8347106 -2.6280994 1.02625
-1.8347106 -2.727273 0.62774998
-1.8347106 -2.727273 0.72737497
-1.8347106 -2.727273 0.92662495
-1.8347106 -2.727273 1.02625
-1.8347106 -2.8264465 0.62774998
-1.8347106 -2.8264465 0.72737497
-1.8347106 -2.8264465 0.82699996
-1.8347106 -2.8264465 0.92662495
-1.8347106 -2.8264465 1.02625
-1.8347106 -4.5123968 0.029999999
-1.8347106 -4.5123968 0.12962499
-1.8347106 -4.5123968 0.22925
-1.8347106 -4.5123968 0.32887501
-1.8347106 -4.5123968 0.4285
-1.8347106 -4.5123968 0.52812499
-1.8347106 -4.5123968 0.62774998
-1.8347106 -4.5123968 0.72737497
-1.8347106 -4.6115704 0.029999999
-1.8347106 -4.6115704 0.82699996
-1.8347106 -4.7107439 0.029999999
-1.8347106 -4.7107439 0.82699996
-1.8347106 -4.8099174 0.029999999
-1.8347106 -4.8099174 0.12962499
-1.8347106 -4.8099174 0.22925
-1.8347106 -4.8099174 0.32887501
-1.8347106 -4.8099174 0.4285
-1.8347106 -4.8099174 0.52812499
-1.8347106 -4.8099174 0.62774998
-1.8347106 -4.8099174 0.72737497
-1.8347106 -4.909091 0.52812499
-1.8347106 -4.909091 0.62774998
-1.8347106 -4.909091 0.72737497
-1.8347106 -5.0082645 0.4285
-1.8347106 -5.0082645 0.72737497
-1.8347106 -5.1074381 0.4285
-1.8347106 -5.1074381 0.72737497
-1.8347106 -5.2066116 0.4285
-1.8347106 -5.2066116 0.72737497
-1.8347106 -5.3057852 0.4285
-1.8347106 -5.3057852 0.72737497
-1.8347106 -5.4049587 0.4285
-1.8347106 -5.4049587 0.52812499
-1.8347106 -5.4049587 0.62774998
-1.8347106 -5.4049587 0.72737497
-1.7355371 4.8099174 0.62774998
-1.7355371 4.8099174 0.72737497
-1.7355371 4.8099174 0.82699996
-1.7355371 4.8099174 0.92662495
-1.7355371 4.7107439 0.62774998
-1.7355371 4.7107439 0.92662495
-1.7355371 4.6115704 0.62774998
-1.7355371 4.6115704 0.92662495
-1.7355371 4.5123968 0.62774998
-1.7355371 4.5123968 0.72737497
-1.7355371 4.5123968 0.82699996
-1.7355371 4.4132233 0.62774998
-1.7355371 4.4132233 0.72737497
-1.7355371 4.4132233 0.82699996
-1.7355371 4.4132233 0.92662495
-1.7355371 4.3140497 0.62774998
-1.7355371 4.3140497 0.72737497
-1.7355371 4.3140497 0.82699996
-1.7355371 4.3140497 0.92662495
-1.7355371 4.2148762 0.62774998
-1.7355371 4.2148762 0.72737497
-1.7355371 4.2148762 0.82699996
-1.7355371 4.2148762 0.92662495
-1.7355371 4.1157026 0.72737497
-1.7355371 4.1157026 0.82699996
-1.7355371 4.1157026 0.92662495
-1.7355371 -2.4297523 0.72737497
-1.7355371 -2.4297523 0.82699996
-1.7355371 -2.4297523 0.92662495
-1.7355371 -2.5289259 0.62774998
-1.7355371 -2.5289259 0.72737497
-1.7355371 -2.5289259 0.92662495
-1.7355371 -2.5289259 1.02625
-1.7355371 -2.6280994 0.62774998
-1.7355371 -2.6280994 0.72737497
-1.7355371 -2.6280994 0.92662495
-1.7355371 -2.6280994 1.02625
-1.7355371 -2.727273 0.62774998
-1.7355371 -2.727273 0.72737497
-1.7355371 -2.727273 0.92662495
-1.7355371 -2.727273 1.02625
-1.7355371 -2.8264465 0.72737497
-1.7355371 -2.8264465 0.82699996
-1.7355371 -2.8264465 0.92662495
-1.7355371 -4.5123968 0.029999999
-1.7355371 -4.5123968 0.12962499
-1.7355371 -4.5123968 0.22925
-1.7355371 -4.5123968 0.32887501
-1.7355371 -4.5123968 0.4285
-1.7355371 -4.5123968 0.52812499
-1.7355371 -4.5123968 0.62774998
-1.7355371 -4.5123968 0.72737497
-1.7355371 -4.6115704 0.029999999
-1.7355371 -4.6115704 0.12962499
-1.7355371 -4.6115704 0.22925
-1.7355371 -4.6115704 0.32887501
-1.7355371 -4.6115704 0.4285
-1.7355371 -4.6115704 0.52812499
-1.7355371 -4.6115704 0.62774998
-1.7355371 -4.6115704 0.72737497
-1.7355371 -4.6115704 0.82699996
-1.7355371 -4.7107439 0.029999999
-1.7355371 -4.7107439 0.12962499
-1.7355371 -4.7107439 0.22925
-1.7355371 -4.7107439 0.32887501
-1.7355371 -4.7107439 0.4285
-1.7355371 -4.7107439 0.52812499
-1.7355371 -4.7107439 0.62774998
-1.7355371 -4.7107439 0.72737497
-1.7355371 -4.7107439 0.82699996
-1.7355371 -4.8099174 0.029999999
-1.7355371 -4.8099174 0.12962499
-1.7355371 -4.8099174 0.22925
-1.7355371 -4.8099174 0.32887501
-1.7355371 -4.8099174 0.4285
-1.7355371 -4.8099174 0.52812499
-1.7355371 -4.8099174 0.62774998
-1.7355371 -4.8099174 0.72737497
-1.7355371 -4.909091 0.4285
-1.7355371 -4.909091 0.72737497
-1.7355371 -5.0082645 0.4285
-1.7355371 -5.0082645 0.72737497
-1.7355371 -5.1074381 0.4285
-1.7355371 -5.1074381 0.72737497
-1.7355371 -5.2066116 0.4285
-1.7355371 -5.2066116 0.72737497
-1.7355371 -5.3057852 0.52812499
-1.7355371 -5.3057852 0.62774998
-1.7355371 -5.3057852 0.72737497
-1.6363635 6 0.029999999
-1.6363635 6 0.12962499
-1.6363635 6 0.22925
-1.6363635 6 0.32887501
-1.6363635 6 0.4285
-1.6363635 6 0.52812499
-1.6363635 5.9008265 0.029999999
-1.6363635 5.9008265 0.12962499
-1.6363635 5.9008265 0.22925
-1.6363635 5.9008265 0.32887501
-1.6363635 5.9008265 0.4285
-1.6363635 5.9008265 0.52812499
-1.6363635 5.9008265 0.62774998
-1.6363635 5.8016529 0.029999999
-1.6363635 5.8016529 0.12962499
-1.6363635 5.8016529 0.22925
-1.6363635 5.8016529 0.32887501
-1.6363635 5.8016529 0.4285
-1.6363635 5.8016529 0.52812499
-1.6363635 5.8016529 0.62774998
-1.6363635 5.7024794 0.029999999
-1.6363635 5.7024794 0.12962499
-1.6363635 5.7024794 0.22925
-1.6363635 5.7024794 0.32887501
-1.6363635 5.7024794 0.4285
-1.6363635 5.7024794 0.52812499
-1.6363635 5.7024794 0.62774998
-1.6363635 4.909091 0.62774998
-1.6363635 4.909091 0.72737497
-1.6363635 4.909091 0.82699996
-1.6363635 4.8099174 0.62774998
-1.6363635 4.8099174 0.92662495
-1.6363635 4.7107439 0.62774998
-1.6363635 4.7107439 0.92662495
-1.6363635 4.6115704 0.62774998
-1.6363635 4.6115704 0.72737497
-1.6363635 4.6115704 0.82699996
-1.6363635 4.6115704 0.92662495
-1.6363635 4.5123968 0.62774998
-1.6363635 4.5123968 0.72737497
-1.6363635 4.5123968 0.82699996
-1.6363635 4.4132233 0.62774998
-1.6363635 4.4132233 0.72737497
-1.6363635 4.4132233 0.82699996
-1.6363635 4.4132233 0.92662495
-1.6363635 4.3140497 0.62774998
-1.6363635 4.3140497 0.92662495
-1.6363635 4.2148762 0.62774998
-1.6363635 4.2148762 0.92662495
-1.6363635 4.1157026 0.72737497
-1.6363635 4.1157026 0.82699996
-1.6363635 4.1157026 0.92662495
-1.6363635 -2.3305788 0.72737497
-1.6363635 -2.3305788 0.82699996
-1.6363635 -2.3305788 0.92662495
-1.6363635 -2.4297523 0.62774998
-1.6363635 -2.4297523 0.72737497
-1.6363635 -2.4297523 0.92662495
-1.6363635 -2.4297523 1.02625
-1.6363635 -2.5289259 0.62774998
-1.6363635 -2.5289259 0.72737497
-1.6363635 -2.5289259 0.92662495
-1.6363635 -2.5289259 1.02625
-1.6363635 -2.6280994 0.62774998
-1.6363635 -2.6280994 0.72737497
-1.6363635 -2.6280994 0.92662495
-1.6363635 -2.6280994 1.02625
-1.6363635 -2.727273 0.62774998
-1.6363635 -2.727273 0.72737497
-1.6363635 -2.727273 0.82699996
-1.6363635 -2.727273 0.92662495
-1.6363635 -2.727273 1.02625
-1.6363635 -4.6115704 0.52812499
-1.6363635 -4.6115704 0.62774998
-1.6363635 -4.6115704 0.72737497
-1.6363635 -4.7107439 0.4285
-1.6363635 -4.7107439 0.52812499
-1.6363635 -4.7107439 0.62774998
-1.6363635 -4.7107439 0.72737497
-1.6363635 -4.8099174 0.4285
-1.6363635 -4.8099174 0.72737497
-1.6363635 -4.909091 0.4285
-1.6363635 -4.909091 0.72737497
-1.6363635 -5.0082645 0.4285
-1.6363635 -5.0082645 0.72737497
-1.6363635 -5.1074381 0.4285
-1.6363635 -5.1074381 0.52812499
-1.6363635 -5.1074381 0.62774998
-1.6363635 -5.1074381 0.72737497
-1.6363635 -5.2066116 0.52812499
-1.6363635 -5.2066116 0.62774998
-1.6363635 -5.2066116 0.72737497
-1.53719 6 0.029999999
-1.53719 6 0.12962499
-1.53719 6 0.22925
-1.53719 6 0.32887501
-1.53719 6 0.4285
-1.53719 6 0.52812499
-1.53719 5.9008265 0.029999999
-1.53719 5.9008265 0.62774998
-1.53719 5.8016529 0.029999999
-1.53719 5.8016529 0.62774998
-1.53719 5.7024794 0.029999999
-1.53719 5.7024794 0.12962499
-1.53719 5.7024794 0.22925
-1.53719 5.7024794 0.32887501
-1.53719 5.7024794 0.4285
-1.53719 5.7024794 0.52812499
-1.53719 5.7024794 0.62774998
-1.53719 4.909091 0.62774998
-1.53719 4.909091 0.72737497
-1.53719 4.909091 0.82699996
-1.53719 4.909091 0.92662495
-1.53719 4.8099174 0.62774998
-1.53719 4.8099174 0.92662495
-1.53719 4.7107439 0.62774998
-1.53719 4.7107439 0.92662495
-1.53719 4.6115704 0.62774998
-1.53719 4.6115704 0.72737497
-1.53719 4.6115704 0.82699996
-1.53719 4.6115704 0.92662495
-1.53719 4.4132233 0.62774998
-1.53719 4.4132233 0.72737497
-1.53719 4.4132233 0.82699996
-1.53719 4.4132233 0.92662495
-1.53719 4.3140497 0.62774998
-1.53719 4.3140497 0.92662495
-1.53719 4.2148762 0.62774998
-1.53719 4.2148762 0.92662495
-1.53719 4.1157026 0.72737497
-1.53719 4.1157026 0.82699996
-1.53719 4.1157026 0.92662495
-1.53719 3.8181818 0.029999999
-1.53719 3.8181818 0.12962499
-1.53719 3.8181818 0.22925
-1.53719 3.8181818 0.32887501
-1.53719 3.8181818 0.4285
-1.53719 3.8181818 0.52812499
-1.53719 3.8181818 0.62774998
-1.53719 3.7190082 0.029999999
-1.53719 3.7190082 0.12962499
-1.53719 3.7190082 0.22925
-1.53719 3.7190082 0.32887501
-1.53719 3.7190082 0.4285
-1.53719 3.7190082 0.52812499
-1.53719 3.7190082 0.62774998
-1.53719 3.7190082 0.72737497
-1.53719 3.6198347 0.029999999
-1.53719 3.6198347 0.12962499
-1.53719 3.6198347 0.22925
-1.53719 3.6198347 0.32887501
-1.53719 3.6198347 0.4285
-1.53719 3.6198347 0.52812499
-1.53719 3.6198347 0.62774998
-1.53719 3.6198347 0.72737497
-1.53719 3.5206611 0.029999999
-1.53719 3.5206611 0.12962499
-1.53719 3.5206611 0.22925
-1.53719 3.5206611 0.32887501
-1.53719 3.5206611 0.4285
-1.53719 3.5206611 0.52812499
-1.53719 3.5206611 0.62774998
-1.53719 3.5206611 0.72737497
-1.53719 -2.3305788 0.62774998
-1.53719 -2.3305788 0.72737497
-1.53719 -2.3305788 0.82699996
-1.53719 -2.3305788 0.92662495
-1.53719 -2.3305788 1.02625
-1.53719 -2.4297523 0.62774998
-1.53719 -2.4297523 0.72737497
-1.53719 -2.4297523 0.92662495
-1.53719 -2.4297523 1.02625
-1.53719 -2.5289259 0.62774998
-1.53719 -2.5289259 0.72737497
-1.53719 -2.5289259 0.92662495
-1.53719 -2.5289259 1.02625
-1.53719 -2.6280994 0.62774998
-1.53719 -2.6280994 0.72737497
-1.53719 -2.6280994 0.82699996
-1.53719 -2.6280994 0.92662495
-1.53719 -2.6280994 1.02625
-1.53719 -4.7107439 0.4285
-1.53719 -4.7107439 0.52812499
-1.53719 -4.7107439 0.62774998
-1.53719 -4.7107439 0.72737497
-1.53719 -4.8099174 0.4285
-1.53719 -4.8099174 0.72737497
-1.53719 -4.909091 0.4285
-1.53719 -4.909091 0.72737497
-1.53719 -5.0082645 0.4285
-1.53719 -5.0082645 0.52812499
-1.53719 -5.0082645 0.62774998
-1.53719 -5.0082645 0.72737497
-1.4380164 6 0.029999999
-1.4380164 6 0.12962499
-1.4380164 6 0.22925
-1.4380164 6 0.32887501
-1.4380164 6 0.4285
-1.4380164 6 0.52812499
-1.4380164 5.9008265 0.029999999
-1.4380164 5.9008265 0.62774998
-1.4380164 5.8016529 0.029999999
-1.4380164 5.8016529 0.62774998
-1.4380164 5.7024794 0.029999999
-1.4380164 5.7024794 0.12962499
-1.4380164 5.7024794 0.22925
-1.4380164 5.7024794 0.32887501
-1.4380164 5.7024794 0.4285
-1.4380164 5.7024794 0.52812499
-1.4380164 5.7024794 0.62774998
-1.4380164 4.8099174 0.62774998
-1.4380164 4.8099174 0.72737497
-1.4380164 4.8099174 0.82699996
-1.4380164 4.7107439 0.62774998
-1.4380164 4.7107439 0.72737497
-1.4380164 4.7107439 0.82699996
-1.4380164 4.7107439 0.92662495
-1.4380164 4.6115704 0.62774998
-1.4380164 4.6115704 0.72737497
-1.4380164 4.6115704 0.82699996
-1.4380164 4.4132233 0.62774998
-1.4380164 4.4132233 0.72737497
-1.4380164 4.4132233 0.82699996
-1.4380164 4.4132233 0.92662495
-1.4380164 4.3140497 0.62774998
-1.4380164 4.3140497 0.92662495
-1.4380164 4.2148762 0.62774998
-1.4380164 4.2148762 0.92662495
-1.4380164 4.1157026 0.72737497
-1.4380164 4.1157026 0.82699996
-1.4380164 4.1157026 0.92662495
-1.4380164 3.8181818 0.029999999
-1.4380164 3.8181818 0.12962499
-1.4380164 3.8181818 0.22925
-1.4380164 3.8181818 0.32887501
-1.4380164 3.8181818 0.4285
-1.4380164 3.8181818 0.52812499
-1.4380164 3.8181818 0.62774998
-1.4380164 3.7190082 0.029999999
-1.4380164 3.7190082 0.72737497
-1.4380164 3.6198347 0.029999999
-1.4380164 3.6198347 0.72737497
-1.4380164 3.5206611 0.029999999
-1.4380164 3.5206611 0.12962499
-1.4380164 3.5206611 0.22925
-1.4380164 3.5206611 0.32887501
-1.4380164 3.5206611 0.4285
-1.4380164 3.5206611 0.52812499
-1.4380164 3.5206611 0.62774998
-1.4380164 3.5206611 0.72737497
-1.4380164 -2.2314053 0.72737497
-1.4380164 -2.2314053 0.82699996
-1.4380164 -2.2314053 0.92662495
-1.4380164 -2.3305788 0.62774998
-1.4380164 -2.3305788 0.72737497
-1.4380164 -2.3305788 0.92662495
-1.4380164 -2.3305788 1.02625
-1.4380164 -2.4297523 0.62774998
-1.4380164 -2.4297523 0.72737497
-1.4380164 -2.4297523 0.92662495
-1.4380164 -2.4297523 1.02625
-1.4380164 -2.5289259 0.62774998
-1.4380164 -2.5289259 0.72737497
-1.4380164 -2.5289259 0.92662495
-1.4380164 -2.5289259 1.02625
-1.4380164 -2.6280994 0.72737497
-1.4380164 -2.6280994 0.82699996
-1.4380164 -2.6280994 0.92662495
-1.4380164 -3.0247936 0.029999999
-1.4380164 -3.0247936 0.12962499
-1.4380164 -3.0247936 0.22925
-1.4380164 -3.0247936 0.32887501
-1.4380164 -3.0247936 0.4285
-1.4380164 -3.0247936 0.52812499
-1.4380164 -3.0247936 0.62774998
-1.4380164 -3.0247936 0.72737497
-1.4380164 -3.0247936 0.82699996
-1.4380164 -3.1239672 0.029999999
-1.4380164 -3.1239672 0.12962499
-1.4380164 -3.1239672 0.22925
-1.4380164 -3.1239672 0.32887501
-1.4380164 -3.1239672 0.4285
-1.4380164 -3.1239672 0.52812499
-1.4380164 -3.1239672 0.62774998
-1.4380164 -3.1239672 0.72737497
-1.4380164 -3.1239672 0.82699996
-1.4380164 -3.2231407 0.029999999
-1.4380164 -3.2231407 0.12962499
-1.4380164 -3.2231407 0.22925
-1.4380164 -3.2231407 0.32887501
-1.4380164 -3.2231407 0.4285
-1.4380164 -3.2231407 0.52812499
-1.4380164 -3.2231407 0.62774998
-1.4380164 -3.2231407 0.72737497
-1.4380164 -3.2231407 0.82699996
-1.4380164 -4.7107439 0.52812499
-1.4380164 -4.7107439 0.62774998
-1.4380164 -4.7107439 0.72737497
-1.4380164 -4.8099174 0.4285
-1.4380164 -4.8099174 0.52812499
-1.4380164 -4.8099174 0.62774998
-1.4380164 -4.8099174 0.72737497
-1.4380164 -4.909091 0.52812499
-1.4380164 -4.909091 0.62774998
-1.4380164 -4.909091 0.72737497
-1.3388429 5.9008265 0.029999999
-1.3388429 5.9008265 0.12962499
-1.3388429 5.9008265 0.22925
-1.3388429 5.9008265 0.32887501
-1.3388429 5.9008265 0.4285
-1.3388429 5.9008265 0.52812499
-1.3388429 5.8016529 0.029999999
-1.3388429 5.8016529 0.12962499
-1.3388429 5.8016529 0.22925
-1.3388429 5.8016529 0.32887501
-1.3388429 5.8016529 0.4285
-1.3388429 5.8016529 0.52812499
-1.3388429 5.7024794 0.029999999
-1.3388429 5.7024794 0.12962499
-1.3388429 5.7024794 0.22925
-1.3388429 5.7024794 0.32887501
-1.3388429 5.7024794 0.4285
-1.3388429 5.7024794 0.52812499
-1.3388429 4.909091 0.62774998
-1.3388429 4.909091 0.72737497
-1.3388429 4.909091 0.82699996
-1.3388429 4.8099174 0.62774998
-1.3388429 4.8099174 0.72737497
-1.3388429 4.8099174 0.82699996
-1.3388429 4.7107439 0.62774998
-1.3388429 4.7107439 0.72737497
-1.3388429 4.7107439 0.82699996
-1.3388429 4.4132233 0.62774998
-1.3388429 4.4132233 0.72737497
-1.3388429 4.4132233 0.82699996
-1.3388429 4.4132233 0.92662495
-1.3388429 4.3140497 0.62774998
-1.3388429 4.3140497 0.92662495
-1.3388429 4.2148762 0.62774998
-1.3388429 4.2148762 0.92662495
-1.3388429 4.1157026 0.72737497
-1.3388429 4.1157026 0.82699996
-1.3388429 4.1157026 0.92662495
-1.3388429 3.8181818 0.029999999
-1.3388429 3.8181818 0.12962499
-1.3388429 3.8181818 0.22925
-1.3388429 3.8181818 0.32887501
-1.3388429 3.8181818 0.4285
-1.3388429 3.8181818 0.52812499
-1.3388429 3.8181818 0.62774998
-1.3388429 3.7190082 0.029999999
-1.3388429 3.7190082 0.12962499
-1.3388429 3.7190082 0.22925
-1.3388429 3.7190082 0.32887501
-1.3388429 3.7190082 0.4285
-1.3388429 3.7190082 0.52812499
-1.3388429 3.7190082 0.62774998
-1.3388429 3.7190082 0.72737497
-1.3388429 3.6198347 0.029999999
-1.3388429 3.6198347 0.12962499
-1.3388429 3.6198347 0.22925
-1.3388429 3.6198347 0.32887501
-1.3388429 3.6198347 0.4285
-1.3388429 3.6198347 0.52812499
-1.3388429 3.6198347 0.62774998
-1.3388429 3.6198347 0.72737497
-1.3388429 3.5206611 0.029999999
-1.3388429 3.5206611 0.12962499
-1.3388429 3.5206611 0.22925
-1.3388429 3.5206611 0.32887501
-1.3388429 3.5206611 0.4285
-1.3388429 3.5206611 0.52812499
-1.3388429 3.5206611 0.62774998
-1.3388429 3.5206611 0.72737497
-1.3388429 -2.2314053 0.62774998
-1.3388429 -2.2314053 0.72737497
-1.3388429 -2.2314053 0.82699996
-1.3388429 -2.2314053 0.92662495
-1.3388429 -2.2314053 1.02625
-1.3388429 -2.3305788 0.62774998
-1.3388429 -2.3305788 0.72737497
-1.3388429 -2.3305788 0.92662495
-1.3388429 -2.3305788 1.02625
-1.3388429 -2.4297523 0.62774998
-1.3388429 -2.4297523 0.72737497
-1.3388429 -2.4297523 0.92662495
-1.3388429 -2.4297523 1.02625
-1.3388429 -2.5289259 0.62774998
-1.3388429 -2.5289259 0.72737497
-1.3388429 -2.5289259 0.82699996
-1.3388429 -2.5289259 0.92662495
-1.3388429 -2.5289259 1.02625
-1.3388429 -2.9256201 0.029999999
-1.3388429 -2.9256201 0.12962499
-1.3388429 -2.9256201 0.22925
-1.3388429 -2.9256201 0.32887501
-1.3388429 -2.9256201 0.4285
-1.3388429 -2.9256201 0.52812499
-1.3388429 -2.9256201 0.62774998
-1.3388429 -2.9256201 0.72737497
-1.3388429 -2.9256201 0.82699996
-1.3388429 -3.0247936 0.029999999
-1.3388429 -3.0247936 0.12962499
-1.3388429 -3.0247936 0.22925
-1.3388429 -3.0247936 0.32887501
-1.3388429 -3.0247936 0.4285
-1.3388429 -3.0247936 0.52812499
-1.3388429 -3.0247936 0.62774998
-1.3388429 -3.0247936 0.72737497
-1.3388429 -3.0247936 0.82699996
-1.3388429 -3.0247936 0.92662495
-1.3388429 -3.1239672 0.029999999
-1.3388429 -3.1239672 0.92662495
-1.3388429 -3.2231407 0.029999999
-1.3388429 -3.2231407 0.12962499
-1.3388429 -3.2231407 0.22925
-1.3388429 -3.2231407 0.32887501
-1.3388429 -3.2231407 0.4285
-1.3388429 -3.2231407 0.52812499
-1.3388429 -3.2231407 0.62774998
-1.3388429 -3.2231407 0.72737497
-1.3388429 -3.2231407 0.82699996
-1.3388429 -3.2231407 0.92662495
-1.3388429 -4.8099174 0.52812499
-1.3388429 -4.8099174 0.62774998
-1.3388429 -4.8099174 0.72737497
-1.2396693 4.909091 0.52812499
-1.2396693 4.909091 0.62774998
-1.2396693 4.909091 0.72737497
-1.2396693 4.909091 0.82699996
-1.2396693 4.8099174 0.52812499
-1.2396693 4.8099174 0.82699996
-1.2396693 4.7107439 0.52812499
-1.2396693 4.7107439 0.62774998
-1.2396693 4.7107439 0.72737497
-1.2396693 4.7107439 0.82699996
-1.2396693 4.6115704 0.62774998
-1.2396693 4.6115704 0.72737497
-1.2396693 4.6115704 0.82699996
-1.2396693 4.4132233 0.62774998
-1.2396693 4.4132233 0.72737497
-1.2396693 4.4132233 0.82699996
-1.2396693 4.4132233 0.92662495
-1.2396693 4.3140497 0.62774998
-1.2396693 4.3140497 0.92662495
-1.2396693 4.2148762 0.62774998
-1.2396693 4.2148762 0.92662495
-1.2396693 4.1157026 0.72737497
-1.2396693 4.1157026 0.82699996
-1.2396693 4.1157026 0.92662495
-1.2396693 -2.1322317 0.62774998
-1.2396693 -2.1322317 0.72737497
-1.2396693 -2.1322317 0.82699996
-1.2396693 -2.1322317 0.92662495
-1.2396693 -2.1322317 1.02625
-1.2396693 -2.2314053 0.62774998
-1.2396693 -2.2314053 0.72737497
-1.2396693 -2.2314053 0.92662495
-1.2396693 -2.2314053 1.02625
-1.2396693 -2.3305788 0.62774998
-1.2396693 -2.3305788 0.72737497
-1.2396693 -2.3305788 0.92662495
-1.2396693 -2.3305788 1.02625
-1.2396693 -2.4297523 0.62774998
-1.2396693 -2.4297523 0.72737497
-1.2396693 -2.4297523 0.82699996
-1.2396693 -2.4297523 0.92662495
-1.2396693 -2.4297523 1.02625
-1.2396693 -2.5289259 0.72737497
-1.2396693 -2.5289259 0.82699996
-1.2396693 -2.5289259 0.92662495
-1.2396693 -2.9256201 0.029999999
-1.2396693 -2.9256201 0.12962499
-1.2396693 -2.9256201 0.22925
-1.2396693 -2.9256201 0.32887501
-1.2396693 -2.9256201 0.4285
-1.2396693 -2.9256201 0.52812499
-1.2396693 -2.9256201 0.62774998
-1.2396693 -2.9256201 0.72737497
-1.2396693 -2.9256201 0.82699996
-1.2396693 -3.0247936 0.029999999
-1.2396693 -3.0247936 0.12962499
-1.2396693 -3.0247936 0.22925
-1.2396693 -3.0247936 0.32887501
-1.2396693 -3.0247936 0.4285
-1.2396693 -3.0247936 0.52812499
-1.2396693 -3.0247936 0.62774998
-1.2396693 -3.0247936 0.72737497
-1.2396693 -3.0247936 0.82699996
-1.2396693 -3.0247936 0.92662495
-1.2396693 -3.1239672 0.029999999
-1.2396693 -3.1239672 0.92662495
-1.2396693 -3.2231407 0.029999999
-1.2396693 -3.2231407 0.12962499
-1.2396693 -3.2231407 0.22925
-1.2396693 -3.2231407 0.32887501
-1.2396693 -3.2231407 0.4285
-1.2396693 -3.2231407 0.52812499
-1.2396693 -3.2231407 0.62774998
-1.2396693 -3.2231407 0.72737497
-1.2396693 -3.2231407 0.82699996
-1.2396693 -3.2231407 0.92662495
-1.1404958 4.909091 0.52812499
-1.1404958 4.909091 0.62774998
-1.1404958 4.909091 0.72737497
-1.1404958 4.909091 0.82699996
-1.1404958 4.8099174 0.52812499
-1.1404958 4.8099174 0.82699996
-1.1404958 4.7107439 0.52812499
-1.1404958 4.7107439 0.82699996
-1.1404958 4.6115704 0.62774998
-1.1404958 4.6115704 0.72737497
-1.1404958 4.6115704 0.82699996
-1.1404958 4.4132233 0.62774998
-1.1404958 4.4132233 0.72737497
-1.1404958 4.4132233 0.82699996
-1.1404958 4.4132233 0.92662495
-1.1404958 4.3140497 0.62774998
-1.1404958 4.3140497 0.92662495
-1.1404958 4.2148762 0.62774998
-1.1404958 4.2148762 0.92662495
-1.1404958 4.1157026 0.72737497
-1.1404958 4.1157026 0.82699996
-1.1404958 4.1157026 0.92662495
-1.1404958 1.7355371 0.52812499
-1.1404958 1.7355371 0.62774998
-1.1404958 1.7355371 0.72737497
-1.1404958 -2.0330582 0.72737497
-1.1404958 -2.0330582 0.82699996
-1.1404958 -2.0330582 0.92662495
-1.1404958 -2.1322317 0.62774998
-1.1404958 -2.1322317 0.72737497
-1.1404958 -2.1322317 0.82699996
-1.1404958 -2.1322317 0.92662495
-1.1404958 -2.1322317 1.02625
-1.1404958 -2.2314053 0.62774998
-1.1404958 -2.2314053 0.72737497
-1.1404958 -2.2314053 0.92662495
-1.1404958 -2.2314053 1.02625
-1.1404958 -2.3305788 0.62774998
-1.1404958 -2.3305788 0.72737497
-1.1404958 -2.3305788 0.92662495
-1.1404958 -2.3305788 1.02625
-1.1404958 -2.4297523 0.72737497
-1.1404958 -2.4297523 0.82699996
-1.1404958 -2.4297523 0.92662495
-1.1404958 -3.0247936 0.029999999
-1.1404958 -3.0247936 0.12962499
-1.1404958 -3.0247936 0.22925
-1.1404958 -3.0247936 0.32887501
-1.1404958 -3.0247936 0.4285
-1.1404958 -3.0247936 0.52812499
-1.1404958 -3.0247936 0.62774998
-1.1404958 -3.0247936 0.72737497
-1.1404958 -3.0247936 0.82699996
-1.1404958 -3.1239672 0.029999999
-1.1404958 -3.1239672 0.12962499
-1.1404958 -3.1239672 0.22925
-1.1404958 -3.1239672 0.32887501
-1.1404958 -3.1239672 0.4285
-1.1404958 -3.1239672 0.52812499
-1.1404958 -3.1239672 0.62774998
-1.1404958 -3.1239672 0.72737497
-1.1404958 -3.1239672 0.82699996
-1.1404958 -3.2231407 0.029999999
-1.1404958 -3.2231407 0.12962499
-1.1404958 -3.2231407 0.22925
-1.1404958 -3.2231407 0.32887501
-1.1404958 -3.2231407 0.4285
-1.1404958 -3.2231407 0.52812499
-1.1404958 -3.2231407 0.62774998
-1.1404958 -3.2231407 0.72737497
-1.1404958 -3.2231407 0.82699996
-1.0413222 5.0082645 0.62774998
-1.0413222 5.0082645 0.72737497
-1.0413222 5.0082645 0.82699996
-1.0413222 4.909091 0.52812499
-1.0413222 4.909091 0.82699996
-1.0413222 4.8099174 0.52812499
-1.0413222 4.8099174 0.82699996
-1.0413222 4.7107439 0.52812499
-1.0413222 4.7107439 0.62774998
-1.0413222 4.7107439 0.72737497
-1.0413222 4.7107439 0.82699996
-1.0413222 4.6115704 0.62774998
-1.0413222 4.6115704 0.72737497
-1.0413222 4.6115704 0.82699996
-1.0413222 4.4132233 0.62774998
-1.0413222 4.4132233 0.72737497
-1.0413222 4.4132233 0.82699996
-1.0413222 4.4132233 0.92662495
-1.0413222 4.3140497 0.62774998
-1.0413222 4.3140497 0.92662495
-1.0413222 4.2148762 0.62774998
-1.0413222 4.2148762 0.92662495
-1.0413222 4.1157026 0.72737497
-1.0413222 4.1157026 0.82699996
-1.0413222 4.1157026 0.92662495
-1.0413222 1.8347106 0.52812499
-1.0413222 1.8347106 0.62774998
-1.0413222 1.8347106 0.72737497
-1.0413222 1.7355371 0.4285
-1.0413222 1.7355371 0.72737497
-1.0413222 1.6363635 0.52812499
-1.0413222 1.6363635 0.62774998
-1.0413222 1.6363635 0.72737497
-1.0413222 -2.1322317 0.72737497
-1.0413222 -2.1322317 0.82699996
-1.0413222 -2.1322317 0.92662495
-1.0413222 -2.2314053 0.62774998
-1.0413222 -2.2314053 0.72737497
-1.0413222 -2.2314053 0.82699996
-1.0413222 -2.2314053 0.92662495
-1.0413222 -2.2314053 1.02625
-1.0413222 -2.3305788 0.62774998
-1.0413222 -2.3305788 0.72737497
-1.0413222 -2.3305788 0.82699996
-1.0413222 -2.3305788 0.92662495
-1.0413222 -2.3305788 1.02625
-0.94214869 5.0082645 0.62774998
-0.94214869 5.0082645 0.72737497
-0.94214869 5.0082645 0.82699996
-0.94214869 4.909091 0.52812499
-0.94214869 4.909091 0.82699996
-0.94214869 4.8099174 0.029999999
-0.94214869 4.8099174 0.12962499
-0.94214869 4.8099174 0.22925
-0.94214869 4.8099174 0.32887501
-0.94214869 4.8099174 0.4285
-0.94214869 4.8099174 0.52812499
-0.94214869 4.8099174 0.62774998
-0.94214869 4.8099174 0.72737497
-0.94214869 4.8099174 0.82699996
-0.94214869 4.7107439 0.029999999
-0.94214869 4.7107439 0.12962499
-0.94214869 4.7107439 0.22925
-0.94214869 4.7107439 0.32887501
-0.94214869 4.7107439 0.4285
-0.94214869 4.7107439 0.52812499
-0.94214869 4.7107439 0.62774998
-0.94214869 4.7107439 0.72737497
-0.94214869 4.7107439 0.82699996
-0.94214869 4.6115704 0.029999999
-0.94214869 4.6115704 0.12962499
-0.94214869 4.6115704 0.22925
-0.94214869 4.6115704 0.32887501
-0.94214869 4.6115704 0.4285
-0.94214869 4.6115704 0.52812499
-0.94214869 4.6115704 0.62774998
-0.94214869 4.6115704 0.72737497
-0.94214869 4.6115704 0.82699996
-0.94214869 4.5123968 0.029999999
-0.94214869 4.5123968 0.12962499
-0.94214869 4.5123968 0.22925
-0.94214869 4.5123968 0.32887501
-0.94214869 4.5123968 0.4285
-0.94214869 4.5123968 0.52812499
-0.94214869 4.5123968 0.62774998
-0.94214869 4.5123968 0.72737497
-0.94214869 4.5123968 0.82699996
-0.94214869 4.4132233 0.62774998
-0.94214869 4.4132233 0.72737497
-0.94214869 4.4132233 0.82699996
-0.94214869 4.4132233 0.92662495
-0.94214869 4.3140497 0.62774998
-0.94214869 4.3140497 0.92662495
-0.94214869 4.2148762 0.62774998
-0.94214869 4.2148762 0.92662495
-0.94214869 4.1157026 0.72737497
-0.94214869 4.1157026 0.82699996
-0.94214869 4.1157026 0.92662495
-0.94214869 1.9338841 0.52812499
-0.94214869 1.9338841 0.62774998
-0.94214869 1.9338841 0.72737497
-0.94214869 1.8347106 0.4285
-0.94214869 1.8347106 0.72737497
-0.94214869 1.7355371 0.4285
-0.94214869 1.7355371 0.72737497
-0.94214869 1.6363635 0.4285
-0.94214869 1.6363635 0.72737497
-0.94214869 1.53719 0.52812499
-0.94214869 1.53719 0.62774998
-0.94214869 1.53719 0.72737497
-0.84297514 5.0082645 0.62774998
-0.84297514 5.0082645 0.72737497
-0.84297514 5.0082645 0.82699996
-0.84297514 4.909091 0.52812499
-0.84297514 4.909091 0.82699996
-0.84297514 4.8099174 0.029999999
-0.84297514 4.8099174 0.12962499
-0.84297514 4.8099174 0.22925
-0.84297514 4.8099174 0.32887501
-0.84297514 4.8099174 0.4285
-0.84297514 4.8099174 0.52812499
-0.84297514 4.8099174 0.62774998
-0.84297514 4.8099174 0.72737497
-0.84297514 4.8099174 0.82699996
-0.84297514 4.7107439 0.029999999
-0.84297514 4.7107439 0.52812499
-0.84297514 4.7107439 0.62774998
-0.84297514 4.7107439 0.72737497
-0.84297514 4.7107439 0.82699996
-0.84297514 4.6115704 0.029999999
-0.84297514 4.6115704 0.12962499
-0.84297514 4.6115704 0.22925
-0.84297514 4.6115704 0.32887501
-0.84297514 4.6115704 0.4285
-0.84297514 4.6115704 0.52812499
-0.84297514 4.6115704 0.62774998
-0.84297514 4.6115704 0.72737497
-0.84297514 4.6115704 0.82699996
-0.84297514 4.5123968 0.029999999
-0.84297514 4.5123968 0.12962499
-0.84297514 4.5123968 0.22925
-0.84297514 4.5123968 0.32887501
-0.84297514 4.5123968 0.4285
-0.84297514 4.5123968 0.52812499
-0.84297514 4.5123968 0.62774998
-0.84297514 4.5123968 0.72737497
-0.84297514 4.5123968 0.82699996
-0.84297514 4.4132233 0.62774998
-0.84297514 4.4132233 0.72737497
-0.84297514 4.4132233 0.82699996
-0.84297514 4.4132233 0.92662495
-0.84297514 4.3140497 0.62774998
-0.84297514 4.3140497 0.92662495
-0.84297514 4.2148762 0.62774998
-0.84297514 4.2148762 0.92662495
-0.84297514 4.1157026 0.72737497
-0.84297514 4.1157026 0.82699996
-0.84297514 4.1157026 0.92662495
-0.84297514 2.0330579 0.52812499
-0.84297514 2.0330579 0.62774998
-0.84297514 2.0330579 0.72737497
-0.84297514 1.9338841 0.4285
-0.84297514 1.9338841 0.72737497
-0.84297514 1.8347106 0.4285
-0.84297514 1.8347106 0.72737497
-0.84297514 1.7355371 0.4285
-0.84297514 1.7355371 0.72737497
-0.84297514 1.6363635 0.4285
-0.84297514 1.6363635 0.52812499
-0.84297514 1.6363635 0.62774998
-0.84297514 1.6363635 0.72737497
-0.84297514 0.5454545 0.029999999
-0.84297514 0.5454545 0.12962499
-0.84297514 0.5454545 0.22925
-0.84297514 0.5454545 0.32887501
-0.84297514 0.5454545 0.4285
-0.84297514 0.5454545 0.52812499
-0.84297514 0.44628096 0.029999999
-0.84297514 0.44628096 0.12962499
-0.84297514 0.44628096 0.22925
-0.84297514 0.44628096 0.32887501
-0.84297514 0.44628096 0.4285
-0.84297514 0.44628096 0.52812499
-0.84297514 0.34710741 0.029999999
-0.84297514 0.34710741 0.12962499
-0.84297514 0.34710741 0.22925
-0.84297514 0.34710741 0.32887501
-0.84297514 0.34710741 0.4285
-0.84297514 0.34710741 0.52812499
-0.74380159 5.0082645 0.52812499
-0.74380159 5.0082645 0.62774998
-0.74380159 5.0082645 0.72737497
-0.74380159 5.0082645 0.82699996
-0.74380159 4.909091 0.52812499
-0.74380159 4.909091 0.82699996
-0.74380159 4.8099174 0.029999999
-0.74380159 4.8099174 0.12962499
-0.74380159 4.8099174 0.22925
-0.74380159 4.8099174 0.32887501
-0.74380159 4.8099174 0.4285
-0.74380159 4.8099174 0.52812499
-0.74380159 4.8099174 0.62774998
-0.74380159 4.8099174 0.72737497
-0.74380159 4.8099174 0.82699996
-0.74380159 4.7107439 0.029999999
-0.74380159 4.7107439 0.12962499
-0.74380159 4.7107439 0.22925
-0.74380159 4.7107439 0.32887501
-0.74380159 4.7107439 0.4285
-0.74380159 4.7107439 0.52812499
-0.74380159 4.7107439 0.62774998
-0.74380159 4.7107439 0.72737497
-0.74380159 4.7107439 0.82699996
-0.74380159 4.6115704 0.029999999
-0.74380159 4.6115704 0.12962499
-0.74380159 4.6115704 0.22925
-0.74380159 4.6115704 0.32887501
-0.74380159 4.6115704 0.4285
-0.74380159 4.6115704 0.52812499
-0.74380159 4.6115704 0.62774998
-0.74380159 4.6115704 0.72737497
-0.74380159 4.6115704 0.82699996
-0.74380159 4.5123968 0.029999999
-0.74380159 4.5123968 0.12962499
-0.74380159 4.5123968 0.22925
-0.74380159 4.5123968 0.32887501
-0.74380159 4.5123968 0.4285
-0.74380159 4.5123968 0.52812499
-0.74380159 4.5123968 0.62774998
-0.74380159 4.5123968 0.72737497
-0.74380159 4.5123968 0.82699996
-0.74380159 4.4132233 0.62774998
-0.74380159 4.4132233 0.72737497
-0.74380159 4.4132233 0.82699996
-0.74380159 4.4132233 0.92662495
-0.74380159 4.3140497 0.62774998
-0.74380159 4.3140497 0.92662495
-0.74380159 4.2148762 0.62774998
-0.74380159 4.2148762 0.92662495
-0.74380159 4.1157026 0.72737497
-0.74380159 4.1157026 0.82699996
-0.74380159 4.1157026 0.92662495
-0.74380159 2.1322315 0.52812499
-0.74380159 2.1322315 0.62774998
-0.74380159 2.1322315 0.72737497
-0.74380159 2.0330579 0.4285
-0.74380159 2.0330579 0.72737497
-0.74380159 1.9338841 0.4285
-0.74380159 1.9338841 0.72737497
-0.74380159 1.8347106 0.4285
-0.74380159 1.8347106 0.72737497
-0.74380159 1.7355371 0.4285
-0.74380159 1.7355371 0.52812499
-0.74380159 1.7355371 0.62774998
-0.74380159 1.7355371 0.72737497
-0.74380159 0.5454545 0.029999999
-0.74380159 0.5454545 0.12962499
-0.74380159 0.5454545 0.22925
-0.74380159 0.5454545 0.32887501
-0.74380159 0.5454545 0.4285
-0.74380159 0.5454545 0.52812499
-0.74380159 0.44628096 0.029999999
-0.74380159 0.44628096 0.52812499
-0.74380159 0.34710741 0.029999999
-0.74380159 0.34710741 0.52812499
-0.74380159 0.24793386 0.029999999
-0.74380159 0.24793386 0.12962499
-0.74380159 0.24793386 0.22925
-0.74380159 0.24793386 0.32887501
-0.74380159 0.24793386 0.4285
-0.74380159 0.24793386 0.52812499
-0.64462805 5.0082645 0.52812499
-0.64462805 5.0082645 0.62774998
-0.64462805 5.0082645 0.72737497
-0.64462805 5.0082645 0.82699996
-0.64462805 4.909091 0.52812499
-0.64462805 4.909091 0.82699996
-0.64462805 4.8099174 0.52812499
-0.64462805 4.8099174 0.82699996
-0.64462805 4.8099174 0.92662495
-0.64462805 4.8099174 1.02625
-0.64462805 4.7107439 0.62774998
-0.64462805 4.7107439 0.72737497
-0.64462805 4.7107439 0.82699996
-0.64462805 4.7107439 0.92662495
-0.64462805 4.7107439 1.02625
-0.64462805 4.7107439 1.125875
-0.64462805 4.5123968 0.72737497
-0.64462805 4.5123968 0.82699996
-0.64462805 4.5123968 0.92662495
-0.64462805 4.4132233 0.62774998
-0.64462805 4.4132233 0.72737497
-0.64462805 4.4132233 0.82699996
-0.64462805 4.4132233 0.92662495
-0.64462805 4.3140497 0.62774998
-0.64462805 4.3140497 0.92662495
-0.64462805 4.2148762 0.62774998
-0.64462805 4.2148762 0.92662495
-0.64462805 4.1157026 0.72737497
-0.64462805 4.1157026 0.82699996
-0.64462805 4.1157026 0.92662495
-0.64462805 2.231405 0.52812499
-0.64462805 2.231405 0.62774998
-0.64462805 2.231405 0.72737497
-0.64462805 2.1322315 0.4285
-0.64462805 2.1322315 0.72737497
-0.64462805 2.0330579 0.4285
-0.64462805 2.0330579 0.72737497
-0.64462805 1.9338841 0.4285
-0.64462805 1.9338841 0.72737497
-0.64462805 1.8347106 0.4285
-0.64462805 1.8347106 0.52812499
-0.64462805 1.8347106 0.62774998
-0.64462805 1.8347106 0.72737497
-0.64462805 0.5454545 0.029999999
-0.64462805 0.5454545 0.12962499
-0.64462805 0.5454545 0.22925
-0.64462805 0.5454545 0.32887501
-0.64462805 0.5454545 0.4285
-0.64462805 0.5454545 0.52812499
-0.64462805 0.44628096 0.029999999
-0.64462805 0.44628096 0.52812499
-0.64462805 0.34710741 0.029999999
-0.64462805 0.34710741 0.52812499
-0.64462805 0.24793386 0.029999999
-0.64462805 0.24793386 0.12962499
-0.64462805 0.24793386 0.22925
-0.64462805 0.24793386 0.32887501
-0.64462805 0.24793386 0.4285
-0.64462805 0.24793386 0.52812499
-0.5454545 5.0082645 0.52812499
-0.5454545 5.0082645 0.62774998
-0.5454545 5.0082645 0.72737497
-0.5454545 5.0082645 0.82699996
-0.5454545 5.0082645 0.92662495
-0.5454545 5.0082645 1.02625
-0.5454545 4.909091 0.52812499
-0.5454545 4.909091 0.82699996
-0.5454545 4.909091 0.92662495
-0.5454545 4.909091 1.02625
-0.5454545 4.909091 1.125875
-0.5454545 4.8099174 0.52812499
-0.5454545 4.8099174 0.82699996
-0.5454545 4.8099174 1.125875
-0.5454545 4.7107439 0.62774998
-0.5454545 4.7107439 0.72737497
-0.5454545 4.7107439 0.82699996
-0.5454545 4.7107439 1.125875
-0.5454545 4.6115704 0.82699996
-0.5454545 4.6115704 0.92662495
-0.5454545 4.6115704 1.02625
-0.5454545 4.5123968 0.72737497
-0.5454545 4.5123968 0.82699996
-0.5454545 4.5123968 0.92662495
-0.5454545 4.4132233 0.62774998
-0.5454545 4.4132233 0.72737497
-0.5454545 4.4132233 0.82699996
-0.5454545 4.4132233 0.92662495
-0.5454545 4.3140497 0.62774998
-0.5454545 4.3140497 0.92662495
-0.5454545 4.2148762 0.62774998
-0.5454545 4.2148762 0.92662495
-0.5454545 4.1157026 0.72737497
-0.5454545 4.1157026 0.82699996
-0.5454545 4.1157026 0.92662495
-0.5454545 2.3305786 0.52812499
-0.5454545 2.3305786 0.62774998
-0.5454545 2.3305786 0.72737497
-0.5454545 2.231405 0.4285
-0.5454545 2.231405 0.72737497
-0.5454545 2.1322315 0.4285
-0.5454545 2.1322315 0.72737497
-0.5454545 2.0330579 0.4285
-0.5454545 2.0330579 0.72737497
-0.5454545 1.9338841 0.4285
-0.5454545 1.9338841 0.52812499
-0.5454545 1.9338841 0.62774998
-0.5454545 1.9338841 0.72737497
-0.5454545 1.1404958 0.62774998
-0.5454545 1.1404958 0.72737497
-0.5454545 1.1404958 0.82699996
-0.5454545 1.1404958 0.92662495
-0.5454545 1.0413222 0.72737497
-0.5454545 1.0413222 0.82699996
-0.5454545 1.0413222 0.92662495
-0.5454545 0.94214869 0.72737497
-0.5454545 0.94214869 0.82699996
-0.5454545 0.94214869 0.92662495
-0.5454545 0.5454545 0.029999999
-0.5454545 0.5454545 0.12962499
-0.5454545 0.5454545 0.22925
-0.5454545 0.5454545 0.32887501
-0.5454545 0.5454545 0.4285
-0.5454545 0.5454545 0.52812499
-0.5454545 0.44628096 0.029999999
-0.5454545 0.44628096 0.12962499
-0.5454545 0.44628096 0.22925
-0.5454545 0.44628096 0.32887501
-0.5454545 0.44628096 0.4285
-0.5454545 0.44628096 0.52812499
-0.5454545 0.34710741 0.029999999
-0.5454545 0.34710741 0.12962499
-0.5454545 0.34710741 0.22925
-0.5454545 0.34710741 0.32887501
-0.5454545 0.34710741 0.4285
-0.5454545 0.34710741 0.52812499
-0.5454545 -4.6115704 0.62774998
-0.5454545 -4.6115704 0.72737497
-0.5454545 -4.6115704 0.82699996
-0.44628096 5.2066116 0.82699996
-0.44628096 5.2066116 0.92662495
-0.44628096 5.2066116 1.02625
-0.44628096 5.1074381 0.62774998
-0.44628096 5.1074381 0.72737497
-0.44628096 5.1074381 0.82699996
-0.44628096 5.1074381 0.92662495
-0.44628096 5.1074381 1.02625
-0.44628096 5.1074381 1.125875
-0.44628096 5.0082645 0.52812499
-0.44628096 5.0082645 0.82699996
-0.44628096 5.0082645 1.125875
-0.44628096 4.909091 0.52812499
-0.44628096 4.909091 0.82699996
-0.44628096 4.909091 1.125875
-0.44628096 4.8099174 0.52812499
-0.44628096 4.8099174 0.62774998
-0.44628096 4.8099174 0.72737497
-0.44628096 4.8099174 0.82699996
-0.44628096 4.8099174 1.125875
-0.44628096 4.7107439 0.62774998
-0.44628096 4.7107439 0.72737497
-0.44628096 4.7107439 0.82699996
-0.44628096 4.7107439 1.125875
-0.44628096 4.6115704 0.82699996
-0.44628096 4.6115704 0.92662495
-0.44628096 4.6115704 1.02625
-0.44628096 4.6115704 1.125875
-0.44628096 4.5123968 0.72737497
-0.44628096 4.5123968 0.82699996
-0.44628096 4.5123968 0.92662495
-0.44628096 4.4132233 0.62774998
-0.44628096 4.4132233 0.72737497
-0.44628096 4.4132233 0.82699996
-0.44628096 4.4132233 0.92662495
-0.44628096 4.3140497 0.62774998
-0.44628096 4.3140497 0.72737497
-0.44628096 4.3140497 0.82699996
-0.44628096 4.3140497 0.92662495
-0.44628096 4.2148762 0.62774998
-0.44628096 4.2148762 0.72737497
-0.44628096 4.2148762 0.82699996
-0.44628096 4.2148762 0.92662495
-0.44628096 4.1157026 0.72737497
-0.44628096 4.1157026 0.82699996
-0.44628096 4.1157026 0.92662495
-0.44628096 2.4297521 0.52812499
-0.44628096 2.4297521 0.62774998
-0.44628096 2.4297521 0.72737497
-0.44628096 2.3305786 0.4285
-0.44628096 2.3305786 0.72737497
-0.44628096 2.231405 0.4285
-0.44628096 2.231405 0.72737497
-0.44628096 2.1322315 0.4285
-0.44628096 2.1322315 0.72737497
-0.44628096 2.0330579 0.4285
-0.44628096 2.0330579 0.52812499
-0.44628096 2.0330579 0.62774998
-0.44628096 2.0330579 0.72737497
-0.44628096 1.1404958 0.62774998
-0.44628096 1.1404958 0.72737497
-0.44628096 1.1404958 0.82699996
-0.44628096 1.1404958 0.92662495
-0.44628096 1.0413222 0.62774998
-0.44628096 1.0413222 0.92662495
-0.44628096 0.94214869 0.62774998
-0.44628096 0.94214869 0.92662495
-0.44628096 0.84297514 0.72737497
-0.44628096 0.84297514 0.82699996
-0.44628096 0.84297514 0.92662495
-0.44628096 -4.5123968 0.62774998
-0.44628096 -4.5123968 0.72737497
-0.44628096 -4.5123968 0.82699996
-0.44628096 -4.6115704 0.62774998
-0.44628096 -4.6115704 0.72737497
-0.44628096 -4.6115704 0.82699996
-0.44628096 -4.6115704 0.92662495
-0.44628096 -4.7107439 0.62774998
-0.44628096 -4.7107439 0.72737497
-0.44628096 -4.7107439 0.82699996
-0.44628096 -4.7107439 0.92662495
-0.44628096 -4.8099174 0.62774998
-0.44628096 -4.8099174 0.72737497
-0.44628096 -4.8099174 0.82699996
-0.34710741 5.6033058 0.62774998
-0.34710741 5.6033058 0.72737497
-0.34710741 5.6033058 0.82699996
-0.34710741 5.5041323 0.62774998
-0.34710741 5.5041323 0.72737497
-0.34710741 5.5041323 0.82699996
-0.34710741 5.5041323 0.92662495
-0.34710741 5.4049587 0.62774998
-0.34710741 5.4049587 0.72737497
-0.34710741 5.4049587 0.82699996
-0.34710741 5.4049587 0.92662495
-0.34710741 5.4049587 1.02625
-0.34710741 5.3057852 0.62774998
-0.34710741 5.3057852 0.72737497
-0.34710741 5.3057852 0.82699996
-0.34710741 5.3057852 0.92662495
-0.34710741 5.3057852 1.02625
-0.34710741 5.3057852 1.125875
-0.34710741 5.2066116 0.82699996
-0.34710741 5.2066116 1.125875
-0.34710741 5.1074381 0.62774998
-0.34710741 5.1074381 0.72737497
-0.34710741 5.1074381 0.82699996
-0.34710741 5.1074381 1.125875
-0.34710741 5.0082645 0.52812499
-0.34710741 5.0082645 0.82699996
-0.34710741 5.0082645 1.125875
-0.34710741 4.909091 0.52812499
-0.34710741 4.909091 0.82699996
-0.34710741 4.909091 1.125875
-0.34710741 4.8099174 0.52812499
-0.34710741 4.8099174 0.62774998
-0.34710741 4.8099174 0.72737497
-0.34710741 4.8099174 0.82699996
-0.34710741 4.8099174 1.125875
-0.34710741 4.7107439 0.82699996
-0.34710741 4.7107439 0.92662495
-0.34710741 4.7107439 1.02625
-0.34710741 4.7107439 1.125875
-0.34710741 4.6115704 0.82699996
-0.34710741 4.6115704 0.92662495
-0.34710741 4.6115704 1.02625
-0.34710741 4.4132233 0.72737497
-0.34710741 4.4132233 0.82699996
-0.34710741 4.4132233 0.92662495
-0.34710741 4.3140497 0.72737497
-0.34710741 4.3140497 0.82699996
-0.34710741 4.3140497 0.92662495
-0.34710741 4.2148762 0.72737497
-0.34710741 4.2148762 0.82699996
-0.34710741 4.2148762 0.92662495
-0.34710741 2.5289257 0.52812499
-0.34710741 2.5289257 0.62774998
-0.34710741 2.5289257 0.72737497
-0.34710741 2.4297521 0.4285
-0.34710741 2.4297521 0.72737497
-0.34710741 2.3305786 0.4285
-0.34710741 2.3305786 0.72737497
-0.34710741 2.231405 0.4285
-0.34710741 2.231405 0.72737497
-0.34710741 2.1322315 0.4285
-0.34710741 2.1322315 0.52812499
-0.34710741 2.1322315 0.62774998
-0.34710741 2.1322315 0.72737497
-0.34710741 1.1404958 0.62774998
-0.34710741 1.1404958 0.72737497
-0.34710741 1.1404958 0.82699996
-0.34710741 1.1404958 0.92662495
-0.34710741 1.0413222 0.62774998
-0.34710741 1.0413222 0.92662495
-0.34710741 0.94214869 0.62774998
-0.34710741 0.94214869 0.92662495
-0.34710741 0.84297514 0.72737497
-0.34710741 0.84297514 0.82699996
-0.34710741 0.84297514 0.92662495
-0.34710741 -4.5123968 0.62774998
-0.34710741 -4.5123968 0.72737497
-0.34710741 -4.5123968 0.82699996
-0.34710741 -4.5123968 0.92662495
-0.34710741 -4.6115704 0.62774998
-0.34710741 -4.6115704 0.92662495
-0.34710741 -4.7107439 0.62774998
-0.34710741 -4.7107439 0.92662495
-0.34710741 -4.8099174 0.62774998
-0.34710741 -4.8099174 0.72737497
-0.34710741 -4.8099174 0.82699996
-0.34710741 -4.8099174 0.92662495
-0.24793386 5.6033058 0.62774998
-0.24793386 5.6033058 0.72737497
-0.24793386 5.6033058 0.82699996
-0.24793386 5.6033058 0.92662495
-0.24793386 5.5041323 0.62774998
-0.24793386 5.5041323 0.92662495
-0.24793386 5.4049587 0.62774998
-0.24793386 5.4049587 0.82699996
-0.24793386 5.4049587 0.92662495
-0.24793386 5.4049587 1.02625
-0.24793386 5.3057852 0.62774998
-0.24793386 5.3057852 0.72737497
-0.24793386 5.3057852 0.82699996
-0.24793386 5.3057852 1.125875
-0.24793386 5.2066116 0.82699996
-0.24793386 5.2066116 1.125875
-0.24793386 5.1074381 0.62774998
-0.24793386 5.1074381 0.72737497
-0.24793386 5.1074381 0.82699996
-0.24793386 5.1074381 1.125875
-0.24793386 5.0082645 0.52812499
-0.24793386 5.0082645 0.82699996
-0.24793386 5.0082645 1.125875
-0.24793386 4.909091 0.52812499
-0.24793386 4.909091 0.82699996
-0.24793386 4.909091 0.92662495
-0.24793386 4.909091 1.02625
-0.24793386 4.909091 1.125875
-0.24793386 4.8099174 0.52812499
-0.24793386 4.8099174 0.62774998
-0.24793386 4.8099174 0.72737497
-0.24793386 4.8099174 0.82699996
-0.24793386 4.8099174 0.92662495
-0.24793386 4.8099174 1.02625
-0.24793386 2.6280992 0.52812499
-0.24793386 2.6280992 0.62774998
-0.24793386 2.6280992 0.72737497
-0.24793386 2.5289257 0.4285
-0.24793386 2.5289257 0.72737497
-0.24793386 2.4297521 0.4285
-0.24793386 2.4297521 0.72737497
-0.24793386 2.3305786 0.4285
-0.24793386 2.3305786 0.72737497
-0.24793386 2.231405 0.4285
-0.24793386 2.231405 0.52812499
-0.24793386 2.231405 0.62774998
-0.24793386 2.231405 0.72737497
-0.24793386 1.2396693 0.72737497
-0.24793386 1.2396693 0.82699996
-0.24793386 1.2396693 0.92662495
-0.24793386 1.1404958 0.62774998
-0.24793386 1.1404958 0.72737497
-0.24793386 1.1404958 0.82699996
-0.24793386 1.1404958 0.92662495
-0.24793386 1.0413222 0.62774998
-0.24793386 1.0413222 0.92662495
-0.24793386 0.94214869 0.62774998
-0.24793386 0.94214869 0.72737497
-0.24793386 0.94214869 0.82699996
-0.24793386 0.94214869 0.92662495
-0.24793386 0.84297514 0.72737497
-0.24793386 0.84297514 0.82699996
-0.24793386 0.84297514 0.92662495
-0.24793386 -4.4132233 0.029999999
-0.24793386 -4.4132233 0.12962499
-0.24793386 -4.4132233 0.22925
-0.24793386 -4.4132233 0.32887501
-0.24793386 -4.4132233 0.4285
-0.24793386 -4.4132233 0.52812499
-0.24793386 -4.4132233 0.62774998
-0.24793386 -4.4132233 0.72737497
-0.24793386 -4.4132233 0.82699996
-0.24793386 -4.5123968 0.029999999
-0.24793386 -4.5123968 0.12962499
-0.24793386 -4.5123968 0.22925
-0.24793386 -4.5123968 0.32887501
-0.24793386 -4.5123968 0.4285
-0.24793386 -4.5123968 0.52812499
-0.24793386 -4.5123968 0.62774998
-0.24793386 -4.5123968 0.92662495
-0.24793386 -4.6115704 0.029999999
-0.24793386 -4.6115704 0.12962499
-0.24793386 -4.6115704 0.22925
-0.24793386 -4.6115704 0.32887501
-0.24793386 -4.6115704 0.4285
-0.24793386 -4.6115704 0.52812499
-0.24793386 -4.6115704 0.62774998
-0.24793386 -4.6115704 0.92662495
-0.24793386 -4.7107439 0.62774998
-0.24793386 -4.7107439 0.92662495
-0.24793386 -4.8099174 0.62774998
-0.24793386 -4.8099174 0.72737497
-0.24793386 -4.8099174 0.82699996
-0.14876032 5.6033058 0.62774998
-0.14876032 5.6033058 0.72737497
-0.14876032 5.6033058 0.82699996
-0.14876032 5.6033058 0.92662495
-0.14876032 5.5041323 0.62774998
-0.14876032 5.5041323 0.92662495
-0.14876032 5.4049587 0.62774998
-0.14876032 5.4049587 0.92662495
-0.14876032 5.3057852 0.62774998
-0.14876032 5.3057852 0.72737497
-0.14876032 5.3057852 0.82699996
-0.14876032 5.3057852 0.92662495
-0.14876032 5.3057852 1.02625
-0.14876032 5.3057852 1.125875
-0.14876032 5.2066116 0.82699996
-0.14876032 5.2066116 0.92662495
-0.14876032 5.2066116 1.02625
-0.14876032 5.2066116 1.125875
-0.14876032 5.1074381 0.52812499
-0.14876032 5.1074381 0.62774998
-0.14876032 5.1074381 0.72737497
-0.14876032 5.1074381 0.82699996
-0.14876032 5.1074381 0.92662495
-0.14876032 5.1074381 1.02625
-0.14876032 5.1074381 1.125875
-0.14876032 5.0082645 0.52812499
-0.14876032 5.0082645 0.82699996
-0.14876032 5.0082645 0.92662495
-0.14876032 5.0082645 1.02625
-0.14876032 4.909091 0.52812499
-0.14876032 4.909091 0.82699996
-0.14876032 4.8099174 0.62774998
-0.14876032 4.8099174 0.72737497
-0.14876032 4.8099174 0.82699996
-0.14876032 3.8181818 0.72737497
-0.14876032 3.8181818 0.82699996
-0.14876032 3.8181818 0.92662495
-0.14876032 3.7190082 0.72737497
-0.14876032 3.7190082 0.82699996
-0.14876032 3.7190082 0.92662495
-0.14876032 3.6198347 0.72737497
-0.14876032 3.6198347 0.82699996
-0.14876032 3.6198347 0.92662495
-0.14876032 3.5206611 0.62774998
-0.14876032 3.5206611 0.72737497
-0.14876032 3.5206611 0.82699996
-0.14876032 3.5206611 0.92662495
-0.14876032 3.4214876 0.62774998
-0.14876032 3.4214876 0.72737497
-0.14876032 3.4214876 0.82699996
-0.14876032 3.4214876 0.92662495
-0.14876032 2.7272727 0.52812499
-0.14876032 2.7272727 0.62774998
-0.14876032 2.7272727 0.72737497
-0.14876032 2.6280992 0.4285
-0.14876032 2.6280992 0.72737497
-0.14876032 2.5289257 0.4285
-0.14876032 2.5289257 0.72737497
-0.14876032 2.4297521 0.4285
-0.14876032 2.4297521 0.72737497
-0.14876032 2.3305786 0.4285
-0.14876032 2.3305786 0.52812499
-0.14876032 2.3305786 0.62774998
-0.14876032 2.3305786 0.72737497
-0.14876032 1.2396693 0.72737497
-0.14876032 1.2396693 0.82699996
-0.14876032 1.2396693 0.92662495
-0.14876032 1.1404958 0.62774998
-0.14876032 1.1404958 0.92662495
-0.14876032 1.0413222 0.62774998
-0.14876032 1.0413222 0.92662495
-0.14876032 0.94214869 0.62774998
-0.14876032 0.94214869 0.72737497
-0.14876032 0.94214869 0.82699996
-0.14876032 0.94214869 0.92662495
-0.14876032 -4.3140497 0.029999999
-0.14876032 -4.3140497 0.12962499
-0.14876032 -4.3140497 0.22925
-0.14876032 -4.3140497 0.32887501
-0.14876032 -4.3140497 0.4285
-0.14876032 -4.3140497 0.52812499
-0.14876032 -4.4132233 0.029999999
-0.14876032 -4.4132233 0.52812499
-0.14876032 -4.4132233 0.62774998
-0.14876032 -4.4132233 0.72737497
-0.14876032 -4.4132233 0.82699996
-0.14876032 -4.4132233 0.92662495
-0.14876032 -4.5123968 0.029999999
-0.14876032 -4.5123968 0.52812499
-0.14876032 -4.5123968 0.62774998
-0.14876032 -4.5123968 0.92662495
-0.14876032 -4.6115704 0.029999999
-0.14876032 -4.6115704 0.12962499
-0.14876032 -4.6115704 0.22925
-0.14876032 -4.6115704 0.32887501
-0.14876032 -4.6115704 0.4285
-0.14876032 -4.6115704 0.52812499
-0.14876032 -4.6115704 0.62774998
-0.14876032 -4.6115704 0.92662495
-0.14876032 -4.7107439 0.62774998
-0.14876032 -4.7107439 0.72737497
-0.14876032 -4.7107439 0.82699996
-0.14876032 -4.7107439 0.92662495
-0.049586773 5.7024794 0.62774998
-0.049586773 5.7024794 0.72737497
-0.049586773 5.7024794 0.82699996
-0.049586773 5.6033058 0.62774998
-0.049586773 5.6033058 0.92662495
-0.049586773 5.5041323 0.62774998
-0.049586773 5.5041323 0.92662495
-0.049586773 5.4049587 0.62774998
-0.049586773 5.4049587 0.72737497
-0.049586773 5.4049587 0.82699996
-0.049586773 5.4049587 0.92662495
-0.049586773 5.3057852 0.62774998
-0.049586773 5.3057852 0.72737497
-0.049586773 5.3057852 0.82699996
-0.049586773 5.2066116 0.82699996
-0.049586773 5.2066116 0.92662495
-0.049586773 5.2066116 1.02625
-0.049586773 5.1074381 0.52812499
-0.049586773 5.1074381 0.62774998
-0.049586773 5.1074381 0.72737497
-0.049586773 5.1074381 0.82699996
-0.049586773 5.0082645 0.52812499
-0.049586773 5.0082645 0.82699996
-0.049586773 4.909091 0.52812499
-0.049586773 4.909091 0.82699996
-0.049586773 4.8099174 0.62774998
-0.049586773 4.8099174 0.72737497
-0.049586773 4.8099174 0.82699996
-0.049586773 4.3140497 0.72737497
-0.049586773 4.3140497 0.82699996
-0.049586773 4.3140497 0.92662495
-0.049586773 4.2148762 0.72737497
-0.049586773 4.2148762 0.82699996
-0.049586773 4.2148762 0.92662495
-0.049586773 4.1157026 0.72737497
-0.049586773 4.1157026 0.82699996
-0.049586773 4.1157026 0.92662495
-0.049586773 4.0165291 0.62774998
-0.049586773 4.0165291 0.72737497
-0.049586773 4.0165291 0.82699996
-0.049586773 4.0165291 0.92662495
-0.049586773 3.9173553 0.62774998
-0.049586773 3.9173553 0.72737497
-0.049586773 3.9173553 0.82699996
-0.049586773 3.9173553 0.92662495
-0.049586773 3.8181818 0.4285
-0.049586773 3.8181818 0.52812499
-0.049586773 3.8181818 0.62774998
-0.049586773 3.8181818 0.72737497
-0.049586773 3.8181818 0.82699996
-0.049586773 3.8181818 0.92662495
-0.049586773 3.7190082 0.62774998
-0.049586773 3.7190082 0.92662495
-0.049586773 3.6198347 0.62774998
-0.049586773 3.6198347 0.92662495
-0.049586773 3.5206611 0.62774998
-0.049586773 3.5206611 0.92662495
-0.049586773 3.4214876 0.62774998
-0.049586773 3.4214876 0.72737497
-0.049586773 3.4214876 0.82699996
-0.049586773 3.4214876 0.92662495
-0.049586773 2.6280992 0.4285
-0.049586773 2.6280992 0.52812499
-0.049586773 2.6280992 0.62774998
-0.049586773 2.6280992 0.72737497
-0.049586773 2.5289257 0.4285
-0.049586773 2.5289257 0.72737497
-0.049586773 2.4297521 0.4285
-0.049586773 2.4297521 0.52812499
-0.049586773 2.4297521 0.62774998
-0.049586773 2.4297521 0.72737497
-0.049586773 1.2396693 0.72737497
-0.049586773 1.2396693 0.82699996
-0.049586773 1.2396693 0.92662495
-0.049586773 1.1404958 0.62774998
-0.049586773 1.1404958 0.92662495
-0.049586773 1.0413222 0.62774998
-0.049586773 1.0413222 0.92662495
-0.049586773 0.94214869 0.62774998
-0.049586773 0.94214869 0.72737497
-0.049586773 0.94214869 0.82699996
-0.049586773 0.94214869 0.92662495
-0.049586773 -4.3140497 0.029999999
-0.049586773 -4.3140497 0.12962499
-0.049586773 -4.3140497 0.22925
-0.049586773 -4.3140497 0.32887501
-0.049586773 -4.3140497 0.4285
-0.049586773 -4.3140497 0.52812499
-0.049586773 -4.3140497 0.62774998
-0.049586773 -4.3140497 0.72737497
-0.049586773 -4.3140497 0.82699996
-0.049586773 -4.3140497 0.92662495
-0.049586773 -4.4132233 0.029999999
-0.049586773 -4.4132233 0.52812499
-0.049586773 -4.4132233 0.62774998
-0.049586773 -4.4132233 0.92662495
-0.049586773 -4.5123968 0.029999999
-0.049586773 -4.5123968 0.52812499
-0.049586773 -4.5123968 0.62774998
-0.049586773 -4.5123968 0.92662495
-0.049586773 -4.6115704 0.029999999
-0.049586773 -4.6115704 0.12962499
-0.049586773 -4.6115704 0.22925
-0.049586773 -4.6115704 0.32887501
-0.049586773 -4.6115704 0.4285
-0.049586773 -4.6115704 0.52812499
-0.049586773 -4.6115704 0.62774998
-0.049586773 -4.6115704 0.72737497
-0.049586773 -4.6115704 0.82699996
-0.049586773 -4.6115704 0.92662495
-0.049586773 -4.7107439 0.62774998
-0.049586773 -4.7107439 0.72737497
-0.049586773 -4.7107439 0.82699996
0.049586773 5.7024794 0.62774998
0.049586773 5.7024794 0.72737497
0.049586773 5.7024794 0.82699996
0.049586773 5.6033058 0.62774998
0.049586773 5.6033058 0.92662495
0.049586773 5.5041323 0.62774998
0.049586773 5.5041323 0.92662495
0.049586773 5.4049587 0.62774998
0.049586773 5.4049587 0.72737497
0.049586773 5.4049587 0.82699996
0.049586773 5.4049587 0.92662495
0.049586773 5.2066116 0.62774998
0.049586773 5.2066116 0.72737497
0.049586773 5.2066116 0.82699996
0.049586773 5.1074381 0.52812499
0.049586773 5.1074381 0.62774998
0.049586773 5.1074381 0.72737497
0.049586773 5.1074381 0.82699996
0.049586773 5.0082645 0.52812499
0.049586773 5.0082645 0.62774998
0.049586773 5.0082645 0.72737497
0.049586773 5.0082645 0.82699996
0.049586773 4.909091 0.52812499
0.049586773 4.909091 0.62774998
0.049586773 4.909091 0.72737497
0.049586773 4.909091 0.82699996
0.049586773 4.8099174 0.62774998
0.049586773 4.8099174 0.72737497
0.049586773 4.8099174 0.82699996
0.049586773 4.7107439 0.72737497
0.049586773 4.7107439 0.82699996
0.049586773 4.7107439 0.92662495
0.049586773 4.6115704 0.62774998
0.049586773 4.6115704 0.72737497
0.049586773 4.6115704 0.82699996
0.049586773 4.6115704 0.92662495
0.049586773 4.5123968 0.62774998
0.049586773 4.5123968 0.72737497
0.049586773 4.5123968 0.82699996
0.049586773 4.5123968 0.92662495
0.049586773 4.4132233 0.62774998
0.049586773 4.4132233 0.72737497
0.049586773 4.4132233 0.82699996
0.049586773 4.4132233 0.92662495
0.049586773 4.3140497 0.62774998
0.049586773 4.3140497 0.92662495
0.049586773 4.2148762 0.62774998
0.049586773 4.2148762 0.92662495
0.049586773 4.1157026 0.62774998
0.049586773 4.1157026 0.92662495
0.049586773 4.0165291 0.62774998
0.049586773 4.0165291 0.92662495
0.049586773 3.9173553 0.4285
0.049586773 3.9173553 0.52812499
0.049586773 3.9173553 0.62774998
0.049586773 3.9173553 0.92662495
0.049586773 3.8181818 0.4285
0.049586773 3.8181818 0.62774998
0.049586773 3.8181818 0.72737497
0.049586773 3.8181818 0.92662495
0.049586773 3.7190082 0.4285
0.049586773 3.7190082 0.52812499
0.049586773 3.7190082 0.62774998
0.049586773 3.7190082 0.92662495
0.049586773 3.6198347 0.62774998
0.049586773 3.6198347 0.92662495
0.049586773 3.5206611 0.62774998
0.049586773 3.5206611 0.92662495
0.049586773 3.4214876 0.62774998
0.049586773 3.4214876 0.92662495
0.049586773 3.322314 0.72737497
0.049586773 3.322314 0.82699996
0.049586773 3.322314 0.92662495
0.049586773 2.5289257 0.4285
0.049586773 2.5289257 0.52812499
0.049586773 2.5289257 0.62774998
0.049586773 2.5289257 0.72737497
0.049586773 1.2396693 0.72737497
0.049586773 1.2396693 0.82699996
0.049586773 1.2396693 0.92662495
0.049586773 1.1404958 0.62774998
0.049586773 1.1404958 0.92662495
0.049586773 1.0413222 0.62774998
0.049586773 1.0413222 0.92662495
0.049586773 0.94214869 0.62774998
0.049586773 0.94214869 0.72737497
0.049586773 0.94214869 0.82699996
0.049586773 0.94214869 0.92662495
0.049586773 -4.2148762 0.62774998
0.049586773 -4.2148762 0.72737497
0.049586773 -4.2148762 0.82699996
0.049586773 -4.3140497 0.62774998
0.049586773 -4.3140497 0.92662495
0.049586773 -4.4132233 0.029999999
0.049586773 -4.4132233 0.12962499
0.049586773 -4.4132233 0.22925
0.049586773 -4.4132233 0.32887501
0.049586773 -4.4132233 0.4285
0.049586773 -4.4132233 0.52812499
0.049586773 -4.4132233 0.62774998
0.049586773 -4.4132233 0.92662495
0.049586773 -4.5123968 0.029999999
0.049586773 -4.5123968 0.12962499
0.049586773 -4.5123968 0.22925
0.049586773 -4.5123968 0.32887501
0.049586773 -4.5123968 0.4285
0.049586773 -4.5123968 0.52812499
0.049586773 -4.5123968 0.62774998
0.049586773 -4.5123968 0.92662495
0.049586773 -4.6115704 0.029999999
0.049586773 -4.6115704 0.12962499
0.049586773 -4.6115704 0.22925
0.049586773 -4.6115704 0.32887501
0.049586773 -4.6115704 0.4285
0.049586773 -4.6115704 0.52812499
0.049586773 -4.6115704 0.62774998
0.049586773 -4.6115704 0.72737497
0.049586773 -4.6115704 0.82699996
0.14876032 5.7024794 0.62774998
0.14876032 5.7024794 0.72737497
0.14876032 5.7024794 0.82699996
0.14876032 5.6033058 0.62774998
0.14876032 5.6033058 0.92662495
0.14876032 5.5041323 0.62774998
0.14876032 5.5041323 0.92662495
0.14876032 5.4049587 0.62774998
0.14876032 5.4049587 0.72737497
0.14876032 5.4049587 0.82699996
0.14876032 5.4049587 0.92662495
0.14876032 4.909091 0.62774998
0.14876032 4.909091 0.72737497
0.14876032 4.909091 0.82699996
0.14876032 4.7107439 0.62774998
0.14876032 4.7107439 0.72737497
0.14876032 4.7107439 0.82699996
0.14876032 4.7107439 0.92662495
0.14876032 4.6115704 0.62774998
0.14876032 4.6115704 0.92662495
0.14876032 4.5123968 0.62774998
0.14876032 4.5123968 0.92662495
0.14876032 4.4132233 0.62774998
0.14876032 4.4132233 0.92662495
0.14876032 4.3140497 0.62774998
0.14876032 4.3140497 0.92662495
0.14876032 4.2148762 0.62774998
0.14876032 4.2148762 0.92662495
0.14876032 4.1157026 0.62774998
0.14876032 4.1157026 0.92662495
0.14876032 4.0165291 0.4285
0.14876032 4.0165291 0.52812499
0.14876032 4.0165291 0.62774998
0.14876032 4.0165291 0.92662495
0.14876032 3.9173553 0.4285
0.14876032 3.9173553 0.52812499
0.14876032 3.9173553 0.62774998
0.14876032 3.9173553 0.72737497
0.14876032 3.9173553 0.92662495
0.14876032 3.8181818 0.4285
0.14876032 3.8181818 0.62774998
0.14876032 3.8181818 0.72737497
0.14876032 3.8181818 0.92662495
0.14876032 3.7190082 0.4285
0.14876032 3.7190082 0.62774998
0.14876032 3.7190082 0.72737497
0.14876032 3.7190082 0.82699996
0.14876032 3.7190082 0.92662495
0.14876032 3.6198347 0.4285
0.14876032 3.6198347 0.52812499
0.14876032 3.6198347 0.62774998
0.14876032 3.6198347 0.72737497
0.14876032 3.6198347 0.82699996
0.14876032 3.6198347 0.92662495
0.14876032 3.5206611 0.62774998
0.14876032 3.5206611 0.72737497
0.14876032 3.5206611 0.82699996
0.14876032 3.5206611 0.92662495
0.14876032 3.4214876 0.72737497
0.14876032 3.4214876 0.82699996
0.14876032 3.4214876 0.92662495
0.14876032 1.2396693 0.62774998
0.14876032 1.2396693 0.72737497
0.14876032 1.2396693 0.82699996
0.14876032 1.2396693 0.92662495
0.14876032 1.1404958 0.62774998
0.14876032 1.1404958 0.92662495
0.14876032 1.0413222 0.62774998
0.14876032 1.0413222 0.92662495
0.14876032 0.94214869 0.72737497
0.14876032 0.94214869 0.82699996
0.14876032 0.94214869 0.92662495
0.14876032 -1.8347106 0.72737497
0.14876032 -1.8347106 0.82699996
0.14876032 -1.8347106 0.92662495
0.14876032 -1.8347106 1.02625
0.14876032 -1.9338841 0.82699996
0.14876032 -1.9338841 0.92662495
0.14876032 -1.9338841 1.02625
0.14876032 -4.2148762 0.62774998
0.14876032 -4.2148762 0.72737497
0.14876032 -4.2148762 0.82699996
0.14876032 -4.2148762 0.92662495
0.14876032 -4.3140497 0.62774998
0.14876032 -4.3140497 0.92662495
0.14876032 -4.4132233 0.62774998
0.14876032 -4.4132233 0.92662495
0.14876032 -4.5123968 0.62774998
0.14876032 -4.5123968 0.72737497
0.14876032 -4.5123968 0.82699996
0.14876032 -4.5123968 0.92662495
0.24793386 5.7024794 0.62774998
0.24793386 5.7024794 0.72737497
0.24793386 5.7024794 0.82699996
0.24793386 5.7024794 0.92662495
0.24793386 5.6033058 0.62774998
0.24793386 5.6033058 0.92662495
0.24793386 5.5041323 0.62774998
0.24793386 5.5041323 0.92662495
0.24793386 5.4049587 0.62774998
0.24793386 5.4049587 0.72737497
0.24793386 5.4049587 0.82699996
0.24793386 4.7107439 0.62774998
0.24793386 4.7107439 0.72737497
0.24793386 4.7107439 0.82699996
0.24793386 4.7107439 0.92662495
0.24793386 4.6115704 0.62774998
0.24793386 4.6115704 0.92662495
0.24793386 4.5123968 0.62774998
0.24793386 4.5123968 0.92662495
0.24793386 4.4132233 0.62774998
0.24793386 4.4132233 0.92662495
0.24793386 4.3140497 0.62774998
0.24793386 4.3140497 0.72737497
0.24793386 4.3140497 0.82699996
0.24793386 4.3140497 0.92662495
0.24793386 4.2148762 0.62774998
0.24793386 4.2148762 0.72737497
0.24793386 4.2148762 0.82699996
0.24793386 4.2148762 0.92662495
0.24793386 4.1157026 0.4285
0.24793386 4.1157026 0.52812499
0.24793386 4.1157026 0.62774998
0.24793386 4.1157026 0.72737497
0.24793386 4.1157026 0.82699996
0.24793386 4.1157026 0.92662495
0.24793386 4.0165291 0.4285
0.24793386 4.0165291 0.52812499
0.24793386 4.0165291 0.62774998
0.24793386 4.0165291 0.72737497
0.24793386 4.0165291 0.82699996
0.24793386 4.0165291 0.92662495
0.24793386 3.9173553 0.4285
0.24793386 3.9173553 0.72737497
0.24793386 3.9173553 0.82699996
0.24793386 3.9173553 0.92662495
0.24793386 3.8181818 0.4285
0.24793386 3.8181818 0.72737497
0.24793386 3.8181818 0.82699996
0.24793386 3.8181818 0.92662495
0.24793386 3.7190082 0.4285
0.24793386 3.7190082 0.72737497
0.24793386 3.6198347 0.4285
0.24793386 3.6198347 0.52812499
0.24793386 3.6198347 0.62774998
0.24793386 1.2396693 0.62774998
0.24793386 1.2396693 0.72737497
0.24793386 1.2396693 0.82699996
0.24793386 1.2396693 0.92662495
0.24793386 1.1404958 0.62774998
0.24793386 1.1404958 0.92662495
0.24793386 1.0413222 0.62774998
0.24793386 1.0413222 0.92662495
0.24793386 0.94214869 0.72737497
0.24793386 0.94214869 0.82699996
0.24793386 0.94214869 0.92662495
0.24793386 -1.7355371 0.82699996
0.24793386 -1.7355371 0.92662495
0.24793386 -1.7355371 1.02625
0.24793386 -1.8347106 0.72737497
0.24793386 -1.8347106 1.02625
0.24793386 -1.9338841 0.72737497
0.24793386 -1.9338841 1.02625
0.24793386 -2.0330582 0.72737497
0.24793386 -2.0330582 0.82699996
0.24793386 -2.0330582 0.92662495
0.24793386 -2.0330582 1.02625
0.24793386 -4.2148762 0.62774998
0.24793386 -4.2148762 0.72737497
0.24793386 -4.2148762 0.82699996
0.24793386 -4.3140497 0.62774998
0.24793386 -4.3140497 0.92662495
0.24793386 -4.4132233 0.62774998
0.24793386 -4.4132233 0.92662495
0.24793386 -4.5123968 0.62774998
0.24793386 -4.5123968 0.72737497
0.24793386 -4.5123968 0.82699996
0.34710741 5.8016529 0.029999999
0.34710741 5.8016529 0.12962499
0.34710741 5.8016529 0.22925
0.34710741 5.8016529 0.32887501
0.34710741 5.8016529 0.4285
0.34710741 5.7024794 0.029999999
0.34710741 5.7024794 0.12962499
0.34710741 5.7024794 0.22925
0.34710741 5.7024794 0.32887501
0.34710741 5.7024794 0.4285
0.34710741 5.7024794 0.52812499
0.34710741 5.7024794 0.62774998
0.34710741 5.7024794 0.72737497
0.34710741 5.7024794 0.82699996
0.34710741 5.7024794 0.92662495
0.34710741 5.6033058 0.029999999
0.34710741 5.6033058 0.12962499
0.34710741 5.6033058 0.22925
0.34710741 5.6033058 0.32887501
0.34710741 5.6033058 0.4285
0.34710741 5.6033058 0.52812499
0.34710741 5.6033058 0.62774998
0.34710741 5.6033058 0.92662495
0.34710741 5.5041323 0.62774998
0.34710741 5.5041323 0.92662495
0.34710741 5.4049587 0.62774998
0.34710741 5.4049587 0.72737497
0.34710741 5.4049587 0.82699996
0.34710741 4.7107439 0.62774998
0.34710741 4.7107439 0.72737497
0.34710741 4.7107439 0.82699996
0.34710741 4.7107439 0.92662495
0.34710741 4.6115704 0.62774998
0.34710741 4.6115704 0.72737497
0.34710741 4.6115704 0.82699996
0.34710741 4.6115704 0.92662495
0.34710741 4.5123968 0.72737497
0.34710741 4.5123968 0.82699996
0.34710741 4.5123968 0.92662495
0.34710741 4.4132233 0.72737497
0.34710741 4.4132233 0.82699996
0.34710741 4.4132233 0.92662495
0.34710741 4.3140497 0.72737497
0.34710741 4.3140497 0.82699996
0.34710741 4.3140497 0.92662495
0.34710741 4.1157026 0.4285
0.34710741 4.1157026 0.52812499
0.34710741 4.1157026 0.62774998
0.34710741 4.1157026 0.72737497
0.34710741 4.0165291 0.4285
0.34710741 4.0165291 0.72737497
0.34710741 3.9173553 0.4285
0.34710741 3.9173553 0.72737497
0.34710741 3.8181818 0.4285
0.34710741 3.8181818 0.72737497
0.34710741 3.7190082 0.4285
0.34710741 3.7190082 0.52812499
0.34710741 3.7190082 0.62774998
0.34710741 1.2396693 0.62774998
0.34710741 1.2396693 0.72737497
0.34710741 1.2396693 0.82699996
0.34710741 1.2396693 0.92662495
0.34710741 1.1404958 0.62774998
0.34710741 1.1404958 0.92662495
0.34710741 1.0413222 0.62774998
0.34710741 1.0413222 0.92662495
0.34710741 0.94214869 0.72737497
0.34710741 0.94214869 0.82699996
0.34710741 0.94214869 0.92662495
0.34710741 -1.7355371 0.72737497
0.34710741 -1.7355371 0.82699996
0.34710741 -1.7355371 0.92662495
0.34710741 -1.7355371 1.02625
0.34710741 -1.8347106 0.72737497
0.34710741 -1.8347106 1.02625
0.34710741 -1.9338841 0.72737497
0.34710741 -1.9338841 1.02625
0.34710741 -2.0330582 0.72737497
0.34710741 -2.0330582 0.82699996
0.34710741 -2.0330582 0.92662495
0.34710741 -2.0330582 1.02625
0.34710741 -4.3140497 0.62774998
0.34710741 -4.3140497 0.72737497
0.34710741 -4.3140497 0.82699996
0.34710741 -4.4132233 0.62774998
0.34710741 -4.4132233 0.72737497
0.34710741 -4.4132233 0.82699996
0.44628096 5.8016529 0.029999999
0.44628096 5.8016529 0.12962499
0.44628096 5.8016529 0.22925
0.44628096 5.8016529 0.32887501
0.44628096 5.8016529 0.4285
0.44628096 5.8016529 0.62774998
0.44628096 5.8016529 0.72737497
0.44628096 5.8016529 0.82699996
0.44628096 5.7024794 0.029999999
0.44628096 5.7024794 0.52812499
0.44628096 5.7024794 0.62774998
0.44628096 5.7024794 0.92662495
0.44628096 5.6033058 0.029999999
0.44628096 5.6033058 0.12962499
0.44628096 5.6033058 0.22925
0.44628096 5.6033058 0.32887501
0.44628096 5.6033058 0.4285
0.44628096 5.6033058 0.52812499
0.44628096 5.6033058 0.62774998
0.44628096 5.6033058 0.92662495
0.44628096 5.5041323 0.62774998
0.44628096 5.5041323 0.72737497
0.44628096 5.5041323 0.82699996
0.44628096 5.5041323 0.92662495
0.44628096 5.4049587 0.62774998
0.44628096 5.4049587 0.72737497
0.44628096 5.4049587 0.82699996
0.44628096 4.2148762 0.4285
0.44628096 4.2148762 0.52812499
0.44628096 4.2148762 0.62774998
0.44628096 4.2148762 0.72737497
0.44628096 4.1157026 0.4285
0.44628096 4.1157026 0.72737497
0.44628096 4.0165291 0.4285
0.44628096 4.0165291 0.72737497
0.44628096 3.9173553 0.4285
0.44628096 3.9173553 0.72737497
0.44628096 3.8181818 0.4285
0.44628096 3.8181818 0.52812499
0.44628096 3.8181818 0.62774998
0.44628096 3.6198347 0.52812499
0.44628096 3.6198347 0.62774998
0.44628096 3.6198347 0.72737497
0.44628096 3.5206611 0.52812499
0.44628096 3.5206611 0.62774998
0.44628096 3.5206611 0.72737497
0.44628096 1.3388429 0.72737497
0.44628096 1.3388429 0.82699996
0.44628096 1.3388429 0.92662495
0.44628096 1.2396693 0.62774998
0.44628096 1.2396693 0.72737497
0.44628096 1.2396693 0.82699996
0.44628096 1.2396693 0.92662495
0.44628096 1.1404958 0.62774998
0.44628096 1.1404958 0.92662495
0.44628096 1.0413222 0.62774998
0.44628096 1.0413222 0.72737497
0.44628096 1.0413222 0.82699996
0.44628096 1.0413222 0.92662495
0.44628096 0.94214869 0.72737497
0.44628096 0.94214869 0.82699996
0.44628096 0.94214869 0.92662495
0.44628096 -1.3388429 0.029999999
0.44628096 -1.3388429 0.12962499
0.44628096 -1.3388429 0.22925
0.44628096 -1.3388429 0.32887501
0.44628096 -1.3388429 0.4285
0.44628096 -1.3388429 0.52812499
0.44628096 -1.3388429 0.62774998
0.44628096 -1.3388429 0.72737497
0.44628096 -1.4380164 0.029999999
0.44628096 -1.4380164 0.12962499
0.44628096 -1.4380164 0.22925
0.44628096 -1.4380164 0.32887501
0.44628096 -1.4380164 0.4285
0.44628096 -1.4380164 0.52812499
0.44628096 -1.4380164 0.62774998
0.44628096 -1.4380164 0.72737497
0.44628096 -1.6363635 0.82699996
0.44628096 -1.6363635 0.92662495
0.44628096 -1.6363635 1.02625
0.44628096 -1.7355371 0.72737497
0.44628096 -1.7355371 1.02625
0.44628096 -1.8347106 0.72737497
0.44628096 -1.8347106 1.02625
0.44628096 -1.9338841 0.72737497
0.44628096 -1.9338841 1.02625
0.44628096 -2.0330582 0.82699996
0.44628096 -2.0330582 0.92662495
0.44628096 -2.0330582 1.02625
0.5454545 5.8016529 0.029999999
0.5454545 5.8016529 0.12962499
0.5454545 5.8016529 0.22925
0.5454545 5.8016529 0.32887501
0.5454545 5.8016529 0.4285
0.5454545 5.8016529 0.62774998
0.5454545 5.8016529 0.72737497
0.5454545 5.8016529 0.82699996
0.5454545 5.7024794 0.029999999
0.5454545 5.7024794 0.12962499
0.5454545 5.7024794 0.22925
0.5454545 5.7024794 0.32887501
0.5454545 5.7024794 0.4285
0.5454545 5.7024794 0.52812499
0.5454545 5.7024794 0.62774998
0.5454545 5.7024794 0.92662495
0.5454545 5.6033058 0.029999999
0.5454545 5.6033058 0.12962499
0.5454545 5.6033058 0.22925
0.5454545 5.6033058 0.32887501
0.5454545 5.6033058 0.4285
0.5454545 5.6033058 0.52812499
0.5454545 5.6033058 0.62774998
0.5454545 5.6033058 0.92662495
0.5454545 5.5041323 0.62774998
0.5454545 5.5041323 0.72737497
0.5454545 5.5041323 0.82699996
0.5454545 5.5041323 0.92662495
0.5454545 4.3140497 0.4285
0.5454545 4.3140497 0.52812499
0.5454545 4.3140497 0.62774998
0.5454545 4.3140497 0.72737497
0.5454545 4.2148762 0.4285
0.5454545 4.2148762 0.72737497
0.5454545 4.1157026 0.4285
0.5454545 4.1157026 0.72737497
0.5454545 4.0165291 0.4285
0.5454545 4.0165291 0.72737497
0.5454545 3.9173553 0.4285
0.5454545 3.9173553 0.52812499
0.5454545 3.9173553 0.62774998
0.5454545 3.7190082 0.52812499
0.5454545 3.7190082 0.62774998
0.5454545 3.7190082 0.72737497
0.5454545 3.6198347 0.52812499
0.5454545 3.6198347 0.82699996
0.5454545 3.5206611 0.52812499
0.5454545 3.5206611 0.62774998
0.5454545 3.5206611 0.72737497
0.5454545 3.5206611 0.82699996
0.5454545 1.3388429 0.72737497
0.5454545 1.3388429 0.82699996
0.5454545 1.3388429 0.92662495
0.5454545 1.2396693 0.62774998
0.5454545 1.2396693 0.92662495
0.5454545 1.1404958 0.62774998
0.5454545 1.1404958 0.92662495
0.5454545 1.0413222 0.62774998
0.5454545 1.0413222 0.72737497
0.5454545 1.0413222 0.82699996
0.5454545 1.0413222 0.92662495
0.5454545 -1.2396693 0.029999999
0.5454545 -1.2396693 0.12962499
0.5454545 -1.2396693 0.22925
0.5454545 -1.2396693 0.32887501
0.5454545 -1.2396693 0.4285
0.5454545 -1.2396693 0.52812499
0.5454545 -1.2396693 0.62774998
0.5454545 -1.2396693 0.72737497
0.5454545 -1.3388429 0.029999999
0.5454545 -1.3388429 0.82699996
0.5454545 -1.4380164 0.029999999
0.5454545 -1.4380164 0.82699996
0.5454545 -1.53719 0.029999999
0.5454545 -1.53719 0.12962499
0.5454545 -1.53719 0.22925
0.5454545 -1.53719 0.32887501
0.5454545 -1.53719 0.4285
0.5454545 -1.53719 0.52812499
0.5454545 -1.53719 0.62774998
0.5454545 -1.53719 0.72737497
0.5454545 -1.6363635 0.72737497
0.5454545 -1.6363635 0.82699996
0.5454545 -1.6363635 0.92662495
0.5454545 -1.6363635 1.02625
0.5454545 -1.7355371 0.72737497
0.5454545 -1.7355371 1.02625
0.5454545 -1.8347106 0.72737497
0.5454545 -1.8347106 1.02625
0.5454545 -1.9338841 0.72737497
0.5454545 -1.9338841 0.82699996
0.5454545 -1.9338841 0.92662495
0.5454545 -1.9338841 1.02625
0.64462805 5.8016529 0.62774998
0.64462805 5.8016529 0.72737497
0.64462805 5.8016529 0.82699996
0.64462805 5.8016529 0.92662495
0.64462805 5.7024794 0.62774998
0.64462805 5.7024794 0.92662495
0.64462805 5.6033058 0.62774998
0.64462805 5.6033058 0.92662495
0.64462805 5.5041323 0.62774998
0.64462805 5.5041323 0.72737497
0.64462805 5.5041323 0.82699996
0.64462805 5.5041323 0.92662495
0.64462805 4.4132233 0.4285
0.64462805 4.4132233 0.52812499
0.64462805 4.4132233 0.62774998
0.64462805 4.4132233 0.72737497
0.64462805 4.3140497 0.4285
0.64462805 4.3140497 0.72737497
0.64462805 4.2148762 0.4285
0.64462805 4.2148762 0.72737497
0.64462805 4.1157026 0.4285
0.64462805 4.1157026 0.72737497
0.64462805 4.0165291 0.4285
0.64462805 4.0165291 0.52812499
0.64462805 4.0165291 0.62774998
0.64462805 3.8181818 0.52812499
0.64462805 3.8181818 0.62774998
0.64462805 3.8181818 0.72737497
0.64462805 3.8181818 0.82699996
0.64462805 3.7190082 0.52812499
0.64462805 3.7190082 0.82699996
0.64462805 3.6198347 0.52812499
0.64462805 3.6198347 0.82699996
0.64462805 3.5206611 0.52812499
0.64462805 3.5206611 0.82699996
0.64462805 3.4214876 0.52812499
0.64462805 3.4214876 0.62774998
0.64462805 3.4214876 0.72737497
0.64462805 3.4214876 0.82699996
0.64462805 1.3388429 0.72737497
0.64462805 1.3388429 0.82699996
0.64462805 1.3388429 0.92662495
0.64462805 1.2396693 0.62774998
0.64462805 1.2396693 0.92662495
0.64462805 1.1404958 0.62774998
0.64462805 1.1404958 0.92662495
0.64462805 1.0413222 0.62774998
0.64462805 1.0413222 0.72737497
0.64462805 1.0413222 0.82699996
0.64462805 1.0413222 0.92662495
0.64462805 -0.5454545 0.029999999
0.64462805 -0.5454545 0.12962499
0.64462805 -0.5454545 0.22925
0.64462805 -0.5454545 0.32887501
0.64462805 -0.5454545 0.4285
0.64462805 -0.5454545 0.52812499
0.64462805 -0.5454545 0.62774998
0.64462805 -0.64462805 0.029999999
0.64462805 -0.64462805 0.12962499
0.64462805 -0.64462805 0.22925
0.64462805 -0.64462805 0.32887501
0.64462805 -0.64462805 0.4285
0.64462805 -0.64462805 0.52812499
0.64462805 -0.64462805 0.62774998
0.64462805 -1.2396693 0.029999999
0.64462805 -1.2396693 0.12962499
0.64462805 -1.2396693 0.22925
0.64462805 -1.2396693 0.32887501
0.64462805 -1.2396693 0.4285
0.64462805 -1.2396693 0.52812499
0.64462805 -1.2396693 0.62774998
0.64462805 -1.2396693 0.72737497
0.64462805 -1.3388429 0.029999999
0.64462805 -1.3388429 0.82699996
0.64462805 -1.4380164 0.029999999
0.64462805 -1.4380164 0.82699996
0.64462805 -1.53719 0.029999999
0.64462805 -1.53719 0.12962499
0.64462805 -1.53719 0.22925
0.64462805 -1.53719 0.32887501
0.64462805 -1.53719 0.4285
0.64462805 -1.53719 0.52812499
0.64462805 -1.53719 0.62774998
0.64462805 -1.53719 0.72737497
0.64462805 -1.53719 0.82699996
0.64462805 -1.53719 0.92662495
0.64462805 -1.53719 1.02625
0.64462805 -1.6363635 0.72737497
0.64462805 -1.6363635 0.82699996
0.64462805 -1.6363635 0.92662495
0.64462805 -1.6363635 1.02625
0.64462805 -1.7355371 0.72737497
0.64462805 -1.7355371 1.02625
0.64462805 -1.8347106 0.72737497
0.64462805 -1.8347106 1.02625
0.64462805 -1.9338841 0.82699996
0.64462805 -1.9338841 0.92662495
0.64462805 -1.9338841 1.02625
0.74380159 5.8016529 0.62774998
0.74380159 5.8016529 0.72737497
0.74380159 5.8016529 0.82699996
0.74380159 5.8016529 0.92662495
0.74380159 5.7024794 0.62774998
0.74380159 5.7024794 0.92662495
0.74380159 5.6033058 0.62774998
0.74380159 5.6033058 0.92662495
0.74380159 5.5041323 0.62774998
0.74380159 5.5041323 0.72737497
0.74380159 5.5041323 0.82699996
0.74380159 4.5123968 0.4285
0.74380159 4.5123968 0.52812499
0.74380159 4.5123968 0.62774998
0.74380159 4.5123968 0.72737497
0.74380159 4.4132233 0.4285
0.74380159 4.4132233 0.72737497
0.74380159 4.3140497 0.4285
0.74380159 4.3140497 0.72737497
0.74380159 4.2148762 0.4285
0.74380159 4.2148762 0.72737497
0.74380159 4.1157026 0.4285
0.74380159 4.1157026 0.52812499
0.74380159 4.1157026 0.62774998
0.74380159 3.9173553 0.52812499
0.74380159 3.9173553 0.62774998
0.74380159 3.9173553 0.72737497
0.74380159 3.9173553 0.82699996
0.74380159 3.8181818 0.52812499
0.74380159 3.8181818 0.82699996
0.74380159 3.7190082 0.52812499
0.74380159 3.7190082 0.82699996
0.74380159 3.6198347 0.52812499
0.74380159 3.6198347 0.82699996
0.74380159 3.5206611 0.52812499
0.74380159 3.5206611 0.62774998
0.74380159 3.5206611 0.72737497
0.74380159 3.5206611 0.82699996
0.74380159 3.4214876 0.52812499
0.74380159 3.4214876 0.62774998
0.74380159 3.4214876 0.72737497
0.74380159 1.3388429 0.72737497
0.74380159 1.3388429 0.82699996
0.74380159 1.3388429 0.92662495
0.74380159 1.2396693 0.62774998
0.74380159 1.2396693 0.92662495
0.74380159 1.1404958 0.62774998
0.74380159 1.1404958 0.92662495
0.74380159 1.0413222 0.62774998
0.74380159 1.0413222 0.72737497
0.74380159 1.0413222 0.82699996
0.74380159 1.0413222 0.92662495
0.74380159 -0.44628096 0.029999999
0.74380159 -0.44628096 0.12962499
0.74380159 -0.44628096 0.22925
0.74380159 -0.44628096 0.32887501
0.74380159 -0.44628096 0.4285
0.74380159 -0.44628096 0.52812499
0.74380159 -0.44628096 0.62774998
0.74380159 -0.5454545 0.029999999
0.74380159 -0.5454545 0.12962499
0.74380159 -0.5454545 0.22925
0.74380159 -0.5454545 0.32887501
0.74380159 -0.5454545 0.4285
0.74380159 -0.5454545 0.52812499
0.74380159 -0.5454545 0.62774998
0.74380159 -0.5454545 0.72737497
0.74380159 -0.64462805 0.029999999
0.74380159 -0.64462805 0.12962499
0.74380159 -0.64462805 0.22925
0.74380159 -0.64462805 0.32887501
0.74380159 -0.64462805 0.4285
0.74380159 -0.64462805 0.52812499
0.74380159 -0.64462805 0.62774998
0.74380159 -0.64462805 0.72737497
0.74380159 -1.2396693 0.029999999
0.74380159 -1.2396693 0.12962499
0.74380159 -1.2396693 0.22925
0.74380159 -1.2396693 0.32887501
0.74380159 -1.2396693 0.4285
0.74380159 -1.2396693 0.52812499
0.74380159 -1.2396693 0.62774998
0.74380159 -1.2396693 0.72737497
0.74380159 -1.3388429 0.029999999
0.74380159 -1.3388429 0.12962499
0.74380159 -1.3388429 0.22925
0.74380159 -1.3388429 0.32887501
0.74380159 -1.3388429 0.4285
0.74380159 -1.3388429 0.52812499
0.74380159 -1.3388429 0.62774998
0.74380159 -1.3388429 0.72737497
0.74380159 -1.3388429 0.82699996
0.74380159 -1.4380164 0.029999999
0.74380159 -1.4380164 0.12962499
0.74380159 -1.4380164 0.22925
0.74380159 -1.4380164 0.32887501
0.74380159 -1.4380164 0.4285
0.74380159 -1.4380164 0.52812499
0.74380159 -1.4380164 0.62774998
0.74380159 -1.4380164 0.72737497
0.74380159 -1.4380164 0.82699996
0.74380159 -1.53719 0.029999999
0.74380159 -1.53719 0.12962499
0.74380159 -1.53719 0.22925
0.74380159 -1.53719 0.32887501
0.74380159 -1.53719 0.4285
0.74380159 -1.53719 0.52812499
0.74380159 -1.53719 0.62774998
0.74380159 -1.53719 0.72737497
0.74380159 -1.53719 0.82699996
0.74380159 -1.53719 0.92662495
0.74380159 -1.53719 1.02625
0.74380159 -1.6363635 0.72737497
0.74380159 -1.6363635 1.02625
0.74380159 -1.7355371 0.72737497
0.74380159 -1.7355371 1.02625
0.74380159 -1.8347106 0.72737497
0.74380159 -1.8347106 0.82699996
0.74380159 -1.8347106 0.92662495
0.74380159 -1.8347106 1.02625
0.84297514 5.8016529 0.62774998
0.84297514 5.8016529 0.72737497
0.84297514 5.8016529 0.82699996
0.84297514 5.8016529 0.92662495
0.84297514 5.7024794 0.62774998
0.84297514 5.7024794 0.72737497
0.84297514 5.7024794 0.82699996
0.84297514 5.7024794 0.92662495
0.84297514 5.6033058 0.62774998
0.84297514 5.6033058 0.72737497
0.84297514 5.6033058 0.82699996
0.84297514 5.6033058 0.92662495
0.84297514 5.5041323 0.62774998
0.84297514 5.5041323 0.72737497
0.84297514 5.5041323 0.82699996
0.84297514 4.5123968 0.4285
0.84297514 4.5123968 0.52812499
0.84297514 4.5123968 0.62774998
0.84297514 4.5123968 0.72737497
0.84297514 4.4132233 0.4285
0.84297514 4.4132233 0.72737497
0.84297514 4.3140497 0.4285
0.84297514 4.3140497 0.72737497
0.84297514 4.2148762 0.4285
0.84297514 4.2148762 0.52812499
0.84297514 4.2148762 0.62774998
0.84297514 4.2148762 0.72737497
0.84297514 4.0165291 0.52812499
0.84297514 4.0165291 0.62774998
0.84297514 4.0165291 0.72737497
0.84297514 4.0165291 0.82699996
0.84297514 3.9173553 0.52812499
0.84297514 3.9173553 0.82699996
0.84297514 3.8181818 0.52812499
0.84297514 3.8181818 0.82699996
0.84297514 3.7190082 0.52812499
0.84297514 3.7190082 0.82699996
0.84297514 3.6198347 0.52812499
0.84297514 3.6198347 0.62774998
0.84297514 3.6198347 0.72737497
0.84297514 3.6198347 0.82699996
0.84297514 1.3388429 0.62774998
0.84297514 1.3388429 0.72737497
0.84297514 1.3388429 0.82699996
0.84297514 1.3388429 0.92662495
0.84297514 1.2396693 0.62774998
0.84297514 1.2396693 0.72737497
0.84297514 1.2396693 0.82699996
0.84297514 1.2396693 0.92662495
0.84297514 1.1404958 0.62774998
0.84297514 1.1404958 0.72737497
0.84297514 1.1404958 0.82699996
0.84297514 1.1404958 0.92662495
0.84297514 1.0413222 0.72737497
0.84297514 1.0413222 0.82699996
0.84297514 1.0413222 0.92662495
0.84297514 -0.44628096 0.029999999
0.84297514 -0.44628096 0.12962499
0.84297514 -0.44628096 0.22925
0.84297514 -0.44628096 0.32887501
0.84297514 -0.44628096 0.4285
0.84297514 -0.44628096 0.52812499
0.84297514 -0.44628096 0.62774998
0.84297514 -0.5454545 0.029999999
0.84297514 -0.5454545 0.62774998
0.84297514 -0.5454545 0.72737497
0.84297514 -0.64462805 0.029999999
0.84297514 -0.64462805 0.12962499
0.84297514 -0.64462805 0.22925
0.84297514 -0.64462805 0.32887501
0.84297514 -0.64462805 0.4285
0.84297514 -0.64462805 0.52812499
0.84297514 -0.64462805 0.62774998
0.84297514 -0.64462805 0.72737497
0.84297514 -1.53719 0.72737497
0.84297514 -1.53719 0.82699996
0.84297514 -1.53719 0.92662495
0.84297514 -1.53719 1.02625
0.84297514 -1.6363635 0.72737497
0.84297514 -1.6363635 1.02625
0.84297514 -1.7355371 0.72737497
0.84297514 -1.7355371 1.02625
0.84297514 -1.8347106 0.82699996
0.84297514 -1.8347106 0.92662495
0.84297514 -1.8347106 1.02625
0.84297514 -5.5041323 0.82699996
0.84297514 -5.5041323 0.92662495
0.84297514 -5.5041323 1.02625
0.84297514 -5.6033058 0.82699996
0.84297514 -5.6033058 0.92662495
0.84297514 -5.6033058 1.02625
0.94214869 5.6033058 0.62774998
0.94214869 5.6033058 0.72737497
0.94214869 5.6033058 0.82699996
0.94214869 4.4132233 0.4285
0.94214869 4.4132233 0.52812499
0.94214869 4.4132233 0.62774998
0.94214869 4.4132233 0.72737497
0.94214869 4.3140497 0.4285
0.94214869 4.3140497 0.52812499
0.94214869 4.3140497 0.62774998
0.94214869 4.3140497 0.72737497
0.94214869 4.1157026 0.52812499
0.94214869 4.1157026 0.62774998
0.94214869 4.1157026 0.72737497
0.94214869 4.1157026 0.82699996
0.94214869 4.0165291 0.52812499
0.94214869 4.0165291 0.82699996
0.94214869 3.9173553 0.52812499
0.94214869 3.9173553 0.82699996
0.94214869 3.8181818 0.52812499
0.94214869 3.8181818 0.82699996
0.94214869 3.7190082 0.52812499
0.94214869 3.7190082 0.62774998
0.94214869 3.7190082 0.72737497
0.94214869 3.7190082 0.82699996
0.94214869 -0.44628096 0.029999999
0.94214869 -0.44628096 0.12962499
0.94214869 -0.44628096 0.22925
0.94214869 -0.44628096 0.32887501
0.94214869 -0.44628096 0.4285
0.94214869 -0.44628096 0.52812499
0.94214869 -0.44628096 0.62774998
0.94214869 -0.5454545 0.029999999
0.94214869 -0.5454545 0.12962499
0.94214869 -0.5454545 0.22925
0.94214869 -0.5454545 0.32887501
0.94214869 -0.5454545 0.4285
0.94214869 -0.5454545 0.52812499
0.94214869 -0.5454545 0.62774998
0.94214869 -0.5454545 0.72737497
0.94214869 -0.64462805 0.029999999
0.94214869 -0.64462805 0.12962499
0.94214869 -0.64462805 0.22925
0.94214869 -0.64462805 0.32887501
0.94214869 -0.64462805 0.4285
0.94214869 -0.64462805 0.52812499
0.94214869 -0.64462805 0.62774998
0.94214869 -0.64462805 0.72737497
0.94214869 -1.4380164 0.82699996
0.94214869 -1.4380164 0.92662495
0.94214869 -1.4380164 1.02625
0.94214869 -1.53719 0.72737497
0.94214869 -1.53719 1.02625
0.94214869 -1.6363635 0.72737497
0.94214869 -1.6363635 1.02625
0.94214869 -1.7355371 0.72737497
0.94214869 -1.7355371 0.82699996
0.94214869 -1.7355371 0.92662495
0.94214869 -1.7355371 1.02625
0.94214869 -1.8347106 0.82699996
0.94214869 -1.8347106 0.92662495
0.94214869 -1.8347106 1.02625
0.94214869 -2.0330582 0.029999999
0.94214869 -2.0330582 0.12962499
0.94214869 -2.0330582 0.22925
0.94214869 -2.0330582 0.32887501
0.94214869 -2.0330582 0.4285
0.94214869 -2.1322317 0.029999999
0.94214869 -2.1322317 0.12962499
0.94214869 -2.1322317 0.22925
0.94214869 -2.1322317 0.32887501
0.94214869 -2.1322317 0.4285
0.94214869 -2.8264465 0.62774998
0.94214869 -2.8264465 0.72737497
0.94214869 -2.8264465 0.82699996
0.94214869 -2.9256201 0.62774998
0.94214869 -2.9256201 0.72737497
0.94214869 -2.9256201 0.82699996
0.94214869 -3.0247936 0.62774998
0.94214869 -3.0247936 0.72737497
0.94214869 -3.0247936 0.82699996
0.94214869 -3.1239672 0.62774998
0.94214869 -3.1239672 0.72737497
0.94214869 -3.1239672 0.82699996
0.94214869 -3.2231407 0.62774998
0.94214869 -3.2231407 0.72737497
0.94214869 -3.2231407 0.82699996
0.94214869 -3.3223143 0.62774998
0.94214869 -3.3223143 0.72737497
0.94214869 -3.3223143 0.82699996
0.94214869 -5.4049587 0.72737497
0.94214869 -5.4049587 0.82699996
0.94214869 -5.4049587 0.92662495
0.94214869 -5.4049587 1.02625
0.94214869 -5.5041323 0.72737497
0.94214869 -5.5041323 0.82699996
0.94214869 -5.5041323 0.92662495
0.94214869 -5.5041323 1.02625
0.94214869 -5.6033058 0.72737497
0.94214869 -5.6033058 0.82699996
0.94214869 -5.6033058 0.92662495
0.94214869 -5.6033058 1.02625
0.94214869 -5.7024794 0.62774998
0.94214869 -5.7024794 0.72737497
0.94214869 -5.7024794 0.82699996
0.94214869 -5.7024794 0.92662495
0.94214869 -5.7024794 1.02625
0.94214869 -5.8016529 0.72737497
0.94214869 -5.8016529 0.82699996
0.94214869 -5.8016529 0.92662495
1.0413222 4.3140497 0.52812499
1.0413222 4.3140497 0.62774998
1.0413222 4.3140497 0.72737497
1.0413222 4.2148762 0.52812499
1.0413222 4.2148762 0.62774998
1.0413222 4.2148762 0.72737497
1.0413222 4.2148762 0.82699996
1.0413222 4.1157026 0.52812499
1.0413222 4.1157026 0.82699996
1.0413222 4.0165291 0.52812499
1.0413222 4.0165291 0.82699996
1.0413222 3.9173553 0.52812499
1.0413222 3.9173553 0.82699996
1.0413222 3.8181818 0.52812499
1.0413222 3.8181818 0.62774998
1.0413222 3.8181818 0.72737497
1.0413222 3.8181818 0.82699996
1.0413222 3.4214876 0.029999999
1.0413222 3.4214876 0.12962499
1.0413222 3.4214876 0.22925
1.0413222 3.4214876 0.32887501
1.0413222 3.4214876 0.4285
1.0413222 3.4214876 0.52812499
1.0413222 3.322314 0.029999999
1.0413222 3.322314 0.12962499
1.0413222 3.322314 0.22925
1.0413222 3.322314 0.32887501
1.0413222 3.322314 0.4285
1.0413222 3.322314 0.52812499
1.0413222 3.2231405 0.029999999
1.0413222 3.2231405 0.12962499
1.0413222 3.2231405 0.22925
1.0413222 3.2231405 0.32887501
1.0413222 3.2231405 0.4285
1.0413222 3.2231405 0.52812499
1.0413222 1.8347106 0.029999999
1.0413222 1.8347106 0.12962499
1.0413222 1.8347106 0.22925
1.0413222 1.8347106 0.32887501
1.0413222 1.8347106 0.4285
1.0413222 1.8347106 0.52812499
1.0413222 1.8347106 0.62774998
1.0413222 1.8347106 0.72737497
1.0413222 1.7355371 0.029999999
1.0413222 1.7355371 0.12962499
1.0413222 1.7355371 0.22925
1.0413222 1.7355371 0.32887501
1.0413222 1.7355371 0.4285
1.0413222 1.7355371 0.52812499
1.0413222 1.7355371 0.62774998
1.0413222 1.7355371 0.72737497
1.0413222 1.6363635 0.029999999
1.0413222 1.6363635 0.12962499
1.0413222 1.6363635 0.22925
1.0413222 1.6363635 0.32887501
1.0413222 1.6363635 0.4285
1.0413222 1.6363635 0.52812499
1.0413222 1.6363635 0.62774998
1.0413222 1.6363635 0.72737497
1.0413222 -1.4380164 0.72737497
1.0413222 -1.4380164 0.82699996
1.0413222 -1.4380164 0.92662495
1.0413222 -1.4380164 1.02625
1.0413222 -1.53719 0.72737497
1.0413222 -1.53719 1.02625
1.0413222 -1.6363635 0.72737497
1.0413222 -1.6363635 1.02625
1.0413222 -1.7355371 0.72737497
1.0413222 -1.7355371 0.82699996
1.0413222 -1.7355371 0.92662495
1.0413222 -1.7355371 1.02625
1.0413222 -1.9338841 0.029999999
1.0413222 -1.9338841 0.12962499
1.0413222 -1.9338841 0.22925
1.0413222 -1.9338841 0.32887501
1.0413222 -1.9338841 0.4285
1.0413222 -2.0330582 0.029999999
1.0413222 -2.0330582 0.52812499
1.0413222 -2.1322317 0.029999999
1.0413222 -2.1322317 0.12962499
1.0413222 -2.1322317 0.22925
1.0413222 -2.1322317 0.32887501
1.0413222 -2.1322317 0.4285
1.0413222 -2.1322317 0.52812499
1.0413222 -2.2314053 0.029999999
1.0413222 -2.2314053 0.12962499
1.0413222 -2.2314053 0.22925
1.0413222 -2.2314053 0.32887501
1.0413222 -2.2314053 0.4285
1.0413222 -2.727273 0.62774998
1.0413222 -2.727273 0.72737497
1.0413222 -2.727273 0.82699996
1.0413222 -2.8264465 0.52812499
1.0413222 -2.8264465 0.82699996
1.0413222 -2.9256201 0.52812499
1.0413222 -2.9256201 0.82699996
1.0413222 -3.0247936 0.52812499
1.0413222 -3.0247936 0.82699996
1.0413222 -3.1239672 0.52812499
1.0413222 -3.1239672 0.82699996
1.0413222 -3.2231407 0.52812499
1.0413222 -3.2231407 0.82699996
1.0413222 -3.3223143 0.52812499
1.0413222 -3.3223143 0.62774998
1.0413222 -3.3223143 0.72737497
1.0413222 -3.3223143 0.82699996
1.0413222 -4.909091 0.72737497
1.0413222 -4.909091 0.82699996
1.0413222 -4.909091 0.92662495
1.0413222 -5.0082645 0.72737497
1.0413222 -5.0082645 0.82699996
1.0413222 -5.0082645 0.92662495
1.0413222 -5.1074381 0.62774998
1.0413222 -5.1074381 0.72737497
1.0413222 -5.1074381 0.82699996
1.0413222 -5.1074381 0.92662495
1.0413222 -5.2066116 0.62774998
1.0413222 -5.2066116 0.72737497
1.0413222 -5.2066116 0.82699996
1.0413222 -5.2066116 0.92662495
1.0413222 -5.2066116 1.02625
1.0413222 -5.3057852 0.62774998
1.0413222 -5.3057852 0.72737497
1.0413222 -5.3057852 0.82699996
1.0413222 -5.3057852 0.92662495
1.0413222 -5.3057852 1.02625
1.0413222 -5.4049587 0.62774998
1.0413222 -5.4049587 0.72737497
1.0413222 -5.4049587 0.92662495
1.0413222 -5.4049587 1.02625
1.0413222 -5.5041323 0.62774998
1.0413222 -5.5041323 0.72737497
1.0413222 -5.5041323 0.92662495
1.0413222 -5.5041323 1.02625
1.0413222 -5.6033058 0.62774998
1.0413222 -5.6033058 0.72737497
1.0413222 -5.6033058 0.92662495
1.0413222 -5.6033058 1.02625
1.0413222 -5.7024794 0.62774998
1.0413222 -5.7024794 0.72737497
1.0413222 -5.7024794 0.82699996
1.0413222 -5.7024794 0.92662495
1.0413222 -5.7024794 1.02625
1.0413222 -5.8016529 0.72737497
1.0413222 -5.8016529 0.82699996
1.0413222 -5.8016529 0.92662495
1.1404958 4.4132233 0.52812499
1.1404958 4.4132233 0.62774998
1.1404958 4.4132233 0.72737497
1.1404958 4.3140497 0.52812499
1.1404958 4.3140497 0.62774998
1.1404958 4.3140497 0.72737497
1.1404958 4.3140497 0.82699996
1.1404958 4.2148762 0.52812499
1.1404958 4.2148762 0.82699996
1.1404958 4.1157026 0.52812499
1.1404958 4.1157026 0.82699996
1.1404958 4.0165291 0.52812499
1.1404958 4.0165291 0.82699996
1.1404958 3.9173553 0.52812499
1.1404958 3.9173553 0.62774998
1.1404958 3.9173553 0.72737497
1.1404958 3.4214876 0.029999999
1.1404958 3.4214876 0.12962499
1.1404958 3.4214876 0.22925
1.1404958 3.4214876 0.32887501
1.1404958 3.4214876 0.4285
1.1404958 3.4214876 0.52812499
1.1404958 3.322314 0.029999999
1.1404958 3.322314 0.12962499
1.1404958 3.322314 0.22925
1.1404958 3.322314 0.32887501
1.1404958 3.322314 0.4285
1.1404958 3.322314 0.52812499
1.1404958 3.2231405 0.029999999
1.1404958 3.2231405 0.12962499
1.1404958 3.2231405 0.22925
1.1404958 3.2231405 0.32887501
1.1404958 3.2231405 0.4285
1.1404958 3.2231405 0.52812499
1.1404958 2.8264463 0.4285
1.1404958 2.8264463 0.52812499
1.1404958 2.8264463 0.62774998
1.1404958 2.7272727 0.32887501
1.1404958 2.7272727 0.4285
1.1404958 2.7272727 0.52812499
1.1404958 2.7272727 0.62774998
1.1404958 2.6280992 0.4285
1.1404958 2.6280992 0.52812499
1.1404958 2.6280992 0.62774998
1.1404958 1.9338841 0.029999999
1.1404958 1.9338841 0.12962499
1.1404958 1.9338841 0.22925
1.1404958 1.9338841 0.32887501
1.1404958 1.9338841 0.4285
1.1404958 1.9338841 0.52812499
1.1404958 1.9338841 0.62774998
1.1404958 1.9338841 0.72737497
1.1404958 1.8347106 0.029999999
1.1404958 1.8347106 0.82699996
1.1404958 1.7355371 0.029999999
1.1404958 1.7355371 0.82699996
1.1404958 1.6363635 0.029999999
1.1404958 1.6363635 0.12962499
1.1404958 1.6363635 0.22925
1.1404958 1.6363635 0.32887501
1.1404958 1.6363635 0.4285
1.1404958 1.6363635 0.52812499
1.1404958 1.6363635 0.62774998
1.1404958 1.6363635 0.72737497
1.1404958 1.6363635 0.82699996
1.1404958 0.34710741 0.029999999
1.1404958 0.34710741 0.12962499
1.1404958 0.34710741 0.22925
1.1404958 0.34710741 0.32887501
1.1404958 0.34710741 0.4285
1.1404958 0.34710741 0.52812499
1.1404958 0.34710741 0.62774998
1.1404958 0.24793386 0.029999999
1.1404958 0.24793386 0.12962499
1.1404958 0.24793386 0.22925
1.1404958 0.24793386 0.32887501
1.1404958 0.24793386 0.4285
1.1404958 0.24793386 0.52812499
1.1404958 0.24793386 0.62774998
1.1404958 0.14876032 0.029999999
1.1404958 0.14876032 0.12962499
1.1404958 0.14876032 0.22925
1.1404958 0.14876032 0.32887501
1.1404958 0.14876032 0.4285
1.1404958 0.14876032 0.52812499
1.1404958 0.14876032 0.62774998
1.1404958 0.049586773 0.029999999
1.1404958 0.049586773 0.12962499
1.1404958 0.049586773 0.22925
1.1404958 0.049586773 0.32887501
1.1404958 0.049586773 0.4285
1.1404958 0.049586773 0.52812499
1.1404958 0.049586773 0.62774998
1.1404958 -1.3388429 0.82699996
1.1404958 -1.3388429 0.92662495
1.1404958 -1.3388429 1.02625
1.1404958 -1.4380164 0.72737497
1.1404958 -1.4380164 1.02625
1.1404958 -1.53719 0.72737497
1.1404958 -1.53719 1.02625
1.1404958 -1.6363635 0.72737497
1.1404958 -1.6363635 1.02625
1.1404958 -1.7355371 0.82699996
1.1404958 -1.7355371 0.92662495
1.1404958 -1.7355371 1.02625
1.1404958 -1.9338841 0.029999999
1.1404958 -1.9338841 0.12962499
1.1404958 -1.9338841 0.22925
1.1404958 -1.9338841 0.32887501
1.1404958 -1.9338841 0.4285
1.1404958 -2.0330582 0.029999999
1.1404958 -2.0330582 0.12962499
1.1404958 -2.0330582 0.22925
1.1404958 -2.0330582 0.32887501
1.1404958 -2.0330582 0.4285
1.1404958 -2.0330582 0.52812499
1.1404958 -2.1322317 0.029999999
1.1404958 -2.1322317 0.12962499
1.1404958 -2.1322317 0.22925
1.1404958 -2.1322317 0.32887501
1.1404958 -2.1322317 0.4285
1.1404958 -2.1322317 0.52812499
1.1404958 -2.2314053 0.029999999
1.1404958 -2.2314053 0.12962499
1.1404958 -2.2314053 0.22925
1.1404958 -2.2314053 0.32887501
1.1404958 -2.2314053 0.4285
1.1404958 -2.727273 0.62774998
1.1404958 -2.727273 0.72737497
1.1404958 -2.727273 0.82699996
1.1404958 -2.8264465 0.52812499
1.1404958 -2.8264465 0.82699996
1.1404958 -2.9256201 0.52812499
1.1404958 -2.9256201 0.82699996
1.1404958 -3.0247936 0.52812499
1.1404958 -3.0247936 0.82699996
1.1404958 -3.1239672 0.52812499
1.1404958 -3.1239672 0.82699996
1.1404958 -3.2231407 0.52812499
1.1404958 -3.2231407 0.82699996
1.1404958 -3.3223143 0.52812499
1.1404958 -3.3223143 0.62774998
1.1404958 -3.3223143 0.72737497
1.1404958 -3.3223143 0.82699996
1.1404958 -4.909091 0.62774998
1.1404958 -4.909091 0.72737497
1.1404958 -4.909091 0.82699996
1.1404958 -4.909091 0.92662495
1.1404958 -5.0082645 0.62774998
1.1404958 -5.0082645 0.92662495
1.1404958 -5.1074381 0.62774998
1.1404958 -5.1074381 0.82699996
1.1404958 -5.1074381 0.92662495
1.1404958 -5.1074381 1.02625
1.1404958 -5.2066116 0.62774998
1.1404958 -5.2066116 0.72737497
1.1404958 -5.2066116 0.92662495
1.1404958 -5.2066116 1.02625
1.1404958 -5.3057852 0.62774998
1.1404958 -5.3057852 0.72737497
1.1404958 -5.3057852 0.92662495
1.1404958 -5.3057852 1.02625
1.1404958 -5.4049587 0.62774998
1.1404958 -5.4049587 0.72737497
1.1404958 -5.4049587 0.92662495
1.1404958 -5.4049587 1.02625
1.1404958 -5.5041323 0.62774998
1.1404958 -5.5041323 0.72737497
1.1404958 -5.5041323 0.92662495
1.1404958 -5.5041323 1.02625
1.1404958 -5.6033058 0.62774998
1.1404958 -5.6033058 0.72737497
1.1404958 -5.6033058 0.82699996
1.1404958 -5.6033058 0.92662495
1.1404958 -5.6033058 1.02625
1.1404958 -5.7024794 0.62774998
1.1404958 -5.7024794 0.82699996
1.1404958 -5.7024794 0.92662495
1.1404958 -5.7024794 1.02625
1.1404958 -5.8016529 0.62774998
1.1404958 -5.8016529 0.72737497
1.1404958 -5.8016529 0.82699996
1.1404958 -5.8016529 0.92662495
1.1404958 -5.9008265 0.72737497
1.1404958 -5.9008265 0.82699996
1.1404958 -5.9008265 0.92662495
1.2396693 4.5123968 0.52812499
1.2396693 4.5123968 0.62774998
1.2396693 4.5123968 0.72737497
1.2396693 4.4132233 0.52812499
1.2396693 4.4132233 0.82699996
1.2396693 4.3140497 0.52812499
1.2396693 4.3140497 0.82699996
1.2396693 4.2148762 0.52812499
1.2396693 4.2148762 0.82699996
1.2396693 4.1157026 0.52812499
1.2396693 4.1157026 0.82699996
1.2396693 4.0165291 0.52812499
1.2396693 4.0165291 0.62774998
1.2396693 4.0165291 0.72737497
1.2396693 3.4214876 0.029999999
1.2396693 3.4214876 0.12962499
1.2396693 3.4214876 0.22925
1.2396693 3.4214876 0.32887501
1.2396693 3.4214876 0.4285
1.2396693 3.4214876 0.52812499
1.2396693 3.322314 0.029999999
1.2396693 3.322314 0.52812499
1.2396693 3.2231405 0.029999999
1.2396693 3.2231405 0.12962499
1.2396693 3.2231405 0.22925
1.2396693 3.2231405 0.32887501
1.2396693 3.2231405 0.4285
1.2396693 3.2231405 0.52812499
1.2396693 3.0247934 0.4285
1.2396693 3.0247934 0.52812499
1.2396693 3.0247934 0.62774998
1.2396693 2.9256198 0.32887501
1.2396693 2.9256198 0.4285
1.2396693 2.9256198 0.52812499
1.2396693 2.9256198 0.62774998
1.2396693 2.8264463 0.32887501
1.2396693 2.8264463 0.62774998
1.2396693 2.7272727 0.32887501
1.2396693 2.7272727 0.62774998
1.2396693 2.6280992 0.32887501
1.2396693 2.6280992 0.4285
1.2396693 2.6280992 0.52812499
1.2396693 2.6280992 0.62774998
1.2396693 2.5289257 0.4285
1.2396693 2.5289257 0.52812499
1.2396693 2.5289257 0.62774998
1.2396693 1.9338841 0.029999999
1.2396693 1.9338841 0.12962499
1.2396693 1.9338841 0.22925
1.2396693 1.9338841 0.32887501
1.2396693 1.9338841 0.4285
1.2396693 1.9338841 0.52812499
1.2396693 1.9338841 0.62774998
1.2396693 1.9338841 0.72737497
1.2396693 1.8347106 0.029999999
1.2396693 1.8347106 0.12962499
1.2396693 1.8347106 0.22925
1.2396693 1.8347106 0.32887501
1.2396693 1.8347106 0.4285
1.2396693 1.8347106 0.52812499
1.2396693 1.8347106 0.62774998
1.2396693 1.8347106 0.72737497
1.2396693 1.8347106 0.82699996
1.2396693 1.7355371 0.029999999
1.2396693 1.7355371 0.12962499
1.2396693 1.7355371 0.22925
1.2396693 1.7355371 0.32887501
1.2396693 1.7355371 0.4285
1.2396693 1.7355371 0.52812499
1.2396693 1.7355371 0.62774998
1.2396693 1.7355371 0.72737497
1.2396693 1.7355371 0.82699996
1.2396693 1.6363635 0.029999999
1.2396693 1.6363635 0.12962499
1.2396693 1.6363635 0.22925
1.2396693 1.6363635 0.32887501
1.2396693 1.6363635 0.4285
1.2396693 1.6363635 0.52812499
1.2396693 1.6363635 0.62774998
1.2396693 1.6363635 0.72737497
1.2396693 1.6363635 0.82699996
1.2396693 0.34710741 0.029999999
1.2396693 0.34710741 0.12962499
1.2396693 0.34710741 0.22925
1.2396693 0.34710741 0.32887501
1.2396693 0.34710741 0.4285
1.2396693 0.34710741 0.52812499
1.2396693 0.34710741 0.62774998
1.2396693 0.24793386 0.029999999
1.2396693 0.24793386 0.12962499
1.2396693 0.24793386 0.22925
1.2396693 0.24793386 0.32887501
1.2396693 0.24793386 0.4285
1.2396693 0.24793386 0.52812499
1.2396693 0.24793386 0.62774998
1.2396693 0.14876032 0.029999999
1.2396693 0.14876032 0.62774998
1.2396693 0.049586773 0.029999999
1.2396693 0.049586773 0.12962499
1.2396693 0.049586773 0.22925
1.2396693 0.049586773 0.32887501
1.2396693 0.049586773 0.4285
1.2396693 0.049586773 0.52812499
1.2396693 0.049586773 0.62774998
1.2396693 -1.4380164 0.72737497
1.2396693 -1.4380164 0.82699996
1.2396693 -1.4380164 0.92662495
1.2396693 -1.4380164 1.02625
1.2396693 -1.53719 0.72737497
1.2396693 -1.53719 1.02625
1.2396693 -1.6363635 0.72737497
1.2396693 -1.6363635 0.82699996
1.2396693 -1.6363635 0.92662495
1.2396693 -1.6363635 1.02625
1.2396693 -2.727273 0.62774998
1.2396693 -2.727273 0.72737497
1.2396693 -2.727273 0.82699996
1.2396693 -2.8264465 0.52812499
1.2396693 -2.8264465 0.62774998
1.2396693 -2.8264465 0.72737497
1.2396693 -2.8264465 0.82699996
1.2396693 -2.9256201 0.52812499
1.2396693 -2.9256201 0.62774998
1.2396693 -2.9256201 0.72737497
1.2396693 -2.9256201 0.82699996
1.2396693 -3.0247936 0.52812499
1.2396693 -3.0247936 0.62774998
1.2396693 -3.0247936 0.72737497
1.2396693 -3.0247936 0.82699996
1.2396693 -3.1239672 0.52812499
1.2396693 -3.1239672 0.62774998
1.2396693 -3.1239672 0.72737497
1.2396693 -3.1239672 0.82699996
1.2396693 -3.2231407 0.52812499
1.2396693 -3.2231407 0.62774998
1.2396693 -3.2231407 0.72737497
1.2396693 -3.2231407 0.82699996
1.2396693 -3.3223143 0.62774998
1.2396693 -3.3223143 0.72737497
1.2396693 -3.3223143 0.82699996
1.2396693 -4.3140497 0.029999999
1.2396693 -4.3140497 0.12962499
1.2396693 -4.3140497 0.22925
1.2396693 -4.3140497 0.32887501
1.2396693 -4.3140497 0.4285
1.2396693 -4.3140497 0.52812499
1.2396693 -4.3140497 0.62774998
1.2396693 -4.3140497 0.72737497
1.2396693 -4.4132233 0.029999999
1.2396693 -4.4132233 0.12962499
1.2396693 -4.4132233 0.22925
1.2396693 -4.4132233 0.32887501
1.2396693 -4.4132233 0.4285
1.2396693 -4.4132233 0.52812499
1.2396693 -4.4132233 0.62774998
1.2396693 -4.4132233 0.72737497
1.2396693 -4.5123968 0.029999999
1.2396693 -4.5123968 0.12962499
1.2396693 -4.5123968 0.22925
1.2396693 -4.5123968 0.32887501
1.2396693 -4.5123968 0.4285
1.2396693 -4.5123968 0.52812499
1.2396693 -4.5123968 0.62774998
1.2396693 -4.5123968 0.72737497
1.2396693 -4.909091 0.72737497
1.2396693 -4.909091 0.82699996
1.2396693 -4.909091 0.92662495
1.2396693 -5.0082645 0.62774998
1.2396693 -5.0082645 0.72737497
1.2396693 -5.0082645 0.82699996
1.2396693 -5.0082645 0.92662495
1.2396693 -5.0082645 1.02625
1.2396693 -5.1074381 0.62774998
1.2396693 -5.1074381 0.72737497
1.2396693 -5.1074381 0.92662495
1.2396693 -5.1074381 1.02625
1.2396693 -5.2066116 0.62774998
1.2396693 -5.2066116 0.72737497
1.2396693 -5.2066116 0.92662495
1.2396693 -5.2066116 1.02625
1.2396693 -5.3057852 0.62774998
1.2396693 -5.3057852 0.72737497
1.2396693 -5.3057852 0.82699996
1.2396693 -5.3057852 0.92662495
1.2396693 -5.3057852 1.02625
1.2396693 -5.3057852 1.125875
1.2396693 -5.4049587 0.62774998
1.2396693 -5.4049587 0.72737497
1.2396693 -5.4049587 0.82699996
1.2396693 -5.4049587 0.92662495
1.2396693 -5.4049587 1.02625
1.2396693 -5.4049587 1.125875
1.2396693 -5.5041323 0.62774998
1.2396693 -5.5041323 0.72737497
1.2396693 -5.5041323 0.82699996
1.2396693 -5.5041323 0.92662495
1.2396693 -5.5041323 1.02625
1.2396693 -5.6033058 0.62774998
1.2396693 -5.6033058 0.72737497
1.2396693 -5.6033058 0.82699996
1.2396693 -5.6033058 0.92662495
1.2396693 -5.7024794 0.62774998
1.2396693 -5.7024794 0.72737497
1.2396693 -5.7024794 0.82699996
1.2396693 -5.7024794 0.92662495
1.2396693 -5.8016529 0.72737497
1.2396693 -5.8016529 0.82699996
1.2396693 -5.8016529 0.92662495
1.2396693 -5.9008265 0.72737497
1.2396693 -5.9008265 0.82699996
1.2396693 -5.9008265 0.92662495
1.2396693 -5.9008265 1.02625
1.3388429 4.6115704 0.52812499
1.3388429 4.6115704 0.62774998
1.3388429 4.6115704 0.72737497
1.3388429 4.5123968 0.52812499
1.3388429 4.5123968 0.82699996
1.3388429 4.4132233 0.52812499
1.3388429 4.4132233 0.82699996
1.3388429 4.3140497 0.029999999
1.3388429 4.3140497 0.12962499
1.3388429 4.3140497 0.22925
1.3388429 4.3140497 0.32887501
1.3388429 4.3140497 0.4285
1.3388429 4.3140497 0.52812499
1.3388429 4.3140497 0.82699996
1.3388429 4.2148762 0.029999999
1.3388429 4.2148762 0.12962499
1.3388429 4.2148762 0.22925
1.3388429 4.2148762 0.32887501
1.3388429 4.2148762 0.4285
1.3388429 4.2148762 0.52812499
1.3388429 4.2148762 0.82699996
1.3388429 4.1157026 0.029999999
1.3388429 4.1157026 0.12962499
1.3388429 4.1157026 0.22925
1.3388429 4.1157026 0.32887501
1.3388429 4.1157026 0.4285
1.3388429 4.1157026 0.52812499
1.3388429 4.1157026 0.62774998
1.3388429 4.1157026 0.72737497
1.3388429 3.4214876 0.029999999
1.3388429 3.4214876 0.12962499
1.3388429 3.4214876 0.22925
1.3388429 3.4214876 0.32887501
1.3388429 3.4214876 0.4285
1.3388429 3.4214876 0.52812499
1.3388429 3.322314 0.029999999
1.3388429 3.322314 0.12962499
1.3388429 3.322314 0.22925
1.3388429 3.322314 0.32887501
1.3388429 3.322314 0.4285
1.3388429 3.322314 0.52812499
1.3388429 3.2231405 0.029999999
1.3388429 3.2231405 0.12962499
1.3388429 3.2231405 0.22925
1.3388429 3.2231405 0.32887501
1.3388429 3.2231405 0.4285
1.3388429 3.2231405 0.52812499
1.3388429 3.2231405 0.62774998
1.3388429 3.1239669 0.32887501
1.3388429 3.1239669 0.4285
1.3388429 3.1239669 0.52812499
1.3388429 3.1239669 0.62774998
1.3388429 3.0247934 0.32887501
1.3388429 3.0247934 0.62774998
1.3388429 2.9256198 0.32887501
1.3388429 2.9256198 0.62774998
1.3388429 2.8264463 0.32887501
1.3388429 2.8264463 0.62774998
1.3388429 2.7272727 0.32887501
1.3388429 2.7272727 0.62774998
1.3388429 2.6280992 0.32887501
1.3388429 2.6280992 0.62774998
1.3388429 2.5289257 0.32887501
1.3388429 2.5289257 0.4285
1.3388429 2.5289257 0.52812499
1.3388429 2.5289257 0.62774998
1.3388429 1.8347106 0.029999999
1.3388429 1.8347106 0.12962499
1.3388429 1.8347106 0.22925
1.3388429 1.8347106 0.32887501
1.3388429 1.8347106 0.4285
1.3388429 1.8347106 0.52812499
1.3388429 1.8347106 0.62774998
1.3388429 1.8347106 0.72737497
1.3388429 1.7355371 0.029999999
1.3388429 1.7355371 0.12962499
1.3388429 1.7355371 0.22925
1.3388429 1.7355371 0.32887501
1.3388429 1.7355371 0.4285
1.3388429 1.7355371 0.52812499
1.3388429 1.7355371 0.62774998
1.3388429 1.7355371 0.72737497
1.3388429 1.6363635 0.029999999
1.3388429 1.6363635 0.12962499
1.3388429 1.6363635 0.22925
1.3388429 1.6363635 0.32887501
1.3388429 1.6363635 0.4285
1.3388429 1.6363635 0.52812499
1.3388429 1.6363635 0.62774998
1.3388429 1.6363635 0.72737497
1.3388429 0.34710741 0.029999999
1.3388429 0.34710741 0.12962499
1.3388429 0.34710741 0.22925
1.3388429 0.34710741 0.32887501
1.3388429 0.34710741 0.4285
1.3388429 0.34710741 0.52812499
1.3388429 0.34710741 0.62774998
1.3388429 0.24793386 0.029999999
1.3388429 0.24793386 0.12962499
1.3388429 0.24793386 0.22925
1.3388429 0.24793386 0.32887501
1.3388429 0.24793386 0.4285
1.3388429 0.24793386 0.52812499
1.3388429 0.24793386 0.62774998
1.3388429 0.14876032 0.029999999
1.3388429 0.14876032 0.12962499
1.3388429 0.14876032 0.22925
1.3388429 0.14876032 0.32887501
1.3388429 0.14876032 0.4285
1.3388429 0.14876032 0.52812499
1.3388429 0.14876032 0.62774998
1.3388429 0.049586773 0.029999999
1.3388429 0.049586773 0.12962499
1.3388429 0.049586773 0.22925
1.3388429 0.049586773 0.32887501
1.3388429 0.049586773 0.4285
1.3388429 0.049586773 0.52812499
1.3388429 0.049586773 0.62774998
1.3388429 -1.53719 0.82699996
1.3388429 -1.53719 0.92662495
1.3388429 -1.53719 1.02625
1.3388429 -1.6363635 0.82699996
1.3388429 -1.6363635 0.92662495
1.3388429 -1.6363635 1.02625
1.3388429 -4.3140497 0.029999999
1.3388429 -4.3140497 0.12962499
1.3388429 -4.3140497 0.22925
1.3388429 -4.3140497 0.32887501
1.3388429 -4.3140497 0.4285
1.3388429 -4.3140497 0.52812499
1.3388429 -4.3140497 0.62774998
1.3388429 -4.3140497 0.72737497
1.3388429 -4.4132233 0.029999999
1.3388429 -4.4132233 0.72737497
1.3388429 -4.5123968 0.029999999
1.3388429 -4.5123968 0.12962499
1.3388429 -4.5123968 0.22925
1.3388429 -4.5123968 0.32887501
1.3388429 -4.5123968 0.4285
1.3388429 -4.5123968 0.52812499
1.3388429 -4.5123968 0.62774998
1.3388429 -4.5123968 0.72737497
1.3388429 -4.8099174 0.82699996
1.3388429 -4.8099174 0.92662495
1.3388429 -4.8099174 1.02625
1.3388429 -4.909091 0.72737497
1.3388429 -4.909091 0.82699996
1.3388429 -4.909091 0.92662495
1.3388429 -4.909091 1.02625
1.3388429 -5.0082645 0.62774998
1.3388429 -5.0082645 0.72737497
1.3388429 -5.0082645 0.82699996
1.3388429 -5.0082645 0.92662495
1.3388429 -5.0082645 1.02625
1.3388429 -5.1074381 0.72737497
1.3388429 -5.1074381 0.82699996
1.3388429 -5.1074381 0.92662495
1.3388429 -5.1074381 1.02625
1.3388429 -5.2066116 0.62774998
1.3388429 -5.2066116 0.72737497
1.3388429 -5.2066116 0.82699996
1.3388429 -5.2066116 0.92662495
1.3388429 -5.2066116 1.02625
1.3388429 -5.3057852 0.62774998
1.3388429 -5.3057852 0.72737497
1.3388429 -5.3057852 0.82699996
1.3388429 -5.3057852 0.92662495
1.3388429 -5.3057852 1.02625
1.3388429 -5.3057852 1.125875
1.3388429 -5.4049587 0.62774998
1.3388429 -5.4049587 0.72737497
1.3388429 -5.4049587 0.82699996
1.3388429 -5.4049587 0.92662495
1.3388429 -5.4049587 1.02625
1.3388429 -5.4049587 1.125875
1.3388429 -5.5041323 0.62774998
1.3388429 -5.5041323 0.72737497
1.3388429 -5.5041323 0.82699996
1.3388429 -5.5041323 0.92662495
1.3388429 -5.5041323 1.02625
1.3388429 -5.5041323 1.125875
1.3388429 -5.6033058 0.62774998
1.3388429 -5.6033058 0.82699996
1.3388429 -5.6033058 0.92662495
1.3388429 -5.6033058 1.02625
1.3388429 -5.7024794 0.62774998
1.3388429 -5.7024794 0.72737497
1.3388429 -5.7024794 0.82699996
1.3388429 -5.7024794 0.92662495
1.3388429 -5.8016529 0.72737497
1.3388429 -5.8016529 0.82699996
1.3388429 -5.8016529 0.92662495
1.3388429 -5.9008265 0.72737497
1.3388429 -5.9008265 0.82699996
1.3388429 -5.9008265 0.92662495
1.3388429 -5.9008265 1.02625
1.4380164 4.6115704 0.52812499
1.4380164 4.6115704 0.62774998
1.4380164 4.6115704 0.72737497
1.4380164 4.6115704 0.82699996
1.4380164 4.5123968 0.52812499
1.4380164 4.5123968 0.82699996
1.4380164 4.4132233 0.52812499
1.4380164 4.4132233 0.82699996
1.4380164 4.3140497 0.029999999
1.4380164 4.3140497 0.12962499
1.4380164 4.3140497 0.22925
1.4380164 4.3140497 0.32887501
1.4380164 4.3140497 0.4285
1.4380164 4.3140497 0.52812499
1.4380164 4.3140497 0.62774998
1.4380164 4.3140497 0.82699996
1.4380164 4.2148762 0.029999999
1.4380164 4.2148762 0.52812499
1.4380164 4.2148762 0.62774998
1.4380164 4.2148762 0.72737497
1.4380164 4.1157026 0.029999999
1.4380164 4.1157026 0.12962499
1.4380164 4.1157026 0.22925
1.4380164 4.1157026 0.32887501
1.4380164 4.1157026 0.4285
1.4380164 4.1157026 0.52812499
1.4380164 4.1157026 0.62774998
1.4380164 3.4214876 0.4285
1.4380164 3.4214876 0.52812499
1.4380164 3.4214876 0.62774998
1.4380164 3.322314 0.32887501
1.4380164 3.322314 0.4285
1.4380164 3.322314 0.52812499
1.4380164 3.322314 0.62774998
1.4380164 3.2231405 0.32887501
1.4380164 3.2231405 0.62774998
1.4380164 3.1239669 0.32887501
1.4380164 3.1239669 0.62774998
1.4380164 3.0247934 0.32887501
1.4380164 3.0247934 0.62774998
1.4380164 2.9256198 0.32887501
1.4380164 2.9256198 0.62774998
1.4380164 2.8264463 0.32887501
1.4380164 2.8264463 0.62774998
1.4380164 2.7272727 0.32887501
1.4380164 2.7272727 0.4285
1.4380164 2.7272727 0.52812499
1.4380164 2.7272727 0.62774998
1.4380164 2.6280992 0.4285
1.4380164 2.6280992 0.52812499
1.4380164 2.6280992 0.62774998
1.4380164 -4.3140497 0.029999999
1.4380164 -4.3140497 0.12962499
1.4380164 -4.3140497 0.22925
1.4380164 -4.3140497 0.32887501
1.4380164 -4.3140497 0.4285
1.4380164 -4.3140497 0.52812499
1.4380164 -4.3140497 0.62774998
1.4380164 -4.3140497 0.72737497
1.4380164 -4.4132233 0.029999999
1.4380164 -4.4132233 0.72737497
1.4380164 -4.5123968 0.029999999
1.4380164 -4.5123968 0.12962499
1.4380164 -4.5123968 0.22925
1.4380164 -4.5123968 0.32887501
1.4380164 -4.5123968 0.4285
1.4380164 -4.5123968 0.52812499
1.4380164 -4.5123968 0.62774998
1.4380164 -4.5123968 0.72737497
1.4380164 -4.7107439 0.82699996
1.4380164 -4.7107439 0.92662495
1.4380164 -4.7107439 1.02625
1.4380164 -4.8099174 0.72737497
1.4380164 -4.8099174 1.02625
1.4380164 -4.909091 0.62774998
1.4380164 -4.909091 0.72737497
1.4380164 -4.909091 0.82699996
1.4380164 -4.909091 0.92662495
1.4380164 -4.909091 1.02625
1.4380164 -5.0082645 0.62774998
1.4380164 -5.0082645 0.72737497
1.4380164 -5.0082645 0.82699996
1.4380164 -5.0082645 0.92662495
1.4380164 -5.0082645 1.02625
1.4380164 -5.1074381 0.62774998
1.4380164 -5.1074381 0.72737497
1.4380164 -5.1074381 0.82699996
1.4380164 -5.1074381 0.92662495
1.4380164 -5.1074381 1.02625
1.4380164 -5.2066116 0.62774998
1.4380164 -5.2066116 0.72737497
1.4380164 -5.2066116 0.82699996
1.4380164 -5.2066116 0.92662495
1.4380164 -5.2066116 1.02625
1.4380164 -5.3057852 0.62774998
1.4380164 -5.3057852 0.72737497
1.4380164 -5.3057852 0.82699996
1.4380164 -5.3057852 0.92662495
1.4380164 -5.3057852 1.02625
1.4380164 -5.3057852 1.125875
1.4380164 -5.4049587 0.62774998
1.4380164 -5.4049587 0.72737497
1.4380164 -5.4049587 0.82699996
1.4380164 -5.4049587 0.92662495
1.4380164 -5.4049587 1.02625
1.4380164 -5.4049587 1.125875
1.4380164 -5.5041323 0.62774998
1.4380164 -5.5041323 0.72737497
1.4380164 -5.5041323 0.82699996
1.4380164 -5.5041323 0.92662495
1.4380164 -5.5041323 1.02625
1.4380164 -5.5041323 1.125875
1.4380164 -5.6033058 0.62774998
1.4380164 -5.6033058 0.92662495
1.4380164 -5.7024794 0.62774998
1.4380164 -5.7024794 0.72737497
1.4380164 -5.7024794 0.82699996
1.4380164 -5.7024794 0.92662495
1.4380164 -5.8016529 0.72737497
1.4380164 -5.8016529 0.82699996
1.4380164 -5.8016529 0.92662495
1.4380164 -5.9008265 0.72737497
1.4380164 -5.9008265 0.82699996
1.4380164 -5.9008265 0.92662495
1.4380164 -5.9008265 1.02625
1.53719 4.5123968 0.52812499
1.53719 4.5123968 0.62774998
1.53719 4.5123968 0.72737497
1.53719 4.5123968 0.82699996
1.53719 4.4132233 0.52812499
1.53719 4.4132233 0.62774998
1.53719 4.4132233 0.72737497
1.53719 4.4132233 0.82699996
1.53719 4.3140497 0.029999999
1.53719 4.3140497 0.12962499
1.53719 4.3140497 0.22925
1.53719 4.3140497 0.32887501
1.53719 4.3140497 0.4285
1.53719 4.3140497 0.52812499
1.53719 4.3140497 0.62774998
1.53719 4.3140497 0.72737497
1.53719 4.2148762 0.029999999
1.53719 4.2148762 0.62774998
1.53719 4.1157026 0.029999999
1.53719 4.1157026 0.12962499
1.53719 4.1157026 0.22925
1.53719 4.1157026 0.32887501
1.53719 4.1157026 0.4285
1.53719 4.1157026 0.52812499
1.53719 4.1157026 0.62774998
1.53719 3.5206611 0.4285
1.53719 3.5206611 0.52812499
1.53719 3.5206611 0.62774998
1.53719 3.4214876 0.32887501
1.53719 3.4214876 0.4285
1.53719 3.4214876 0.52812499
1.53719 3.4214876 0.62774998
1.53719 3.322314 0.32887501
1.53719 3.322314 0.62774998
1.53719 3.2231405 0.32887501
1.53719 3.2231405 0.62774998
1.53719 3.1239669 0.32887501
1.53719 3.1239669 0.62774998
1.53719 3.0247934 0.32887501
1.53719 3.0247934 0.62774998
1.53719 2.9256198 0.32887501
1.53719 2.9256198 0.4285
1.53719 2.9256198 0.52812499
1.53719 2.9256198 0.62774998
1.53719 2.8264463 0.4285
1.53719 2.8264463 0.52812499
1.53719 2.8264463 0.62774998
1.53719 -3.2231407 0.82699996
1.53719 -3.2231407 0.92662495
1.53719 -3.2231407 1.02625
1.53719 -3.3223143 0.82699996
1.53719 -3.3223143 0.92662495
1.53719 -3.3223143 1.02625
1.53719 -4.3140497 0.029999999
1.53719 -4.3140497 0.12962499
1.53719 -4.3140497 0.22925
1.53719 -4.3140497 0.32887501
1.53719 -4.3140497 0.4285
1.53719 -4.3140497 0.52812499
1.53719 -4.3140497 0.62774998
1.53719 -4.3140497 0.72737497
1.53719 -4.4132233 0.029999999
1.53719 -4.4132233 0.12962499
1.53719 -4.4132233 0.22925
1.53719 -4.4132233 0.32887501
1.53719 -4.4132233 0.4285
1.53719 -4.4132233 0.52812499
1.53719 -4.4132233 0.62774998
1.53719 -4.4132233 0.72737497
1.53719 -4.6115704 0.72737497
1.53719 -4.6115704 0.82699996
1.53719 -4.6115704 0.92662495
1.53719 -4.6115704 1.02625
1.53719 -4.7107439 0.62774998
1.53719 -4.7107439 0.72737497
1.53719 -4.7107439 0.82699996
1.53719 -4.7107439 0.92662495
1.53719 -4.7107439 1.02625
1.53719 -4.8099174 0.62774998
1.53719 -4.8099174 0.72737497
1.53719 -4.8099174 0.82699996
1.53719 -4.8099174 0.92662495
1.53719 -4.8099174 1.02625
1.53719 -4.909091 0.62774998
1.53719 -4.909091 0.72737497
1.53719 -4.909091 0.82699996
1.53719 -4.909091 0.92662495
1.53719 -4.909091 1.02625
1.53719 -5.0082645 0.62774998
1.53719 -5.0082645 0.72737497
1.53719 -5.0082645 0.92662495
1.53719 -5.0082645 1.02625
1.53719 -5.1074381 0.62774998
1.53719 -5.1074381 0.82699996
1.53719 -5.1074381 0.92662495
1.53719 -5.1074381 1.02625
1.53719 -5.2066116 0.62774998
1.53719 -5.2066116 0.72737497
1.53719 -5.2066116 0.82699996
1.53719 -5.2066116 0.92662495
1.53719 -5.2066116 1.02625
1.53719 -5.2066116 1.125875
1.53719 -5.3057852 0.62774998
1.53719 -5.3057852 0.72737497
1.53719 -5.3057852 0.82699996
1.53719 -5.3057852 0.92662495
1.53719 -5.3057852 1.02625
1.53719 -5.3057852 1.125875
1.53719 -5.4049587 0.62774998
1.53719 -5.4049587 0.72737497
1.53719 -5.4049587 0.82699996
1.53719 -5.4049587 0.92662495
1.53719 -5.4049587 1.02625
1.53719 -5.4049587 1.125875
1.53719 -5.5041323 0.62774998
1.53719 -5.5041323 0.72737497
1.53719 -5.5041323 0.82699996
1.53719 -5.5041323 0.92662495
1.53719 -5.5041323 1.02625
1.53719 -5.5041323 1.125875
1.53719 -5.6033058 0.62774998
1.53719 -5.6033058 0.72737497
1.53719 -5.6033058 0.82699996
1.53719 -5.6033058 0.92662495
1.53719 -5.7024794 0.62774998
1.53719 -5.7024794 0.72737497
1.53719 -5.7024794 0.82699996
1.53719 -5.7024794 0.92662495
1.53719 -5.8016529 0.72737497
1.53719 -5.8016529 0.82699996
1.53719 -5.8016529 0.92662495
1.53719 -5.9008265 0.72737497
1.53719 -5.9008265 1.02625
1.6363635 5.7024794 0.029999999
1.6363635 5.7024794 0.12962499
1.6363635 5.7024794 0.22925
1.6363635 5.7024794 0.32887501
1.6363635 5.7024794 0.4285
1.6363635 5.7024794 0.52812499
1.6363635 5.7024794 0.62774998
1.6363635 5.7024794 0.72737497
1.6363635 5.6033058 0.029999999
1.6363635 5.6033058 0.12962499
1.6363635 5.6033058 0.22925
1.6363635 5.6033058 0.32887501
1.6363635 5.6033058 0.4285
1.6363635 5.6033058 0.52812499
1.6363635 5.6033058 0.62774998
1.6363635 5.6033058 0.72737497
1.6363635 5.5041323 0.029999999
1.6363635 5.5041323 0.12962499
1.6363635 5.5041323 0.22925
1.6363635 5.5041323 0.32887501
1.6363635 5.5041323 0.4285
1.6363635 5.5041323 0.52812499
1.6363635 5.5041323 0.62774998
1.6363635 5.5041323 0.72737497
1.6363635 4.4132233 0.52812499
1.6363635 4.4132233 0.62774998
1.6363635 4.4132233 0.72737497
1.6363635 4.3140497 0.029999999
1.6363635 4.3140497 0.12962499
1.6363635 4.3140497 0.22925
1.6363635 4.3140497 0.32887501
1.6363635 4.3140497 0.4285
1.6363635 4.3140497 0.52812499
1.6363635 4.2148762 0.029999999
1.6363635 4.2148762 0.12962499
1.6363635 4.2148762 0.22925
1.6363635 4.2148762 0.32887501
1.6363635 4.2148762 0.4285
1.6363635 4.2148762 0.52812499
1.6363635 4.1157026 0.029999999
1.6363635 4.1157026 0.12962499
1.6363635 4.1157026 0.22925
1.6363635 4.1157026 0.32887501
1.6363635 4.1157026 0.4285
1.6363635 4.1157026 0.52812499
1.6363635 3.7190082 0.4285
1.6363635 3.7190082 0.52812499
1.6363635 3.7190082 0.62774998
1.6363635 3.6198347 0.32887501
1.6363635 3.6198347 0.4285
1.6363635 3.6198347 0.52812499
1.6363635 3.6198347 0.62774998
1.6363635 3.5206611 0.32887501
1.6363635 3.5206611 0.62774998
1.6363635 3.4214876 0.32887501
1.6363635 3.4214876 0.62774998
1.6363635 3.322314 0.32887501
1.6363635 3.322314 0.62774998
1.6363635 3.2231405 0.32887501
1.6363635 3.2231405 0.62774998
1.6363635 3.1239669 0.32887501
1.6363635 3.1239669 0.4285
1.6363635 3.1239669 0.52812499
1.6363635 3.1239669 0.62774998
1.6363635 3.0247934 0.4285
1.6363635 3.0247934 0.52812499
1.6363635 3.0247934 0.62774998
1.6363635 1.1404958 0.029999999
1.6363635 1.1404958 0.12962499
1.6363635 1.1404958 0.22925
1.6363635 1.1404958 0.32887501
1.6363635 1.1404958 0.4285
1.6363635 1.1404958 0.52812499
1.6363635 1.0413222 0.029999999
1.6363635 1.0413222 0.12962499
1.6363635 1.0413222 0.22925
1.6363635 1.0413222 0.32887501
1.6363635 1.0413222 0.4285
1.6363635 1.0413222 0.52812499
1.6363635 0.94214869 0.029999999
1.6363635 0.94214869 0.12962499
1.6363635 0.94214869 0.22925
1.6363635 0.94214869 0.32887501
1.6363635 0.94214869 0.4285
1.6363635 0.94214869 0.52812499
1.6363635 0.74380159 0.029999999
1.6363635 0.74380159 0.12962499
1.6363635 0.74380159 0.22925
1.6363635 0.74380159 0.32887501
1.6363635 0.74380159 0.4285
1.6363635 0.74380159 0.52812499
1.6363635 0.74380159 0.62774998
1.6363635 0.64462805 0.029999999
1.6363635 0.64462805 0.12962499
1.6363635 0.64462805 0.22925
1.6363635 0.64462805 0.32887501
1.6363635 0.64462805 0.4285
1.6363635 0.64462805 0.52812499
1.6363635 0.64462805 0.62774998
1.6363635 0.5454545 0.029999999
1.6363635 0.5454545 0.12962499
1.6363635 0.5454545 0.22925
1.6363635 0.5454545 0.32887501
1.6363635 0.5454545 0.4285
1.6363635 0.5454545 0.52812499
1.6363635 -3.1239672 0.72737497
1.6363635 -3.1239672 0.82699996
1.6363635 -3.1239672 0.92662495
1.6363635 -3.1239672 1.02625
1.6363635 -3.2231407 0.72737497
1.6363635 -3.2231407 1.02625
1.6363635 -3.3223143 0.72737497
1.6363635 -3.3223143 1.02625
1.6363635 -3.4214878 0.82699996
1.6363635 -3.4214878 0.92662495
1.6363635 -3.4214878 1.02625
1.6363635 -4.4132233 0.62774998
1.6363635 -4.4132233 0.72737497
1.6363635 -4.4132233 0.82699996
1.6363635 -4.4132233 0.92662495
1.6363635 -4.5123968 0.62774998
1.6363635 -4.5123968 0.72737497
1.6363635 -4.5123968 0.82699996
1.6363635 -4.5123968 0.92662495
1.6363635 -4.5123968 1.02625
1.6363635 -4.6115704 0.62774998
1.6363635 -4.6115704 0.72737497
1.6363635 -4.6115704 0.82699996
1.6363635 -4.6115704 0.92662495
1.6363635 -4.6115704 1.02625
1.6363635 -4.7107439 0.62774998
1.6363635 -4.7107439 0.72737497
1.6363635 -4.7107439 0.92662495
1.6363635 -4.7107439 1.02625
1.6363635 -4.8099174 0.62774998
1.6363635 -4.8099174 0.72737497
1.6363635 -4.8099174 0.92662495
1.6363635 -4.8099174 1.02625
1.6363635 -4.909091 0.62774998
1.6363635 -4.909091 0.72737497
1.6363635 -4.909091 0.82699996
1.6363635 -4.909091 0.92662495
1.6363635 -4.909091 1.02625
1.6363635 -5.0082645 0.62774998
1.6363635 -5.0082645 0.82699996
1.6363635 -5.0082645 0.92662495
1.6363635 -5.0082645 1.02625
1.6363635 -5.1074381 0.62774998
1.6363635 -5.1074381 0.92662495
1.6363635 -5.2066116 0.62774998
1.6363635 -5.2066116 0.72737497
1.6363635 -5.2066116 0.82699996
1.6363635 -5.2066116 0.92662495
1.6363635 -5.2066116 1.02625
1.6363635 -5.2066116 1.125875
1.6363635 -5.3057852 0.62774998
1.6363635 -5.3057852 0.72737497
1.6363635 -5.3057852 0.82699996
1.6363635 -5.3057852 0.92662495
1.6363635 -5.3057852 1.02625
1.6363635 -5.3057852 1.125875
1.6363635 -5.4049587 0.62774998
1.6363635 -5.4049587 0.72737497
1.6363635 -5.4049587 0.82699996
1.6363635 -5.4049587 0.92662495
1.6363635 -5.4049587 1.02625
1.6363635 -5.4049587 1.125875
1.6363635 -5.5041323 0.82699996
1.6363635 -5.5041323 0.92662495
1.6363635 -5.5041323 1.02625
1.6363635 -5.8016529 0.72737497
1.6363635 -5.8016529 0.82699996
1.6363635 -5.8016529 0.92662495
1.6363635 -5.9008265 0.72737497
1.6363635 -5.9008265 1.02625
1.7355371 5.7024794 0.029999999
1.7355371 5.7024794 0.12962499
1.7355371 5.7024794 0.22925
1.7355371 5.7024794 0.32887501
1.7355371 5.7024794 0.4285
1.7355371 5.7024794 0.52812499
1.7355371 5.7024794 0.62774998
1.7355371 5.7024794 0.72737497
1.7355371 5.6033058 0.029999999
1.7355371 5.6033058 0.72737497
1.7355371 5.5041323 0.029999999
1.7355371 5.5041323 0.72737497
1.7355371 5.4049587 0.029999999
1.7355371 5.4049587 0.12962499
1.7355371 5.4049587 0.22925
1.7355371 5.4049587 0.32887501
1.7355371 5.4049587 0.4285
1.7355371 5.4049587 0.52812499
1.7355371 5.4049587 0.62774998
1.7355371 5.4049587 0.72737497
1.7355371 4.6115704 0.62774998
1.7355371 4.6115704 0.72737497
1.7355371 4.6115704 0.82699996
1.7355371 3.7190082 0.4285
1.7355371 3.7190082 0.52812499
1.7355371 3.7190082 0.62774998
1.7355371 3.6198347 0.32887501
1.7355371 3.6198347 0.62774998
1.7355371 3.5206611 0.32887501
1.7355371 3.5206611 0.62774998
1.7355371 3.4214876 0.32887501
1.7355371 3.4214876 0.62774998
1.7355371 3.322314 0.32887501
1.7355371 3.322314 0.4285
1.7355371 3.322314 0.52812499
1.7355371 3.322314 0.62774998
1.7355371 3.2231405 0.4285
1.7355371 3.2231405 0.52812499
1.7355371 3.2231405 0.62774998
1.7355371 2.231405 0.52812499
1.7355371 2.231405 0.62774998
1.7355371 2.231405 0.72737497
1.7355371 2.1322315 0.4285
1.7355371 2.1322315 0.52812499
1.7355371 2.1322315 0.62774998
1.7355371 2.1322315 0.72737497
1.7355371 2.0330579 0.4285
1.7355371 2.0330579 0.52812499
1.7355371 2.0330579 0.62774998
1.7355371 2.0330579 0.72737497
1.7355371 1.9338841 0.52812499
1.7355371 1.9338841 0.62774998
1.7355371 1.9338841 0.72737497
1.7355371 1.1404958 0.029999999
1.7355371 1.1404958 0.12962499
1.7355371 1.1404958 0.22925
1.7355371 1.1404958 0.32887501
1.7355371 1.1404958 0.4285
1.7355371 1.1404958 0.52812499
1.7355371 1.1404958 0.62774998
1.7355371 1.0413222 0.029999999
1.7355371 1.0413222 0.62774998
1.7355371 0.94214869 0.029999999
1.7355371 0.94214869 0.12962499
1.7355371 0.94214869 0.22925
1.7355371 0.94214869 0.32887501
1.7355371 0.94214869 0.4285
1.7355371 0.94214869 0.52812499
1.7355371 0.94214869 0.62774998
1.7355371 0.74380159 0.029999999
1.7355371 0.74380159 0.12962499
1.7355371 0.74380159 0.22925
1.7355371 0.74380159 0.32887501
1.7355371 0.74380159 0.4285
1.7355371 0.74380159 0.52812499
1.7355371 0.74380159 0.62774998
1.7355371 0.64462805 0.029999999
1.7355371 0.64462805 0.52812499
1.7355371 0.64462805 0.62774998
1.7355371 0.5454545 0.029999999
1.7355371 0.5454545 0.12962499
1.7355371 0.5454545 0.22925
1.7355371 0.5454545 0.32887501
1.7355371 0.5454545 0.4285
1.7355371 0.5454545 0.52812499
1.7355371 -0.44628096 0.82699996
1.7355371 -0.44628096 0.92662495
1.7355371 -0.44628096 1.02625
1.7355371 -0.5454545 0.82699996
1.7355371 -0.5454545 0.92662495
1.7355371 -0.5454545 1.02625
1.7355371 -3.0247936 0.72737497
1.7355371 -3.0247936 0.82699996
1.7355371 -3.0247936 0.92662495
1.7355371 -3.0247936 1.02625
1.7355371 -3.1239672 0.72737497
1.7355371 -3.1239672 1.02625
1.7355371 -3.2231407 0.72737497
1.7355371 -3.2231407 1.02625
1.7355371 -3.3223143 0.72737497
1.7355371 -3.3223143 1.02625
1.7355371 -3.4214878 0.72737497
1.7355371 -3.4214878 0.82699996
1.7355371 -3.4214878 0.92662495
1.7355371 -3.4214878 1.02625
1.7355371 -4.3140497 0.62774998
1.7355371 -4.3140497 0.72737497
1.7355371 -4.3140497 0.82699996
1.7355371 -4.3140497 0.92662495
1.7355371 -4.4132233 0.62774998
1.7355371 -4.4132233 0.92662495
1.7355371 -4.5123968 0.62774998
1.7355371 -4.5123968 0.92662495
1.7355371 -4.6115704 0.62774998
1.7355371 -4.6115704 0.72737497
1.7355371 -4.6115704 0.82699996
1.7355371 -4.6115704 0.92662495
1.7355371 -4.6115704 1.02625
1.7355371 -4.7107439 0.62774998
1.7355371 -4.7107439 0.72737497
1.7355371 -4.7107439 0.92662495
1.7355371 -4.7107439 1.02625
1.7355371 -4.8099174 0.62774998
1.7355371 -4.8099174 0.72737497
1.7355371 -4.8099174 0.82699996
1.7355371 -4.8099174 0.92662495
1.7355371 -4.8099174 1.02625
1.7355371 -4.909091 0.62774998
1.7355371 -4.909091 0.92662495
1.7355371 -5.0082645 0.62774998
1.7355371 -5.0082645 0.72737497
1.7355371 -5.0082645 0.82699996
1.7355371 -5.0082645 0.92662495
1.7355371 -5.1074381 0.62774998
1.7355371 -5.1074381 0.72737497
1.7355371 -5.1074381 0.82699996
1.7355371 -5.1074381 0.92662495
1.7355371 -5.1074381 1.02625
1.7355371 -5.2066116 0.62774998
1.7355371 -5.2066116 0.72737497
1.7355371 -5.2066116 0.82699996
1.7355371 -5.2066116 0.92662495
1.7355371 -5.2066116 1.02625
1.7355371 -5.2066116 1.125875
1.7355371 -5.3057852 0.72737497
1.7355371 -5.3057852 0.82699996
1.7355371 -5.3057852 1.02625
1.7355371 -5.3057852 1.125875
1.7355371 -5.4049587 0.72737497
1.7355371 -5.4049587 0.82699996
1.7355371 -5.4049587 0.92662495
1.7355371 -5.4049587 1.02625
1.7355371 -5.4049587 1.125875
1.7355371 -5.5041323 0.82699996
1.7355371 -5.5041323 0.92662495
1.7355371 -5.5041323 1.02625
1.7355371 -5.8016529 0.72737497
1.7355371 -5.8016529 0.82699996
1.7355371 -5.8016529 0.92662495
1.7355371 -5.9008265 0.72737497
1.7355371 -5.9008265 1.02625
1.8347106 5.7024794 0.029999999
1.8347106 5.7024794 0.12962499
1.8347106 5.7024794 0.22925
1.8347106 5.7024794 0.32887501
1.8347106 5.7024794 0.4285
1.8347106 5.7024794 0.52812499
1.8347106 5.7024794 0.62774998
1.8347106 5.7024794 0.72737497
1.8347106 5.6033058 0.029999999
1.8347106 5.6033058 0.72737497
1.8347106 5.5041323 0.029999999
1.8347106 5.5041323 0.72737497
1.8347106 5.4049587 0.029999999
1.8347106 5.4049587 0.12962499
1.8347106 5.4049587 0.22925
1.8347106 5.4049587 0.32887501
1.8347106 5.4049587 0.4285
1.8347106 5.4049587 0.52812499
1.8347106 5.4049587 0.62774998
1.8347106 5.4049587 0.72737497
1.8347106 4.8099174 0.62774998
1.8347106 4.8099174 0.72737497
1.8347106 4.8099174 0.82699996
1.8347106 4.7107439 0.52812499
1.8347106 4.7107439 0.62774998
1.8347106 4.7107439 0.72737497
1.8347106 4.7107439 0.82699996
1.8347106 4.6115704 0.52812499
1.8347106 4.6115704 0.62774998
1.8347106 4.6115704 0.72737497
1.8347106 4.6115704 0.82699996
1.8347106 4.5123968 0.62774998
1.8347106 4.5123968 0.72737497
1.8347106 4.5123968 0.82699996
1.8347106 3.6198347 0.32887501
1.8347106 3.6198347 0.4285
1.8347106 3.6198347 0.52812499
1.8347106 3.6198347 0.62774998
1.8347106 3.5206611 0.32887501
1.8347106 3.5206611 0.62774998
1.8347106 3.4214876 0.32887501
1.8347106 3.4214876 0.4285
1.8347106 3.4214876 0.52812499
1.8347106 3.4214876 0.62774998
1.8347106 2.231405 0.4285
1.8347106 2.231405 0.52812499
1.8347106 2.231405 0.62774998
1.8347106 2.231405 0.72737497
1.8347106 2.1322315 0.4285
1.8347106 2.1322315 0.72737497
1.8347106 2.0330579 0.4285
1.8347106 2.0330579 0.72737497
1.8347106 1.9338841 0.52812499
1.8347106 1.9338841 0.62774998
1.8347106 1.9338841 0.72737497
1.8347106 1.1404958 0.029999999
1.8347106 1.1404958 0.12962499
1.8347106 1.1404958 0.22925
1.8347106 1.1404958 0.32887501
1.8347106 1.1404958 0.4285
1.8347106 1.1404958 0.52812499
1.8347106 1.1404958 0.62774998
1.8347106 1.0413222 0.029999999
1.8347106 1.0413222 0.62774998
1.8347106 0.94214869 0.029999999
1.8347106 0.94214869 0.12962499
1.8347106 0.94214869 0.22925
1.8347106 0.94214869 0.32887501
1.8347106 0.94214869 0.4285
1.8347106 0.94214869 0.52812499
1.8347106 0.94214869 0.62774998
1.8347106 0.74380159 0.029999999
1.8347106 0.74380159 0.12962499
1.8347106 0.74380159 0.22925
1.8347106 0.74380159 0.32887501
1.8347106 0.74380159 0.4285
1.8347106 0.74380159 0.52812499
1.8347106 0.64462805 0.029999999
1.8347106 0.64462805 0.12962499
1.8347106 0.64462805 0.22925
1.8347106 0.64462805 0.32887501
1.8347106 0.64462805 0.4285
1.8347106 0.64462805 0.52812499
1.8347106 -0.34710741 0.82699996
1.8347106 -0.34710741 0.92662495
1.8347106 -0.34710741 1.02625
1.8347106 -0.44628096 0.82699996
1.8347106 -0.44628096 1.125875
1.8347106 -0.5454545 0.82699996
1.8347106 -0.5454545 1.125875
1.8347106 -0.64462805 0.82699996
1.8347106 -0.64462805 0.92662495
1.8347106 -0.64462805 1.02625
1.8347106 -0.64462805 1.125875
1.8347106 -2.9256201 0.72737497
1.8347106 -2.9256201 0.82699996
1.8347106 -2.9256201 0.92662495
1.8347106 -2.9256201 1.02625
1.8347106 -3.0247936 0.72737497
1.8347106 -3.0247936 1.02625
1.8347106 -3.1239672 0.72737497
1.8347106 -3.1239672 1.02625
1.8347106 -3.2231407 0.72737497
1.8347106 -3.2231407 1.02625
1.8347106 -3.3223143 0.72737497
1.8347106 -3.3223143 0.82699996
1.8347106 -3.3223143 0.92662495
1.8347106 -3.3223143 1.02625
1.8347106 -4.3140497 0.62774998
1.8347106 -4.3140497 0.72737497
1.8347106 -4.3140497 0.82699996
1.8347106 -4.3140497 0.92662495
1.8347106 -4.4132233 0.62774998
1.8347106 -4.4132233 0.92662495
1.8347106 -4.5123968 0.62774998
1.8347106 -4.5123968 0.92662495
1.8347106 -4.6115704 0.62774998
1.8347106 -4.6115704 0.92662495
1.8347106 -4.7107439 0.62774998
1.8347106 -4.7107439 0.72737497
1.8347106 -4.7107439 0.82699996
1.8347106 -4.7107439 0.92662495
1.8347106 -4.7107439 1.02625
1.8347106 -4.8099174 0.62774998
1.8347106 -4.8099174 0.72737497
1.8347106 -4.8099174 0.82699996
1.8347106 -4.8099174 0.92662495
1.8347106 -4.909091 0.62774998
1.8347106 -4.909091 0.72737497
1.8347106 -4.909091 0.82699996
1.8347106 -4.909091 0.92662495
1.8347106 -5.1074381 0.82699996
1.8347106 -5.1074381 0.92662495
1.8347106 -5.1074381 1.02625
1.8347106 -5.2066116 0.72737497
1.8347106 -5.2066116 0.82699996
1.8347106 -5.2066116 1.02625
1.8347106 -5.2066116 1.125875
1.8347106 -5.3057852 0.72737497
1.8347106 -5.3057852 0.82699996
1.8347106 -5.3057852 1.02625
1.8347106 -5.3057852 1.125875
1.8347106 -5.4049587 0.72737497
1.8347106 -5.4049587 0.82699996
1.8347106 -5.4049587 0.92662495
1.8347106 -5.4049587 1.02625
1.8347106 -5.4049587 1.125875
1.8347106 -5.9008265 0.72737497
1.8347106 -5.9008265 0.82699996
1.8347106 -5.9008265 0.92662495
1.9338841 5.7024794 0.029999999
1.9338841 5.7024794 0.12962499
1.9338841 5.7024794 0.22925
1.9338841 5.7024794 0.32887501
1.9338841 5.7024794 0.4285
1.9338841 5.7024794 0.52812499
1.9338841 5.7024794 0.62774998
1.9338841 5.7024794 0.72737497
1.9338841 5.6033058 0.029999999
1.9338841 5.6033058 0.12962499
1.9338841 5.6033058 0.22925
1.9338841 5.6033058 0.32887501
1.9338841 5.6033058 0.4285
1.9338841 5.6033058 0.52812499
1.9338841 5.6033058 0.62774998
1.9338841 5.6033058 0.72737497
1.9338841 5.5041323 0.029999999
1.9338841 5.5041323 0.12962499
1.9338841 5.5041323 0.22925
1.9338841 5.5041323 0.32887501
1.9338841 5.5041323 0.4285
1.9338841 5.5041323 0.52812499
1.9338841 5.5041323 0.62774998
1.9338841 5.5041323 0.72737497
1.9338841 4.909091 0.62774998
1.9338841 4.909091 0.72737497
1.9338841 4.909091 0.82699996
1.9338841 4.8099174 0.52812499
1.9338841 4.8099174 0.82699996
1.9338841 4.7107439 0.52812499
1.9338841 4.7107439 0.82699996
1.9338841 4.6115704 0.52812499
1.9338841 4.6115704 0.82699996
1.9338841 4.5123968 0.52812499
1.9338841 4.5123968 0.62774998
1.9338841 4.5123968 0.72737497
1.9338841 4.5123968 0.82699996
1.9338841 3.6198347 0.4285
1.9338841 3.6198347 0.52812499
1.9338841 3.6198347 0.62774998
1.9338841 3.5206611 0.4285
1.9338841 3.5206611 0.52812499
1.9338841 3.5206611 0.62774998
1.9338841 2.3305786 0.52812499
1.9338841 2.3305786 0.62774998
1.9338841 2.3305786 0.72737497
1.9338841 2.231405 0.4285
1.9338841 2.231405 0.52812499
1.9338841 2.231405 0.62774998
1.9338841 2.231405 0.72737497
1.9338841 2.1322315 0.4285
1.9338841 2.1322315 0.72737497
1.9338841 2.0330579 0.4285
1.9338841 2.0330579 0.72737497
1.9338841 1.9338841 0.52812499
1.9338841 1.9338841 0.62774998
1.9338841 1.9338841 0.72737497
1.9338841 1.1404958 0.029999999
1.9338841 1.1404958 0.12962499
1.9338841 1.1404958 0.22925
1.9338841 1.1404958 0.32887501
1.9338841 1.1404958 0.4285
1.9338841 1.1404958 0.52812499
1.9338841 1.1404958 0.62774998
1.9338841 1.0413222 0.029999999
1.9338841 1.0413222 0.12962499
1.9338841 1.0413222 0.22925
1.9338841 1.0413222 0.32887501
1.9338841 1.0413222 0.4285
1.9338841 1.0413222 0.52812499
1.9338841 1.0413222 0.62774998
1.9338841 0.94214869 0.029999999
1.9338841 0.94214869 0.12962499
1.9338841 0.94214869 0.22925
1.9338841 0.94214869 0.32887501
1.9338841 0.94214869 0.4285
1.9338841 0.94214869 0.52812499
1.9338841 0.94214869 0.62774998
1.9338841 -0.34710741 0.82699996
1.9338841 -0.34710741 0.92662495
1.9338841 -0.34710741 1.02625
1.9338841 -0.34710741 1.125875
1.9338841 -0.44628096 0.82699996
1.9338841 -0.44628096 1.125875
1.9338841 -0.5454545 0.82699996
1.9338841 -0.5454545 1.125875
1.9338841 -0.64462805 0.82699996
1.9338841 -0.64462805 0.92662495
1.9338841 -0.64462805 1.02625
1.9338841 -0.64462805 1.125875
1.9338841 -2.8264465 0.82699996
1.9338841 -2.8264465 0.92662495
1.9338841 -2.8264465 1.02625
1.9338841 -2.9256201 0.72737497
1.9338841 -2.9256201 1.02625
1.9338841 -3.0247936 0.72737497
1.9338841 -3.0247936 1.02625
1.9338841 -3.1239672 0.72737497
1.9338841 -3.1239672 1.02625
1.9338841 -3.2231407 0.72737497
1.9338841 -3.2231407 0.82699996
1.9338841 -3.2231407 0.92662495
1.9338841 -3.2231407 1.02625
1.9338841 -4.0165291 0.029999999
1.9338841 -4.0165291 0.12962499
1.9338841 -4.0165291 0.22925
1.9338841 -4.0165291 0.32887501
1.9338841 -4.0165291 0.4285
1.9338841 -4.0165291 0.52812499
1.9338841 -4.0165291 0.62774998
1.9338841 -4.0165291 0.72737497
1.9338841 -4.0165291 0.82699996
1.9338841 -4.0165291 0.92662495
1.9338841 -4.1157026 0.029999999
1.9338841 -4.1157026 0.12962499
1.9338841 -4.1157026 0.22925
1.9338841 -4.1157026 0.32887501
1.9338841 -4.1157026 0.4285
1.9338841 -4.1157026 0.52812499
1.9338841 -4.1157026 0.62774998
1.9338841 -4.1157026 0.72737497
1.9338841 -4.1157026 0.82699996
1.9338841 -4.1157026 0.92662495
1.9338841 -4.2148762 0.029999999
1.9338841 -4.2148762 0.12962499
1.9338841 -4.2148762 0.22925
1.9338841 -4.2148762 0.32887501
1.9338841 -4.2148762 0.4285
1.9338841 -4.2148762 0.52812499
1.9338841 -4.2148762 0.62774998
1.9338841 -4.2148762 0.72737497
1.9338841 -4.2148762 0.82699996
1.9338841 -4.2148762 0.92662495
1.9338841 -4.2148762 1.02625
1.9338841 -4.3140497 0.029999999
1.9338841 -4.3140497 0.12962499
1.9338841 -4.3140497 0.22925
1.9338841 -4.3140497 0.32887501
1.9338841 -4.3140497 0.4285
1.9338841 -4.3140497 0.52812499
1.9338841 -4.3140497 0.62774998
1.9338841 -4.3140497 0.72737497
1.9338841 -4.3140497 0.82699996
1.9338841 -4.3140497 0.92662495
1.9338841 -4.3140497 1.02625
1.9338841 -4.4132233 0.62774998
1.9338841 -4.4132233 0.72737497
1.9338841 -4.4132233 0.82699996
1.9338841 -4.4132233 0.92662495
1.9338841 -4.4132233 1.02625
1.9338841 -4.5123968 0.62774998
1.9338841 -4.5123968 0.72737497
1.9338841 -4.5123968 0.82699996
1.9338841 -4.5123968 0.92662495
1.9338841 -4.6115704 0.62774998
1.9338841 -4.6115704 0.72737497
1.9338841 -4.6115704 0.82699996
1.9338841 -4.6115704 0.92662495
1.9338841 -4.7107439 0.62774998
1.9338841 -4.7107439 0.72737497
1.9338841 -4.7107439 0.82699996
1.9338841 -4.7107439 0.92662495
1.9338841 -5.1074381 0.72737497
1.9338841 -5.1074381 0.82699996
1.9338841 -5.1074381 0.92662495
1.9338841 -5.1074381 1.02625
1.9338841 -5.1074381 1.125875
1.9338841 -5.2066116 0.72737497
1.9338841 -5.2066116 0.82699996
1.9338841 -5.2066116 1.02625
1.9338841 -5.2066116 1.125875
1.9338841 -5.3057852 0.72737497
1.9338841 -5.3057852 0.82699996
1.9338841 -5.3057852 1.02625
1.9338841 -5.3057852 1.125875
1.9338841 -5.4049587 0.82699996
1.9338841 -5.4049587 0.92662495
1.9338841 -5.4049587 1.02625
2.0330582 5.1074381 0.62774998
2.0330582 5.1074381 0.72737497
2.0330582 5.1074381 0.82699996
2.0330582 5.0082645 0.52812499
2.0330582 5.0082645 0.62774998
2.0330582 5.0082645 0.72737497
2.0330582 5.0082645 0.82699996
2.0330582 4.909091 0.52812499
2.0330582 4.909091 0.82699996
2.0330582 4.8099174 0.52812499
2.0330582 4.8099174 0.82699996
2.0330582 4.7107439 0.52812499
2.0330582 4.7107439 0.82699996
2.0330582 4.6115704 0.52812499
2.0330582 4.6115704 0.82699996
2.0330582 4.5123968 0.52812499
2.0330582 4.5123968 0.62774998
2.0330582 4.5123968 0.72737497
2.0330582 4.5123968 0.82699996
2.0330582 2.3305786 0.52812499
2.0330582 2.3305786 0.62774998
2.0330582 2.3305786 0.72737497
2.0330582 2.231405 0.4285
2.0330582 2.231405 0.72737497
2.0330582 2.1322315 0.4285
2.0330582 2.1322315 0.72737497
2.0330582 2.0330579 0.4285
2.0330582 2.0330579 0.52812499
2.0330582 2.0330579 0.62774998
2.0330582 2.0330579 0.72737497
2.0330582 -0.24793386 0.82699996
2.0330582 -0.24793386 0.92662495
2.0330582 -0.24793386 1.02625
2.0330582 -0.34710741 0.82699996
2.0330582 -0.34710741 0.92662495
2.0330582 -0.34710741 1.02625
2.0330582 -0.34710741 1.125875
2.0330582 -0.44628096 0.52812499
2.0330582 -0.44628096 0.62774998
2.0330582 -0.44628096 0.72737497
2.0330582 -0.44628096 0.82699996
2.0330582 -0.44628096 1.125875
2.0330582 -0.5454545 0.52812499
2.0330582 -0.5454545 0.62774998
2.0330582 -0.5454545 0.72737497
2.0330582 -0.5454545 0.82699996
2.0330582 -0.5454545 1.125875
2.0330582 -0.64462805 0.82699996
2.0330582 -0.64462805 0.92662495
2.0330582 -0.64462805 1.02625
2.0330582 -2.9256201 0.82699996
2.0330582 -2.9256201 0.92662495
2.0330582 -2.9256201 1.02625
2.0330582 -3.0247936 0.72737497
2.0330582 -3.0247936 1.02625
2.0330582 -3.1239672 0.72737497
2.0330582 -3.1239672 0.82699996
2.0330582 -3.1239672 0.92662495
2.0330582 -3.1239672 1.02625
2.0330582 -4.0165291 0.029999999
2.0330582 -4.0165291 0.12962499
2.0330582 -4.0165291 0.22925
2.0330582 -4.0165291 0.32887501
2.0330582 -4.0165291 0.4285
2.0330582 -4.0165291 0.52812499
2.0330582 -4.0165291 0.62774998
2.0330582 -4.0165291 0.72737497
2.0330582 -4.0165291 0.82699996
2.0330582 -4.0165291 0.92662495
2.0330582 -4.1157026 0.029999999
2.0330582 -4.1157026 0.72737497
2.0330582 -4.1157026 0.82699996
2.0330582 -4.1157026 0.92662495
2.0330582 -4.2148762 0.029999999
2.0330582 -4.2148762 0.72737497
2.0330582 -4.2148762 0.92662495
2.0330582 -4.2148762 1.02625
2.0330582 -4.3140497 0.029999999
2.0330582 -4.3140497 0.12962499
2.0330582 -4.3140497 0.22925
2.0330582 -4.3140497 0.32887501
2.0330582 -4.3140497 0.4285
2.0330582 -4.3140497 0.52812499
2.0330582 -4.3140497 0.62774998
2.0330582 -4.3140497 0.72737497
2.0330582 -4.3140497 0.82699996
2.0330582 -4.3140497 0.92662495
2.0330582 -4.3140497 1.02625
2.0330582 -4.4132233 0.62774998
2.0330582 -4.4132233 0.72737497
2.0330582 -4.4132233 0.82699996
2.0330582 -4.4132233 0.92662495
2.0330582 -4.4132233 1.02625
2.0330582 -5.0082645 0.82699996
2.0330582 -5.0082645 0.92662495
2.0330582 -5.0082645 1.02625
2.0330582 -5.1074381 0.72737497
2.0330582 -5.1074381 0.82699996
2.0330582 -5.1074381 0.92662495
2.0330582 -5.1074381 1.02625
2.0330582 -5.1074381 1.125875
2.0330582 -5.2066116 0.72737497
2.0330582 -5.2066116 0.82699996
2.0330582 -5.2066116 1.02625
2.0330582 -5.2066116 1.125875
2.0330582 -5.3057852 0.72737497
2.0330582 -5.3057852 0.82699996
2.0330582 -5.3057852 1.02625
2.0330582 -5.3057852 1.125875
2.0330582 -5.4049587 0.82699996
2.0330582 -5.4049587 0.92662495
2.0330582 -5.4049587 1.02625
2.1322317 5.2066116 0.52812499
2.1322317 5.2066116 0.62774998
2.1322317 5.2066116 0.72737497
2.1322317 5.2066116 0.82699996
2.1322317 5.1074381 0.52812499
2.1322317 5.1074381 0.82699996
2.1322317 5.0082645 0.52812499
2.1322317 5.0082645 0.82699996
2.1322317 4.909091 0.52812499
2.1322317 4.909091 0.82699996
2.1322317 4.8099174 0.52812499
2.1322317 4.8099174 0.82699996
2.1322317 4.7107439 0.52812499
2.1322317 4.7107439 0.62774998
2.1322317 4.7107439 0.72737497
2.1322317 4.7107439 0.82699996
2.1322317 4.6115704 0.62774998
2.1322317 4.6115704 0.72737497
2.1322317 4.6115704 0.82699996
2.1322317 2.3305786 0.4285
2.1322317 2.3305786 0.52812499
2.1322317 2.3305786 0.62774998
2.1322317 2.3305786 0.72737497
2.1322317 2.231405 0.4285
2.1322317 2.231405 0.72737497
2.1322317 2.1322315 0.4285
2.1322317 2.1322315 0.72737497
2.1322317 2.0330579 0.4285
2.1322317 2.0330579 0.52812499
2.1322317 2.0330579 0.62774998
2.1322317 2.0330579 0.72737497
2.1322317 -0.24793386 0.82699996
2.1322317 -0.24793386 0.92662495
2.1322317 -0.24793386 1.02625
2.1322317 -0.34710741 0.52812499
2.1322317 -0.34710741 0.62774998
2.1322317 -0.34710741 0.72737497
2.1322317 -0.34710741 0.82699996
2.1322317 -0.34710741 1.125875
2.1322317 -0.44628096 0.52812499
2.1322317 -0.44628096 0.62774998
2.1322317 -0.44628096 0.72737497
2.1322317 -0.44628096 0.82699996
2.1322317 -0.44628096 1.125875
2.1322317 -0.5454545 0.52812499
2.1322317 -0.5454545 0.62774998
2.1322317 -0.5454545 0.72737497
2.1322317 -0.5454545 0.82699996
2.1322317 -0.5454545 0.92662495
2.1322317 -0.5454545 1.02625
2.1322317 -0.5454545 1.125875
2.1322317 -0.64462805 0.52812499
2.1322317 -0.64462805 0.62774998
2.1322317 -0.64462805 0.72737497
2.1322317 -0.64462805 0.82699996
2.1322317 -0.74380159 0.52812499
2.1322317 -0.74380159 0.62774998
2.1322317 -0.74380159 0.72737497
2.1322317 -3.0247936 0.82699996
2.1322317 -3.0247936 0.92662495
2.1322317 -3.0247936 1.02625
2.1322317 -4.1157026 0.029999999
2.1322317 -4.1157026 0.12962499
2.1322317 -4.1157026 0.22925
2.1322317 -4.1157026 0.32887501
2.1322317 -4.1157026 0.4285
2.1322317 -4.1157026 0.52812499
2.1322317 -4.1157026 0.62774998
2.1322317 -4.1157026 0.72737497
2.1322317 -4.1157026 0.82699996
2.1322317 -4.1157026 0.92662495
2.1322317 -4.2148762 0.029999999
2.1322317 -4.2148762 0.12962499
2.1322317 -4.2148762 0.22925
2.1322317 -4.2148762 0.32887501
2.1322317 -4.2148762 0.4285
2.1322317 -4.2148762 0.52812499
2.1322317 -4.2148762 0.62774998
2.1322317 -4.2148762 0.72737497
2.1322317 -4.2148762 0.82699996
2.1322317 -4.2148762 0.92662495
2.1322317 -4.2148762 1.02625
2.1322317 -4.3140497 0.72737497
2.1322317 -4.3140497 1.02625
2.1322317 -4.4132233 0.72737497
2.1322317 -4.4132233 0.82699996
2.1322317 -4.4132233 0.92662495
2.1322317 -4.4132233 1.02625
2.1322317 -5.0082645 0.82699996
2.1322317 -5.0082645 0.92662495
2.1322317 -5.0082645 1.02625
2.1322317 -5.1074381 0.72737497
2.1322317 -5.1074381 0.82699996
2.1322317 -5.1074381 1.02625
2.1322317 -5.1074381 1.125875
2.1322317 -5.2066116 0.72737497
2.1322317 -5.2066116 0.82699996
2.1322317 -5.2066116 1.02625
2.1322317 -5.2066116 1.125875
2.1322317 -5.3057852 0.72737497
2.1322317 -5.3057852 0.82699996
2.1322317 -5.3057852 0.92662495
2.1322317 -5.3057852 1.02625
2.1322317 -5.3057852 1.125875
2.2314053 5.2066116 0.62774998
2.2314053 5.2066116 0.72737497
2.2314053 5.2066116 0.82699996
2.2314053 5.1074381 0.52812499
2.2314053 5.1074381 0.82699996
2.2314053 5.0082645 0.52812499
2.2314053 5.0082645 0.82699996
2.2314053 4.909091 0.52812499
2.2314053 4.909091 0.62774998
2.2314053 4.909091 0.72737497
2.2314053 4.909091 0.82699996
2.2314053 4.8099174 0.62774998
2.2314053 4.8099174 0.72737497
2.2314053 4.8099174 0.82699996
2.2314053 2.3305786 0.4285
2.2314053 2.3305786 0.52812499
2.2314053 2.3305786 0.62774998
2.2314053 2.3305786 0.72737497
2.2314053 2.231405 0.4285
2.2314053 2.231405 0.72737497
2.2314053 2.1322315 0.4285
2.2314053 2.1322315 0.72737497
2.2314053 2.0330579 0.52812499
2.2314053 2.0330579 0.62774998
2.2314053 2.0330579 0.72737497
2.2314053 -0.24793386 0.82699996
2.2314053 -0.24793386 0.92662495
2.2314053 -0.24793386 1.02625
2.2314053 -0.24793386 1.125875
2.2314053 -0.34710741 0.52812499
2.2314053 -0.34710741 0.62774998
2.2314053 -0.34710741 0.72737497
2.2314053 -0.34710741 0.82699996
2.2314053 -0.34710741 1.125875
2.2314053 -0.44628096 0.52812499
2.2314053 -0.44628096 0.82699996
2.2314053 -0.44628096 1.125875
2.2314053 -0.5454545 0.52812499
2.2314053 -0.5454545 0.82699996
2.2314053 -0.5454545 0.92662495
2.2314053 -0.5454545 1.02625
2.2314053 -0.64462805 0.52812499
2.2314053 -0.64462805 0.62774998
2.2314053 -0.64462805 0.72737497
2.2314053 -0.64462805 0.82699996
2.2314053 -1.8347106 0.029999999
2.2314053 -1.8347106 0.12962499
2.2314053 -1.8347106 0.22925
2.2314053 -1.8347106 0.32887501
2.2314053 -1.8347106 0.4285
2.2314053 -1.8347106 0.52812499
2.2314053 -1.8347106 0.62774998
2.2314053 -1.8347106 0.72737497
2.2314053 -1.9338841 0.029999999
2.2314053 -1.9338841 0.12962499
2.2314053 -1.9338841 0.22925
2.2314053 -1.9338841 0.32887501
2.2314053 -1.9338841 0.4285
2.2314053 -1.9338841 0.52812499
2.2314053 -1.9338841 0.62774998
2.2314053 -1.9338841 0.72737497
2.2314053 -1.9338841 0.82699996
2.2314053 -2.0330582 0.029999999
2.2314053 -2.0330582 0.12962499
2.2314053 -2.0330582 0.22925
2.2314053 -2.0330582 0.32887501
2.2314053 -2.0330582 0.4285
2.2314053 -2.0330582 0.52812499
2.2314053 -2.0330582 0.62774998
2.2314053 -2.0330582 0.72737497
2.2314053 -2.0330582 0.82699996
2.2314053 -2.1322317 0.029999999
2.2314053 -2.1322317 0.12962499
2.2314053 -2.1322317 0.22925
2.2314053 -2.1322317 0.32887501
2.2314053 -2.1322317 0.4285
2.2314053 -2.1322317 0.52812499
2.2314053 -2.1322317 0.62774998
2.2314053 -2.1322317 0.72737497
2.2314053 -4.1157026 0.72737497
2.2314053 -4.1157026 0.82699996
2.2314053 -4.1157026 0.92662495
2.2314053 -4.1157026 1.02625
2.2314053 -4.2148762 0.72737497
2.2314053 -4.2148762 1.02625
2.2314053 -4.3140497 0.72737497
2.2314053 -4.3140497 1.02625
2.2314053 -4.4132233 0.72737497
2.2314053 -4.4132233 0.82699996
2.2314053 -4.4132233 0.92662495
2.2314053 -5.0082645 0.72737497
2.2314053 -5.0082645 0.82699996
2.2314053 -5.0082645 0.92662495
2.2314053 -5.0082645 1.02625
2.2314053 -5.0082645 1.125875
2.2314053 -5.1074381 0.72737497
2.2314053 -5.1074381 0.82699996
2.2314053 -5.1074381 1.02625
2.2314053 -5.1074381 1.125875
2.2314053 -5.2066116 0.72737497
2.2314053 -5.2066116 0.82699996
2.2314053 -5.2066116 1.02625
2.2314053 -5.2066116 1.125875
2.2314053 -5.3057852 0.72737497
2.2314053 -5.3057852 0.82699996
2.2314053 -5.3057852 0.92662495
2.2314053 -5.3057852 1.02625
2.2314053 -5.3057852 1.125875
2.3305788 5.1074381 0.52812499
2.3305788 5.1074381 0.62774998
2.3305788 5.1074381 0.72737497
2.3305788 5.1074381 0.82699996
2.3305788 5.0082645 0.52812499
2.3305788 5.0082645 0.62774998
2.3305788 5.0082645 0.72737497
2.3305788 5.0082645 0.82699996
2.3305788 4.909091 0.62774998
2.3305788 4.909091 0.72737497
2.3305788 4.909091 0.82699996
2.3305788 2.4297521 0.52812499
2.3305788 2.4297521 0.62774998
2.3305788 2.4297521 0.72737497
2.3305788 2.3305786 0.4285
2.3305788 2.3305786 0.52812499
2.3305788 2.3305786 0.62774998
2.3305788 2.3305786 0.72737497
2.3305788 2.231405 0.4285
2.3305788 2.231405 0.72737497
2.3305788 2.1322315 0.4285
2.3305788 2.1322315 0.72737497
2.3305788 2.0330579 0.52812499
2.3305788 2.0330579 0.62774998
2.3305788 2.0330579 0.72737497
2.3305788 -0.14876032 0.82699996
2.3305788 -0.14876032 0.92662495
2.3305788 -0.14876032 1.02625
2.3305788 -0.24793386 0.82699996
2.3305788 -0.24793386 1.125875
2.3305788 -0.34710741 0.52812499
2.3305788 -0.34710741 0.62774998
2.3305788 -0.34710741 0.72737497
2.3305788 -0.34710741 0.82699996
2.3305788 -0.34710741 1.125875
2.3305788 -0.44628096 0.52812499
2.3305788 -0.44628096 0.82699996
2.3305788 -0.44628096 1.125875
2.3305788 -0.5454545 0.52812499
2.3305788 -0.5454545 0.82699996
2.3305788 -0.5454545 0.92662495
2.3305788 -0.5454545 1.02625
2.3305788 -0.64462805 0.52812499
2.3305788 -0.64462805 0.62774998
2.3305788 -0.64462805 0.72737497
2.3305788 -0.64462805 0.82699996
2.3305788 -1.8347106 0.029999999
2.3305788 -1.8347106 0.12962499
2.3305788 -1.8347106 0.22925
2.3305788 -1.8347106 0.32887501
2.3305788 -1.8347106 0.4285
2.3305788 -1.8347106 0.52812499
2.3305788 -1.8347106 0.62774998
2.3305788 -1.8347106 0.72737497
2.3305788 -1.9338841 0.029999999
2.3305788 -1.9338841 0.82699996
2.3305788 -2.0330582 0.029999999
2.3305788 -2.0330582 0.82699996
2.3305788 -2.1322317 0.029999999
2.3305788 -2.1322317 0.12962499
2.3305788 -2.1322317 0.22925
2.3305788 -2.1322317 0.32887501
2.3305788 -2.1322317 0.4285
2.3305788 -2.1322317 0.52812499
2.3305788 -2.1322317 0.62774998
2.3305788 -2.1322317 0.72737497
2.3305788 -4.1157026 0.72737497
2.3305788 -4.1157026 0.82699996
2.3305788 -4.1157026 0.92662495
2.3305788 -4.1157026 1.02625
2.3305788 -4.2148762 0.72737497
2.3305788 -4.2148762 1.02625
2.3305788 -4.3140497 0.72737497
2.3305788 -4.3140497 1.02625
2.3305788 -4.4132233 0.72737497
2.3305788 -4.4132233 0.82699996
2.3305788 -4.4132233 0.92662495
2.3305788 -5.0082645 0.72737497
2.3305788 -5.0082645 0.82699996
2.3305788 -5.0082645 0.92662495
2.3305788 -5.0082645 1.02625
2.3305788 -5.0082645 1.125875
2.3305788 -5.1074381 0.72737497
2.3305788 -5.1074381 0.82699996
2.3305788 -5.1074381 1.02625
2.3305788 -5.1074381 1.125875
2.3305788 -5.2066116 0.72737497
2.3305788 -5.2066116 0.82699996
2.3305788 -5.2066116 1.02625
2.3305788 -5.2066116 1.125875
2.3305788 -5.3057852 0.82699996
2.3305788 -5.3057852 0.92662495
2.3305788 -5.3057852 1.02625
2.4297523 2.4297521 0.52812499
2.4297523 2.4297521 0.62774998
2.4297523 2.4297521 0.72737497
2.4297523 2.3305786 0.4285
2.4297523 2.3305786 0.72737497
2.4297523 2.231405 0.4285
2.4297523 2.231405 0.72737497
2.4297523 2.1322315 0.4285
2.4297523 2.1322315 0.52812499
2.4297523 2.1322315 0.62774998
2.4297523 2.1322315 0.72737497
2.4297523 -0.14876032 0.82699996
2.4297523 -0.14876032 0.92662495
2.4297523 -0.14876032 1.02625
2.4297523 -0.14876032 1.125875
2.4297523 -0.24793386 0.82699996
2.4297523 -0.24793386 1.125875
2.4297523 -0.34710741 0.52812499
2.4297523 -0.34710741 0.62774998
2.4297523 -0.34710741 0.72737497
2.4297523 -0.34710741 0.82699996
2.4297523 -0.34710741 1.125875
2.4297523 -0.44628096 0.52812499
2.4297523 -0.44628096 0.82699996
2.4297523 -0.44628096 0.92662495
2.4297523 -0.44628096 1.02625
2.4297523 -0.44628096 1.125875
2.4297523 -0.5454545 0.52812499
2.4297523 -0.5454545 0.82699996
2.4297523 -0.64462805 0.52812499
2.4297523 -0.64462805 0.62774998
2.4297523 -0.64462805 0.72737497
2.4297523 -1.9338841 0.029999999
2.4297523 -1.9338841 0.12962499
2.4297523 -1.9338841 0.22925
2.4297523 -1.9338841 0.32887501
2.4297523 -1.9338841 0.4285
2.4297523 -1.9338841 0.52812499
2.4297523 -1.9338841 0.62774998
2.4297523 -1.9338841 0.72737497
2.4297523 -2.0330582 0.029999999
2.4297523 -2.0330582 0.12962499
2.4297523 -2.0330582 0.22925
2.4297523 -2.0330582 0.32887501
2.4297523 -2.0330582 0.4285
2.4297523 -2.0330582 0.52812499
2.4297523 -2.0330582 0.62774998
2.4297523 -2.0330582 0.72737497
2.4297523 -4.0165291 0.72737497
2.4297523 -4.0165291 0.82699996
2.4297523 -4.0165291 0.92662495
2.4297523 -4.1157026 0.72737497
2.4297523 -4.1157026 0.82699996
2.4297523 -4.1157026 0.92662495
2.4297523 -4.1157026 1.02625
2.4297523 -4.2148762 0.72737497
2.4297523 -4.2148762 1.02625
2.4297523 -4.3140497 0.72737497
2.4297523 -4.3140497 1.02625
2.4297523 -4.4132233 0.72737497
2.4297523 -4.4132233 0.82699996
2.4297523 -4.4132233 0.92662495
2.4297523 -5.0082645 0.82699996
2.4297523 -5.0082645 0.92662495
2.4297523 -5.0082645 1.02625
2.4297523 -5.1074381 0.82699996
2.4297523 -5.1074381 0.92662495
2.4297523 -5.1074381 1.02625
2.4297523 -5.2066116 0.72737497
2.4297523 -5.2066116 0.82699996
2.4297523 -5.2066116 0.92662495
2.4297523 -5.2066116 1.02625
2.4297523 -5.2066116 1.125875
2.4297523 -5.3057852 0.82699996
2.4297523 -5.3057852 0.92662495
2.4297523 -5.3057852 1.02625
2.5289259 3.8181818 0.62774998
2.5289259 3.8181818 0.72737497
2.5289259 3.8181818 0.82699996
2.5289259 3.2231405 0.029999999
2.5289259 3.2231405 0.12962499
2.5289259 3.2231405 0.22925
2.5289259 3.2231405 0.32887501
2.5289259 3.2231405 0.4285
2.5289259 3.2231405 0.52812499
2.5289259 3.2231405 0.62774998
2.5289259 3.2231405 0.72737497
2.5289259 3.2231405 0.82699996
2.5289259 3.1239669 0.029999999
2.5289259 3.1239669 0.12962499
2.5289259 3.1239669 0.22925
2.5289259 3.1239669 0.32887501
2.5289259 3.1239669 0.4285
2.5289259 3.1239669 0.52812499
2.5289259 3.1239669 0.62774998
2.5289259 3.1239669 0.72737497
2.5289259 3.1239669 0.82699996
2.5289259 3.1239669 0.92662495
2.5289259 3.0247934 0.029999999
2.5289259 3.0247934 0.12962499
2.5289259 3.0247934 0.22925
2.5289259 3.0247934 0.32887501
2.5289259 3.0247934 0.4285
2.5289259 3.0247934 0.52812499
2.5289259 3.0247934 0.62774998
2.5289259 3.0247934 0.72737497
2.5289259 3.0247934 0.82699996
2.5289259 3.0247934 0.92662495
2.5289259 2.9256198 0.029999999
2.5289259 2.9256198 0.12962499
2.5289259 2.9256198 0.22925
2.5289259 2.9256198 0.32887501
2.5289259 2.9256198 0.4285
2.5289259 2.9256198 0.52812499
2.5289259 2.9256198 0.62774998
2.5289259 2.9256198 0.72737497
2.5289259 2.9256198 0.82699996
2.5289259 2.4297521 0.4285
2.5289259 2.4297521 0.52812499
2.5289259 2.4297521 0.62774998
2.5289259 2.4297521 0.72737497
2.5289259 2.3305786 0.4285
2.5289259 2.3305786 0.72737497
2.5289259 2.231405 0.4285
2.5289259 2.231405 0.72737497
2.5289259 2.1322315 0.4285
2.5289259 2.1322315 0.52812499
2.5289259 2.1322315 0.62774998
2.5289259 2.1322315 0.72737497
2.5289259 -0.049586773 0.82699996
2.5289259 -0.049586773 0.92662495
2.5289259 -0.049586773 1.02625
2.5289259 -0.14876032 0.82699996
2.5289259 -0.14876032 1.125875
2.5289259 -0.24793386 0.52812499
2.5289259 -0.24793386 0.62774998
2.5289259 -0.24793386 0.72737497
2.5289259 -0.24793386 0.82699996
2.5289259 -0.24793386 1.125875
2.5289259 -0.34710741 0.52812499
2.5289259 -0.34710741 0.62774998
2.5289259 -0.34710741 0.72737497
2.5289259 -0.34710741 0.82699996
2.5289259 -0.34710741 1.125875
2.5289259 -0.44628096 0.52812499
2.5289259 -0.44628096 0.82699996
2.5289259 -0.44628096 0.92662495
2.5289259 -0.44628096 1.02625
2.5289259 -0.5454545 0.52812499
2.5289259 -0.5454545 0.82699996
2.5289259 -0.64462805 0.52812499
2.5289259 -0.64462805 0.62774998
2.5289259 -0.64462805 0.72737497
2.5289259 -4.0165291 0.72737497
2.5289259 -4.0165291 0.82699996
2.5289259 -4.0165291 0.92662495
2.5289259 -4.1157026 0.72737497
2.5289259 -4.1157026 1.02625
2.5289259 -4.2148762 0.72737497
2.5289259 -4.2148762 1.02625
2.5289259 -4.3140497 0.72737497
2.5289259 -4.3140497 0.82699996
2.5289259 -4.3140497 0.92662495
2.5289259 -4.3140497 1.02625
2.6280994 4.0165291 0.62774998
2.6280994 4.0165291 0.72737497
2.6280994 4.0165291 0.82699996
2.6280994 3.9173553 0.62774998
2.6280994 3.9173553 0.72737497
2.6280994 3.9173553 0.82699996
2.6280994 3.9173553 0.92662495
2.6280994 3.8181818 0.62774998
2.6280994 3.8181818 0.72737497
2.6280994 3.8181818 0.82699996
2.6280994 3.8181818 0.92662495
2.6280994 3.2231405 0.029999999
2.6280994 3.2231405 0.12962499
2.6280994 3.2231405 0.22925
2.6280994 3.2231405 0.32887501
2.6280994 3.2231405 0.4285
2.6280994 3.2231405 0.52812499
2.6280994 3.2231405 0.62774998
2.6280994 3.2231405 0.72737497
2.6280994 3.2231405 0.82699996
2.6280994 3.1239669 0.029999999
2.6280994 3.1239669 0.92662495
2.6280994 3.0247934 0.029999999
2.6280994 3.0247934 0.92662495
2.6280994 2.9256198 0.029999999
2.6280994 2.9256198 0.12962499
2.6280994 2.9256198 0.22925
2.6280994 2.9256198 0.32887501
2.6280994 2.9256198 0.4285
2.6280994 2.9256198 0.52812499
2.6280994 2.9256198 0.62774998
2.6280994 2.9256198 0.72737497
2.6280994 2.9256198 0.82699996
2.6280994 2.4297521 0.4285
2.6280994 2.4297521 0.52812499
2.6280994 2.4297521 0.62774998
2.6280994 2.4297521 0.72737497
2.6280994 2.3305786 0.4285
2.6280994 2.3305786 0.72737497
2.6280994 2.231405 0.4285
2.6280994 2.231405 0.72737497
2.6280994 2.1322315 0.52812499
2.6280994 2.1322315 0.62774998
2.6280994 2.1322315 0.72737497
2.6280994 -0.049586773 0.82699996
2.6280994 -0.049586773 0.92662495
2.6280994 -0.049586773 1.02625
2.6280994 -0.14876032 0.82699996
2.6280994 -0.14876032 1.125875
2.6280994 -0.24793386 0.52812499
2.6280994 -0.24793386 0.62774998
2.6280994 -0.24793386 0.72737497
2.6280994 -0.24793386 0.82699996
2.6280994 -0.24793386 1.125875
2.6280994 -0.34710741 0.52812499
2.6280994 -0.34710741 0.82699996
2.6280994 -0.34710741 0.92662495
2.6280994 -0.34710741 1.02625
2.6280994 -0.34710741 1.125875
2.6280994 -0.44628096 0.52812499
2.6280994 -0.44628096 0.82699996
2.6280994 -0.5454545 0.52812499
2.6280994 -0.5454545 0.62774998
2.6280994 -0.5454545 0.72737497
2.6280994 -0.5454545 0.82699996
2.6280994 -4.0165291 0.72737497
2.6280994 -4.0165291 0.82699996
2.6280994 -4.0165291 0.92662495
2.6280994 -4.1157026 0.72737497
2.6280994 -4.1157026 1.02625
2.6280994 -4.2148762 0.72737497
2.6280994 -4.2148762 1.02625
2.6280994 -4.3140497 0.72737497
2.6280994 -4.3140497 0.82699996
2.6280994 -4.3140497 0.92662495
2.6280994 -4.3140497 1.02625
2.727273 4.2148762 0.62774998
2.727273 4.2148762 0.72737497
2.727273 4.2148762 0.82699996
2.727273 4.1157026 0.62774998
2.727273 4.1157026 0.72737497
2.727273 4.1157026 0.82699996
2.727273 4.1157026 0.92662495
2.727273 4.0165291 0.62774998
2.727273 4.0165291 0.92662495
2.727273 3.9173553 0.62774998
2.727273 3.9173553 0.92662495
2.727273 3.8181818 0.62774998
2.727273 3.8181818 0.92662495
2.727273 3.7190082 0.62774998
2.727273 3.7190082 0.72737497
2.727273 3.7190082 0.82699996
2.727273 3.2231405 0.029999999
2.727273 3.2231405 0.12962499
2.727273 3.2231405 0.22925
2.727273 3.2231405 0.32887501
2.727273 3.2231405 0.4285
2.727273 3.2231405 0.52812499
2.727273 3.2231405 0.62774998
2.727273 3.2231405 0.72737497
2.727273 3.2231405 0.82699996
2.727273 3.1239669 0.029999999
2.727273 3.1239669 0.12962499
2.727273 3.1239669 0.22925
2.727273 3.1239669 0.32887501
2.727273 3.1239669 0.4285
2.727273 3.1239669 0.52812499
2.727273 3.1239669 0.62774998
2.727273 3.1239669 0.72737497
2.727273 3.1239669 0.82699996
2.727273 3.1239669 0.92662495
2.727273 3.0247934 0.029999999
2.727273 3.0247934 0.12962499
2.727273 3.0247934 0.22925
2.727273 3.0247934 0.32887501
2.727273 3.0247934 0.4285
2.727273 3.0247934 0.52812499
2.727273 3.0247934 0.62774998
2.727273 3.0247934 0.72737497
2.727273 3.0247934 0.82699996
2.727273 3.0247934 0.92662495
2.727273 2.9256198 0.029999999
2.727273 2.9256198 0.12962499
2.727273 2.9256198 0.22925
2.727273 2.9256198 0.32887501
2.727273 2.9256198 0.4285
2.727273 2.9256198 0.52812499
2.727273 2.9256198 0.62774998
2.727273 2.9256198 0.72737497
2.727273 2.9256198 0.82699996
2.727273 2.5289257 0.52812499
2.727273 2.5289257 0.62774998
2.727273 2.5289257 0.72737497
2.727273 2.4297521 0.4285
2.727273 2.4297521 0.52812499
2.727273 2.4297521 0.62774998
2.727273 2.4297521 0.72737497
2.727273 2.3305786 0.4285
2.727273 2.3305786 0.52812499
2.727273 2.3305786 0.62774998
2.727273 2.3305786 0.72737497
2.727273 2.231405 0.4285
2.727273 2.231405 0.72737497
2.727273 2.1322315 0.52812499
2.727273 2.1322315 0.62774998
2.727273 2.1322315 0.72737497
2.727273 -0.049586773 0.82699996
2.727273 -0.049586773 0.92662495
2.727273 -0.049586773 1.02625
2.727273 -0.049586773 1.125875
2.727273 -0.14876032 0.82699996
2.727273 -0.14876032 0.92662495
2.727273 -0.14876032 1.02625
2.727273 -0.14876032 1.125875
2.727273 -0.24793386 0.52812499
2.727273 -0.24793386 0.62774998
2.727273 -0.24793386 0.72737497
2.727273 -0.24793386 0.82699996
2.727273 -0.24793386 1.125875
2.727273 -0.34710741 0.52812499
2.727273 -0.34710741 0.82699996
2.727273 -0.34710741 0.92662495
2.727273 -0.34710741 1.02625
2.727273 -0.44628096 0.52812499
2.727273 -0.44628096 0.82699996
2.727273 -0.5454545 0.52812499
2.727273 -0.5454545 0.62774998
2.727273 -0.5454545 0.72737497
2.727273 -0.5454545 0.82699996
2.727273 -4.0165291 0.72737497
2.727273 -4.0165291 0.82699996
2.727273 -4.0165291 0.92662495
2.727273 -4.1157026 0.72737497
2.727273 -4.1157026 0.82699996
2.727273 -4.1157026 0.92662495
2.727273 -4.1157026 1.02625
2.727273 -4.2148762 0.72737497
2.727273 -4.2148762 1.02625
2.727273 -4.3140497 0.72737497
2.727273 -4.3140497 0.82699996
2.727273 -4.3140497 0.92662495
2.727273 -4.3140497 1.02625
2.8264465 4.4132233 0.62774998
2.8264465 4.4132233 0.72737497
2.8264465 4.4132233 0.82699996
2.8264465 4.3140497 0.62774998
2.8264465 4.3140497 0.72737497
2.8264465 4.3140497 0.82699996
2.8264465 4.3140497 0.92662495
2.8264465 4.2148762 0.62774998
2.8264465 4.2148762 0.92662495
2.8264465 4.1157026 0.62774998
2.8264465 4.1157026 0.92662495
2.8264465 4.0165291 0.62774998
2.8264465 4.0165291 0.92662495
2.8264465 3.9173553 0.62774998
2.8264465 3.9173553 0.92662495
2.8264465 3.8181818 0.62774998
2.8264465 3.8181818 0.92662495
2.8264465 3.7190082 0.62774998
2.8264465 3.7190082 0.72737497
2.8264465 3.7190082 0.82699996
2.8264465 3.7190082 0.92662495
2.8264465 2.3305786 0.52812499
2.8264465 2.3305786 0.62774998
2.8264465 2.3305786 0.72737497
2.8264465 2.231405 0.52812499
2.8264465 2.231405 0.62774998
2.8264465 2.231405 0.72737497
2.8264465 -0.24793386 0.52812499
2.8264465 -0.24793386 0.62774998
2.8264465 -0.24793386 0.72737497
2.8264465 -0.24793386 0.82699996
2.8264465 -0.24793386 0.92662495
2.8264465 -0.24793386 1.02625
2.8264465 -0.34710741 0.52812499
2.8264465 -0.34710741 0.82699996
2.8264465 -0.34710741 0.92662495
2.8264465 -0.34710741 1.02625
2.8264465 -0.44628096 0.52812499
2.8264465 -0.44628096 0.82699996
2.8264465 -0.5454545 0.52812499
2.8264465 -0.5454545 0.62774998
2.8264465 -0.5454545 0.72737497
2.8264465 -4.2148762 0.72737497
2.8264465 -4.2148762 0.82699996
2.8264465 -4.2148762 0.92662495
2.8264465 -4.3140497 0.72737497
2.8264465 -4.3140497 0.82699996
2.8264465 -4.3140497 0.92662495
2.9256201 4.6115704 0.62774998
2.9256201 4.6115704 0.72737497
2.9256201 4.6115704 0.82699996
2.9256201 4.5123968 0.62774998
2.9256201 4.5123968 0.72737497
2.9256201 4.5123968 0.82699996
2.9256201 4.5123968 0.92662495
2.9256201 4.4132233 0.62774998
2.9256201 4.4132233 0.92662495
2.9256201 4.3140497 0.62774998
2.9256201 4.3140497 0.92662495
2.9256201 4.2148762 0.62774998
2.9256201 4.2148762 0.92662495
2.9256201 4.1157026 0.62774998
2.9256201 4.1157026 0.92662495
2.9256201 4.0165291 0.62774998
2.9256201 4.0165291 0.92662495
2.9256201 3.9173553 0.62774998
2.9256201 3.9173553 0.72737497
2.9256201 3.9173553 0.82699996
2.9256201 3.9173553 0.92662495
2.9256201 3.8181818 0.62774998
2.9256201 3.8181818 0.72737497
2.9256201 3.8181818 0.82699996
2.9256201 -0.14876032 0.52812499
2.9256201 -0.14876032 0.62774998
2.9256201 -0.14876032 0.72737497
2.9256201 -0.24793386 0.52812499
2.9256201 -0.24793386 0.62774998
2.9256201 -0.24793386 0.72737497
2.9256201 -0.24793386 0.82699996
2.9256201 -0.34710741 0.52812499
2.9256201 -0.34710741 0.82699996
2.9256201 -0.44628096 0.52812499
2.9256201 -0.44628096 0.82699996
2.9256201 -0.5454545 0.52812499
2.9256201 -0.5454545 0.62774998
2.9256201 -0.5454545 0.72737497
3.0247936 4.6115704 0.62774998
3.0247936 4.6115704 0.72737497
3.0247936 4.6115704 0.82699996
3.0247936 4.6115704 0.92662495
3.0247936 4.5123968 0.62774998
3.0247936 4.5123968 0.92662495
3.0247936 4.4132233 0.62774998
3.0247936 4.4132233 0.92662495
3.0247936 4.3140497 0.62774998
3.0247936 4.3140497 0.92662495
3.0247936 4.2148762 0.62774998
3.0247936 4.2148762 0.72737497
3.0247936 4.2148762 0.82699996
3.0247936 4.2148762 0.92662495
3.0247936 4.1157026 0.62774998
3.0247936 4.1157026 0.72737497
3.0247936 4.1157026 0.82699996
3.0247936 4.1157026 0.92662495
3.0247936 4.0165291 0.62774998
3.0247936 4.0165291 0.72737497
3.0247936 4.0165291 0.82699996
3.0247936 0.64462805 0.029999999
3.0247936 0.64462805 0.12962499
3.0247936 0.64462805 0.22925
3.0247936 0.64462805 0.32887501
3.0247936 0.64462805 0.4285
3.0247936 0.64462805 0.52812499
3.0247936 0.5454545 0.029999999
3.0247936 0.5454545 0.12962499
3.0247936 0.5454545 0.22925
3.0247936 0.5454545 0.32887501
3.0247936 0.5454545 0.4285
3.0247936 0.5454545 0.52812499
3.0247936 -0.14876032 0.52812499
3.0247936 -0.14876032 0.62774998
3.0247936 -0.14876032 0.72737497
3.0247936 -0.24793386 0.52812499
3.0247936 -0.24793386 0.82699996
3.0247936 -0.34710741 0.52812499
3.0247936 -0.34710741 0.82699996
3.0247936 -0.44628096 0.52812499
3.0247936 -0.44628096 0.62774998
3.0247936 -0.44628096 0.72737497
3.0247936 -0.44628096 0.82699996
3.1239672 4.6115704 0.62774998
3.1239672 4.6115704 0.72737497
3.1239672 4.6115704 0.82699996
3.1239672 4.5123968 0.62774998
3.1239672 4.5123968 0.92662495
3.1239672 4.4132233 0.62774998
3.1239672 4.4132233 0.72737497
3.1239672 4.4132233 0.82699996
3.1239672 4.4132233 0.92662495
3.1239672 4.3140497 0.62774998
3.1239672 4.3140497 0.72737497
3.1239672 4.3140497 0.82699996
3.1239672 4.3140497 0.92662495
3.1239672 4.2148762 0.62774998
3.1239672 4.2148762 0.72737497
3.1239672 4.2148762 0.82699996
3.1239672 0.84297514 0.029999999
3.1239672 0.84297514 0.12962499
3.1239672 0.84297514 0.22925
3.1239672 0.84297514 0.32887501
3.1239672 0.84297514 0.4285
3.1239672 0.84297514 0.52812499
3.1239672 0.74380159 0.029999999
3.1239672 0.74380159 0.12962499
3.1239672 0.74380159 0.22925
3.1239672 0.74380159 0.32887501
3.1239672 0.74380159 0.4285
3.1239672 0.74380159 0.52812499
3.1239672 0.64462805 0.029999999
3.1239672 0.64462805 0.12962499
3.1239672 0.64462805 0.22925
3.1239672 0.64462805 0.32887501
3.1239672 0.64462805 0.4285
3.1239672 0.64462805 0.52812499
3.1239672 0.5454545 0.029999999
3.1239672 0.5454545 0.52812499
3.1239672 0.44628096 0.029999999
3.1239672 0.44628096 0.12962499
3.1239672 0.44628096 0.22925
3.1239672 0.44628096 0.32887501
3.1239672 0.44628096 0.4285
3.1239672 0.44628096 0.52812499
3.1239672 -0.14876032 0.52812499
3.1239672 -0.14876032 0.62774998
3.1239672 -0.14876032 0.72737497
3.1239672 -0.24793386 0.52812499
3.1239672 -0.24793386 0.82699996
3.1239672 -0.34710741 0.52812499
3.1239672 -0.34710741 0.82699996
3.1239672 -0.44628096 0.52812499
3.1239672 -0.44628096 0.62774998
3.1239672 -0.44628096 0.72737497
3.1239672 -0.44628096 0.82699996
3.2231407 4.6115704 0.62774998
3.2231407 4.6115704 0.72737497
3.2231407 4.6115704 0.82699996
3.2231407 4.5123968 0.62774998
3.2231407 4.5123968 0.72737497
3.2231407 4.5123968 0.82699996
3.2231407 4.5123968 0.92662495
3.2231407 4.4132233 0.62774998
3.2231407 4.4132233 0.72737497
3.2231407 4.4132233 0.82699996
3.2231407 3.1239669 0.029999999
3.2231407 3.1239669 0.12962499
3.2231407 3.1239669 0.22925
3.2231407 3.1239669 0.32887501
3.2231407 3.1239669 0.4285
3.2231407 3.1239669 0.52812499
3.2231407 3.1239669 0.62774998
3.2231407 3.1239669 0.72737497
3.2231407 3.0247934 0.029999999
3.2231407 3.0247934 0.12962499
3.2231407 3.0247934 0.22925
3.2231407 3.0247934 0.32887501
3.2231407 3.0247934 0.4285
3.2231407 3.0247934 0.52812499
3.2231407 3.0247934 0.62774998
3.2231407 3.0247934 0.72737497
3.2231407 0.94214869 0.029999999
3.2231407 0.94214869 0.12962499
3.2231407 0.94214869 0.22925
3.2231407 0.94214869 0.32887501
3.2231407 0.94214869 0.4285
3.2231407 0.94214869 0.52812499
3.2231407 0.84297514 0.029999999
3.2231407 0.84297514 0.52812499
3.2231407 0.74380159 0.029999999
3.2231407 0.74380159 0.12962499
3.2231407 0.74380159 0.22925
3.2231407 0.74380159 0.32887501
3.2231407 0.74380159 0.4285
3.2231407 0.74380159 0.52812499
3.2231407 0.64462805 0.029999999
3.2231407 0.64462805 0.12962499
3.2231407 0.64462805 0.22925
3.2231407 0.64462805 0.32887501
3.2231407 0.64462805 0.4285
3.2231407 0.64462805 0.52812499
3.2231407 0.5454545 0.029999999
3.2231407 0.5454545 0.12962499
3.2231407 0.5454545 0.22925
3.2231407 0.5454545 0.32887501
3.2231407 0.5454545 0.4285
3.2231407 0.5454545 0.52812499
3.2231407 0.44628096 0.029999999
3.2231407 0.44628096 0.12962499
3.2231407 0.44628096 0.22925
3.2231407 0.44628096 0.32887501
3.2231407 0.44628096 0.4285
3.2231407 0.44628096 0.52812499
3.2231407 -0.14876032 0.52812499
3.2231407 -0.14876032 0.62774998
3.2231407 -0.14876032 0.72737497
3.2231407 -0.14876032 0.82699996
3.2231407 -0.24793386 0.52812499
3.2231407 -0.24793386 0.82699996
3.2231407 -0.34710741 0.52812499
3.2231407 -0.34710741 0.82699996
3.2231407 -0.44628096 0.52812499
3.2231407 -0.44628096 0.62774998
3.2231407 -0.44628096 0.72737497
3.2231407 -2.9256201 0.52812499
3.2231407 -2.9256201 0.62774998
3.2231407 -2.9256201 0.72737497
3.2231407 -3.0247936 0.52812499
3.2231407 -3.0247936 0.62774998
3.2231407 -3.0247936 0.72737497
3.2231407 -4.6115704 0.029999999
3.2231407 -4.6115704 0.12962499
3.2231407 -4.6115704 0.22925
3.2231407 -4.6115704 0.32887501
3.2231407 -4.6115704 0.4285
3.2231407 -4.6115704 0.52812499
3.2231407 -4.7107439 0.029999999
3.2231407 -4.7107439 0.12962499
3.2231407 -4.7107439 0.22925
3.2231407 -4.7107439 0.32887501
3.2231407 -4.7107439 0.4285
3.2231407 -4.7107439 0.52812499
3.2231407 -4.8099174 0.029999999
3.2231407 -4.8099174 0.12962499
3.2231407 -4.8099174 0.22925
3.2231407 -4.8099174 0.32887501
3.2231407 -4.8099174 0.4285
3.2231407 -4.8099174 0.52812499
3.3223143 3.1239669 0.029999999
3.3223143 3.1239669 0.12962499
3.3223143 3.1239669 0.22925
3.3223143 3.1239669 0.32887501
3.3223143 3.1239669 0.4285
3.3223143 3.1239669 0.52812499
3.3223143 3.1239669 0.62774998
3.3223143 3.1239669 0.72737497
3.3223143 3.0247934 0.029999999
3.3223143 3.0247934 0.72737497
3.3223143 2.9256198 0.029999999
3.3223143 2.9256198 0.12962499
3.3223143 2.9256198 0.22925
3.3223143 2.9256198 0.32887501
3.3223143 2.9256198 0.4285
3.3223143 2.9256198 0.52812499
3.3223143 2.9256198 0.62774998
3.3223143 2.9256198 0.72737497
3.3223143 0.94214869 0.029999999
3.3223143 0.94214869 0.12962499
3.3223143 0.94214869 0.22925
3.3223143 0.94214869 0.32887501
3.3223143 0.94214869 0.4285
3.3223143 0.94214869 0.52812499
3.3223143 0.84297514 0.029999999
3.3223143 0.84297514 0.12962499
3.3223143 0.84297514 0.22925
3.3223143 0.84297514 0.32887501
3.3223143 0.84297514 0.4285
3.3223143 0.84297514 0.52812499
3.3223143 0.74380159 0.029999999
3.3223143 0.74380159 0.12962499
3.3223143 0.74380159 0.22925
3.3223143 0.74380159 0.32887501
3.3223143 0.74380159 0.4285
3.3223143 0.74380159 0.52812499
3.3223143 0.64462805 0.029999999
3.3223143 0.64462805 0.12962499
3.3223143 0.64462805 0.22925
3.3223143 0.64462805 0.32887501
3.3223143 0.64462805 0.4285
3.3223143 0.64462805 0.52812499
3.3223143 0.5454545 0.029999999
3.3223143 0.5454545 0.12962499
3.3223143 0.5454545 0.22925
3.3223143 0.5454545 0.32887501
3.3223143 0.5454545 0.4285
3.3223143 0.5454545 0.52812499
3.3223143 -0.049586773 0.52812499
3.3223143 -0.049586773 0.62774998
3.3223143 -0.049586773 0.72737497
3.3223143 -0.14876032 0.52812499
3.3223143 -0.14876032 0.62774998
3.3223143 -0.14876032 0.72737497
3.3223143 -0.14876032 0.82699996
3.3223143 -0.24793386 0.52812499
3.3223143 -0.24793386 0.82699996
3.3223143 -0.34710741 0.52812499
3.3223143 -0.34710741 0.82699996
3.3223143 -0.44628096 0.52812499
3.3223143 -0.44628096 0.62774998
3.3223143 -0.44628096 0.72737497
3.3223143 -2.4297523 0.52812499
3.3223143 -2.4297523 0.62774998
3.3223143 -2.4297523 0.72737497
3.3223143 -2.5289259 0.52812499
3.3223143 -2.5289259 0.62774998
3.3223143 -2.5289259 0.72737497
3.3223143 -2.6280994 0.52812499
3.3223143 -2.6280994 0.62774998
3.3223143 -2.6280994 0.72737497
3.3223143 -2.727273 0.4285
3.3223143 -2.727273 0.52812499
3.3223143 -2.727273 0.62774998
3.3223143 -2.727273 0.72737497
3.3223143 -2.727273 0.82699996
3.3223143 -2.8264465 0.4285
3.3223143 -2.8264465 0.52812499
3.3223143 -2.8264465 0.62774998
3.3223143 -2.8264465 0.72737497
3.3223143 -2.8264465 0.82699996
3.3223143 -2.9256201 0.4285
3.3223143 -2.9256201 0.52812499
3.3223143 -2.9256201 0.62774998
3.3223143 -2.9256201 0.72737497
3.3223143 -2.9256201 0.82699996
3.3223143 -3.0247936 0.4285
3.3223143 -3.0247936 0.52812499
3.3223143 -3.0247936 0.72737497
3.3223143 -3.0247936 0.82699996
3.3223143 -3.1239672 0.4285
3.3223143 -3.1239672 0.52812499
3.3223143 -3.1239672 0.62774998
3.3223143 -3.1239672 0.72737497
3.3223143 -3.1239672 0.82699996
3.3223143 -4.5123968 0.029999999
3.3223143 -4.5123968 0.12962499
3.3223143 -4.5123968 0.22925
3.3223143 -4.5123968 0.32887501
3.3223143 -4.5123968 0.4285
3.3223143 -4.5123968 0.52812499
3.3223143 -4.6115704 0.029999999
3.3223143 -4.6115704 0.12962499
3.3223143 -4.6115704 0.22925
3.3223143 -4.6115704 0.32887501
3.3223143 -4.6115704 0.4285
3.3223143 -4.6115704 0.52812499
3.3223143 -4.6115704 0.62774998
3.3223143 -4.7107439 0.029999999
3.3223143 -4.7107439 0.62774998
3.3223143 -4.8099174 0.029999999
3.3223143 -4.8099174 0.12962499
3.3223143 -4.8099174 0.22925
3.3223143 -4.8099174 0.32887501
3.3223143 -4.8099174 0.4285
3.3223143 -4.8099174 0.52812499
3.3223143 -4.8099174 0.62774998
3.4214878 3.1239669 0.029999999
3.4214878 3.1239669 0.12962499
3.4214878 3.1239669 0.22925
3.4214878 3.1239669 0.32887501
3.4214878 3.1239669 0.4285
3.4214878 3.1239669 0.52812499
3.4214878 3.1239669 0.62774998
3.4214878 3.1239669 0.72737497
3.4214878 3.0247934 0.029999999
3.4214878 3.0247934 0.12962499
3.4214878 3.0247934 0.22925
3.4214878 3.0247934 0.32887501
3.4214878 3.0247934 0.4285
3.4214878 3.0247934 0.52812499
3.4214878 3.0247934 0.62774998
3.4214878 3.0247934 0.72737497
3.4214878 2.9256198 0.029999999
3.4214878 2.9256198 0.12962499
3.4214878 2.9256198 0.22925
3.4214878 2.9256198 0.32887501
3.4214878 2.9256198 0.4285
3.4214878 2.9256198 0.52812499
3.4214878 2.9256198 0.62774998
3.4214878 2.9256198 0.72737497
3.4214878 0.84297514 0.029999999
3.4214878 0.84297514 0.12962499
3.4214878 0.84297514 0.22925
3.4214878 0.84297514 0.32887501
3.4214878 0.84297514 0.4285
3.4214878 0.84297514 0.52812499
3.4214878 0.74380159 0.029999999
3.4214878 0.74380159 0.12962499
3.4214878 0.74380159 0.22925
3.4214878 0.74380159 0.32887501
3.4214878 0.74380159 0.4285
3.4214878 0.74380159 0.52812499
3.4214878 0.74380159 0.62774998
3.4214878 0.74380159 0.72737497
3.4214878 0.74380159 0.82699996
3.4214878 0.64462805 0.029999999
3.4214878 0.64462805 0.12962499
3.4214878 0.64462805 0.22925
3.4214878 0.64462805 0.32887501
3.4214878 0.64462805 0.4285
3.4214878 0.64462805 0.52812499
3.4214878 -0.14876032 0.52812499
3.4214878 -0.14876032 0.62774998
3.4214878 -0.14876032 0.72737497
3.4214878 -0.24793386 0.52812499
3.4214878 -0.24793386 0.62774998
3.4214878 -0.24793386 0.72737497
3.4214878 -0.34710741 0.52812499
3.4214878 -0.34710741 0.62774998
3.4214878 -0.34710741 0.72737497
3.4214878 -2.0330582 0.52812499
3.4214878 -2.0330582 0.62774998
3.4214878 -2.0330582 0.72737497
3.4214878 -2.1322317 0.52812499
3.4214878 -2.1322317 0.62774998
3.4214878 -2.1322317 0.72737497
3.4214878 -2.2314053 0.4285
3.4214878 -2.2314053 0.52812499
3.4214878 -2.2314053 0.62774998
3.4214878 -2.2314053 0.72737497
3.4214878 -2.2314053 0.82699996
3.4214878 -2.3305788 0.4285
3.4214878 -2.3305788 0.52812499
3.4214878 -2.3305788 0.62774998
3.4214878 -2.3305788 0.72737497
3.4214878 -2.3305788 0.82699996
3.4214878 -2.4297523 0.4285
3.4214878 -2.4297523 0.52812499
3.4214878 -2.4297523 0.62774998
3.4214878 -2.4297523 0.72737497
3.4214878 -2.4297523 0.82699996
3.4214878 -2.5289259 0.4285
3.4214878 -2.5289259 0.52812499
3.4214878 -2.5289259 0.72737497
3.4214878 -2.5289259 0.82699996
3.4214878 -2.6280994 0.4285
3.4214878 -2.6280994 0.52812499
3.4214878 -2.6280994 0.72737497
3.4214878 -2.6280994 0.82699996
3.4214878 -2.727273 0.4285
3.4214878 -2.727273 0.52812499
3.4214878 -2.727273 0.72737497
3.4214878 -2.727273 0.82699996
3.4214878 -2.8264465 0.4285
3.4214878 -2.8264465 0.52812499
3.4214878 -2.8264465 0.72737497
3.4214878 -2.8264465 0.82699996
3.4214878 -2.9256201 0.4285
3.4214878 -2.9256201 0.52812499
3.4214878 -2.9256201 0.72737497
3.4214878 -2.9256201 0.82699996
3.4214878 -3.0247936 0.4285
3.4214878 -3.0247936 0.52812499
3.4214878 -3.0247936 0.72737497
3.4214878 -3.0247936 0.82699996
3.4214878 -3.1239672 0.4285
3.4214878 -3.1239672 0.52812499
3.4214878 -3.1239672 0.62774998
3.4214878 -3.1239672 0.72737497
3.4214878 -3.1239672 0.82699996
3.4214878 -4.1157026 0.029999999
3.4214878 -4.1157026 0.12962499
3.4214878 -4.1157026 0.22925
3.4214878 -4.1157026 0.32887501
3.4214878 -4.1157026 0.4285
3.4214878 -4.1157026 0.52812499
3.4214878 -4.1157026 0.62774998
3.4214878 -4.1157026 0.72737497
3.4214878 -4.1157026 0.82699996
3.4214878 -4.2148762 0.029999999
3.4214878 -4.2148762 0.12962499
3.4214878 -4.2148762 0.22925
3.4214878 -4.2148762 0.32887501
3.4214878 -4.2148762 0.4285
3.4214878 -4.2148762 0.52812499
3.4214878 -4.2148762 0.62774998
3.4214878 -4.2148762 0.72737497
3.4214878 -4.2148762 0.82699996
3.4214878 -4.3140497 0.029999999
3.4214878 -4.3140497 0.12962499
3.4214878 -4.3140497 0.22925
3.4214878 -4.3140497 0.32887501
3.4214878 -4.3140497 0.4285
3.4214878 -4.3140497 0.52812499
3.4214878 -4.3140497 0.62774998
3.4214878 -4.3140497 0.72737497
3.4214878 -4.3140497 0.82699996
3.4214878 -4.5123968 0.029999999
3.4214878 -4.5123968 0.12962499
3.4214878 -4.5123968 0.22925
3.4214878 -4.5123968 0.32887501
3.4214878 -4.5123968 0.4285
3.4214878 -4.5123968 0.52812499
3.4214878 -4.6115704 0.029999999
3.4214878 -4.6115704 0.12962499
3.4214878 -4.6115704 0.22925
3.4214878 -4.6115704 0.32887501
3.4214878 -4.6115704 0.4285
3.4214878 -4.6115704 0.52812499
3.4214878 -4.6115704 0.62774998
3.4214878 -4.7107439 0.029999999
3.4214878 -4.7107439 0.62774998
3.4214878 -4.8099174 0.029999999
3.4214878 -4.8099174 0.12962499
3.4214878 -4.8099174 0.22925
3.4214878 -4.8099174 0.32887501
3.4214878 -4.8099174 0.4285
3.4214878 -4.8099174 0.52812499
3.4214878 -4.8099174 0.62774998
3.5206614 4.5123968 0.029999999
3.5206614 4.5123968 0.12962499
3.5206614 4.5123968 0.22925
3.5206614 4.5123968 0.32887501
3.5206614 4.5123968 0.4285
3.5206614 4.5123968 0.52812499
3.5206614 4.4132233 0.029999999
3.5206614 4.4132233 0.12962499
3.5206614 4.4132233 0.22925
3.5206614 4.4132233 0.32887501
3.5206614 4.4132233 0.4285
3.5206614 4.4132233 0.52812499
3.5206614 4.3140497 0.029999999
3.5206614 4.3140497 0.12962499
3.5206614 4.3140497 0.22925
3.5206614 4.3140497 0.32887501
3.5206614 4.3140497 0.4285
3.5206614 4.3140497 0.52812499
3.5206614 3.2231405 0.4285
3.5206614 3.2231405 0.52812499
3.5206614 3.2231405 0.62774998
3.5206614 3.2231405 0.72737497
3.5206614 3.1239669 0.4285
3.5206614 3.1239669 0.52812499
3.5206614 3.1239669 0.62774998
3.5206614 3.1239669 0.72737497
3.5206614 1.4380164 0.62774998
3.5206614 1.4380164 0.72737497
3.5206614 1.4380164 0.82699996
3.5206614 1.3388429 0.62774998
3.5206614 1.3388429 0.72737497
3.5206614 1.3388429 0.82699996
3.5206614 1.2396693 0.62774998
3.5206614 1.2396693 0.72737497
3.5206614 1.2396693 0.82699996
3.5206614 1.1404958 0.62774998
3.5206614 1.1404958 0.72737497
3.5206614 1.1404958 0.82699996
3.5206614 1.0413222 0.62774998
3.5206614 1.0413222 0.72737497
3.5206614 1.0413222 0.82699996
3.5206614 1.0413222 0.92662495
3.5206614 0.94214869 0.62774998
3.5206614 0.94214869 0.72737497
3.5206614 0.94214869 0.82699996
3.5206614 0.94214869 0.92662495
3.5206614 0.84297514 0.62774998
3.5206614 0.84297514 0.72737497
3.5206614 0.84297514 0.82699996
3.5206614 0.84297514 0.92662495
3.5206614 0.74380159 0.62774998
3.5206614 0.74380159 0.92662495
3.5206614 0.64462805 0.62774998
3.5206614 0.64462805 0.72737497
3.5206614 0.64462805 0.82699996
3.5206614 -2.0330582 0.4285
3.5206614 -2.0330582 0.52812499
3.5206614 -2.0330582 0.62774998
3.5206614 -2.0330582 0.72737497
3.5206614 -2.0330582 0.82699996
3.5206614 -2.1322317 0.4285
3.5206614 -2.1322317 0.52812499
3.5206614 -2.1322317 0.72737497
3.5206614 -2.1322317 0.82699996
3.5206614 -2.2314053 0.4285
3.5206614 -2.2314053 0.52812499
3.5206614 -2.2314053 0.72737497
3.5206614 -2.2314053 0.82699996
3.5206614 -2.3305788 0.4285
3.5206614 -2.3305788 0.52812499
3.5206614 -2.3305788 0.72737497
3.5206614 -2.3305788 0.82699996
3.5206614 -2.4297523 0.4285
3.5206614 -2.4297523 0.52812499
3.5206614 -2.4297523 0.72737497
3.5206614 -2.4297523 0.82699996
3.5206614 -2.5289259 0.4285
3.5206614 -2.5289259 0.52812499
3.5206614 -2.5289259 0.72737497
3.5206614 -2.5289259 0.82699996
3.5206614 -2.6280994 0.4285
3.5206614 -2.6280994 0.52812499
3.5206614 -2.6280994 0.72737497
3.5206614 -2.6280994 0.82699996
3.5206614 -2.727273 0.4285
3.5206614 -2.727273 0.52812499
3.5206614 -2.727273 0.72737497
3.5206614 -2.727273 0.82699996
3.5206614 -2.8264465 0.4285
3.5206614 -2.8264465 0.52812499
3.5206614 -2.8264465 0.72737497
3.5206614 -2.8264465 0.82699996
3.5206614 -2.9256201 0.4285
3.5206614 -2.9256201 0.52812499
3.5206614 -2.9256201 0.72737497
3.5206614 -2.9256201 0.82699996
3.5206614 -3.0247936 0.4285
3.5206614 -3.0247936 0.52812499
3.5206614 -3.0247936 0.62774998
3.5206614 -3.0247936 0.72737497
3.5206614 -3.0247936 0.82699996
3.5206614 -3.1239672 0.4285
3.5206614 -3.1239672 0.52812499
3.5206614 -3.1239672 0.62774998
3.5206614 -3.1239672 0.72737497
3.5206614 -3.1239672 0.82699996
3.5206614 -3.2231407 0.52812499
3.5206614 -3.2231407 0.62774998
3.5206614 -3.2231407 0.72737497
3.5206614 -4.1157026 0.029999999
3.5206614 -4.1157026 0.12962499
3.5206614 -4.1157026 0.22925
3.5206614 -4.1157026 0.32887501
3.5206614 -4.1157026 0.4285
3.5206614 -4.1157026 0.52812499
3.5206614 -4.1157026 0.62774998
3.5206614 -4.1157026 0.72737497
3.5206614 -4.1157026 0.82699996
3.5206614 -4.2148762 0.029999999
3.5206614 -4.2148762 0.82699996
3.5206614 -4.3140497 0.029999999
3.5206614 -4.3140497 0.12962499
3.5206614 -4.3140497 0.22925
3.5206614 -4.3140497 0.32887501
3.5206614 -4.3140497 0.4285
3.5206614 -4.3140497 0.52812499
3.5206614 -4.3140497 0.62774998
3.5206614 -4.3140497 0.72737497
3.5206614 -4.3140497 0.82699996
3.5206614 -4.5123968 0.029999999
3.5206614 -4.5123968 0.12962499
3.5206614 -4.5123968 0.22925
3.5206614 -4.5123968 0.32887501
3.5206614 -4.5123968 0.4285
3.5206614 -4.5123968 0.52812499
3.5206614 -4.6115704 0.029999999
3.5206614 -4.6115704 0.12962499
3.5206614 -4.6115704 0.22925
3.5206614 -4.6115704 0.32887501
3.5206614 -4.6115704 0.4285
3.5206614 -4.6115704 0.52812499
3.5206614 -4.6115704 0.62774998
3.5206614 -4.7107439 0.029999999
3.5206614 -4.7107439 0.12962499
3.5206614 -4.7107439 0.22925
3.5206614 -4.7107439 0.32887501
3.5206614 -4.7107439 0.4285
3.5206614 -4.7107439 0.52812499
3.5206614 -4.7107439 0.62774998
3.5206614 -4.8099174 0.029999999
3.5206614 -4.8099174 0.12962499
3.5206614 -4.8099174 0.22925
3.5206614 -4.8099174 0.32887501
3.5206614 -4.8099174 0.4285
3.5206614 -4.8099174 0.52812499
3.5206614 -4.8099174 0.62774998
3.6198349 4.5123968 0.029999999
3.6198349 4.5123968 0.12962499
3.6198349 4.5123968 0.22925
3.6198349 4.5123968 0.32887501
3.6198349 4.5123968 0.4285
3.6198349 4.5123968 0.52812499
3.6198349 4.4132233 0.029999999
3.6198349 4.4132233 0.52812499
3.6198349 4.3140497 0.029999999
3.6198349 4.3140497 0.12962499
3.6198349 4.3140497 0.22925
3.6198349 4.3140497 0.32887501
3.6198349 4.3140497 0.4285
3.6198349 4.3140497 0.52812499
3.6198349 3.322314 0.4285
3.6198349 3.322314 0.52812499
3.6198349 3.322314 0.62774998
3.6198349 3.322314 0.72737497
3.6198349 3.2231405 0.4285
3.6198349 3.2231405 0.72737497
3.6198349 3.1239669 0.4285
3.6198349 3.1239669 0.72737497
3.6198349 3.0247934 0.4285
3.6198349 3.0247934 0.52812499
3.6198349 3.0247934 0.62774998
3.6198349 3.0247934 0.72737497
3.6198349 1.9338841 0.62774998
3.6198349 1.9338841 0.72737497
3.6198349 1.9338841 0.82699996
3.6198349 1.8347106 0.62774998
3.6198349 1.8347106 0.72737497
3.6198349 1.8347106 0.82699996
3.6198349 1.7355371 0.62774998
3.6198349 1.7355371 0.72737497
3.6198349 1.7355371 0.82699996
3.6198349 1.7355371 0.92662495
3.6198349 1.6363635 0.62774998
3.6198349 1.6363635 0.72737497
3.6198349 1.6363635 0.82699996
3.6198349 1.6363635 0.92662495
3.6198349 1.53719 0.62774998
3.6198349 1.53719 0.72737497
3.6198349 1.53719 0.82699996
3.6198349 1.53719 0.92662495
3.6198349 1.4380164 0.62774998
3.6198349 1.4380164 0.72737497
3.6198349 1.4380164 0.82699996
3.6198349 1.4380164 0.92662495
3.6198349 1.3388429 0.62774998
3.6198349 1.3388429 0.92662495
3.6198349 1.2396693 0.62774998
3.6198349 1.2396693 0.92662495
3.6198349 1.1404958 0.62774998
3.6198349 1.1404958 0.92662495
3.6198349 1.0413222 0.62774998
3.6198349 1.0413222 0.92662495
3.6198349 0.94214869 0.62774998
3.6198349 0.94214869 0.92662495
3.6198349 0.84297514 0.62774998
3.6198349 0.84297514 0.92662495
3.6198349 0.74380159 0.62774998
3.6198349 0.74380159 0.92662495
3.6198349 0.64462805 0.62774998
3.6198349 0.64462805 0.72737497
3.6198349 0.64462805 0.82699996
3.6198349 -2.0330582 0.52812499
3.6198349 -2.0330582 0.62774998
3.6198349 -2.0330582 0.72737497
3.6198349 -2.1322317 0.4285
3.6198349 -2.1322317 0.52812499
3.6198349 -2.1322317 0.72737497
3.6198349 -2.1322317 0.82699996
3.6198349 -2.2314053 0.4285
3.6198349 -2.2314053 0.52812499
3.6198349 -2.2314053 0.72737497
3.6198349 -2.2314053 0.82699996
3.6198349 -2.3305788 0.4285
3.6198349 -2.3305788 0.52812499
3.6198349 -2.3305788 0.72737497
3.6198349 -2.3305788 0.82699996
3.6198349 -2.4297523 0.4285
3.6198349 -2.4297523 0.52812499
3.6198349 -2.4297523 0.72737497
3.6198349 -2.4297523 0.82699996
3.6198349 -2.5289259 0.4285
3.6198349 -2.5289259 0.52812499
3.6198349 -2.5289259 0.62774998
3.6198349 -2.5289259 0.72737497
3.6198349 -2.5289259 0.82699996
3.6198349 -2.6280994 0.4285
3.6198349 -2.6280994 0.52812499
3.6198349 -2.6280994 0.62774998
3.6198349 -2.6280994 0.72737497
3.6198349 -2.6280994 0.82699996
3.6198349 -2.727273 0.4285
3.6198349 -2.727273 0.52812499
3.6198349 -2.727273 0.62774998
3.6198349 -2.727273 0.72737497
3.6198349 -2.727273 0.82699996
3.6198349 -2.8264465 0.52812499
3.6198349 -2.8264465 0.62774998
3.6198349 -2.8264465 0.72737497
3.6198349 -2.9256201 0.52812499
3.6198349 -2.9256201 0.62774998
3.6198349 -2.9256201 0.72737497
3.6198349 -4.1157026 0.029999999
3.6198349 -4.1157026 0.12962499
3.6198349 -4.1157026 0.22925
3.6198349 -4.1157026 0.32887501
3.6198349 -4.1157026 0.4285
3.6198349 -4.1157026 0.52812499
3.6198349 -4.1157026 0.62774998
3.6198349 -4.1157026 0.72737497
3.6198349 -4.1157026 0.82699996
3.6198349 -4.2148762 0.029999999
3.6198349 -4.2148762 0.82699996
3.6198349 -4.3140497 0.029999999
3.6198349 -4.3140497 0.12962499
3.6198349 -4.3140497 0.22925
3.6198349 -4.3140497 0.32887501
3.6198349 -4.3140497 0.4285
3.6198349 -4.3140497 0.52812499
3.6198349 -4.3140497 0.62774998
3.6198349 -4.3140497 0.72737497
3.6198349 -4.3140497 0.82699996
3.7190084 4.5123968 0.029999999
3.7190084 4.5123968 0.12962499
3.7190084 4.5123968 0.22925
3.7190084 4.5123968 0.32887501
3.7190084 4.5123968 0.4285
3.7190084 4.5123968 0.52812499
3.7190084 4.4132233 0.029999999
3.7190084 4.4132233 0.52812499
3.7190084 4.3140497 0.029999999
3.7190084 4.3140497 0.12962499
3.7190084 4.3140497 0.22925
3.7190084 4.3140497 0.32887501
3.7190084 4.3140497 0.4285
3.7190084 4.3140497 0.52812499
3.7190084 3.4214876 0.4285
3.7190084 3.4214876 0.52812499
3.7190084 3.4214876 0.62774998
3.7190084 3.4214876 0.72737497
3.7190084 3.322314 0.4285
3.7190084 3.322314 0.72737497
3.7190084 3.2231405 0.4285
3.7190084 3.2231405 0.72737497
3.7190084 3.1239669 0.4285
3.7190084 3.1239669 0.72737497
3.7190084 3.0247934 0.4285
3.7190084 3.0247934 0.52812499
3.7190084 3.0247934 0.62774998
3.7190084 3.0247934 0.72737497
3.7190084 2.0330579 0.62774998
3.7190084 2.0330579 0.72737497
3.7190084 2.0330579 0.82699996
3.7190084 1.9338841 0.62774998
3.7190084 1.9338841 0.92662495
3.7190084 1.8347106 0.62774998
3.7190084 1.8347106 0.92662495
3.7190084 1.7355371 0.4285
3.7190084 1.7355371 0.52812499
3.7190084 1.7355371 0.62774998
3.7190084 1.7355371 0.92662495
3.7190084 1.6363635 0.32887501
3.7190084 1.6363635 0.4285
3.7190084 1.6363635 0.52812499
3.7190084 1.6363635 0.62774998
3.7190084 1.6363635 0.72737497
3.7190084 1.6363635 0.92662495
3.7190084 1.53719 0.62774998
3.7190084 1.53719 0.92662495
3.7190084 1.4380164 0.62774998
3.7190084 1.4380164 0.92662495
3.7190084 1.3388429 0.62774998
3.7190084 1.3388429 0.92662495
3.7190084 1.2396693 0.62774998
3.7190084 1.2396693 0.92662495
3.7190084 1.1404958 0.62774998
3.7190084 1.1404958 0.92662495
3.7190084 1.0413222 0.62774998
3.7190084 1.0413222 0.92662495
3.7190084 0.94214869 0.62774998
3.7190084 0.94214869 0.92662495
3.7190084 0.84297514 0.62774998
3.7190084 0.84297514 0.92662495
3.7190084 0.74380159 0.62774998
3.7190084 0.74380159 0.72737497
3.7190084 0.74380159 0.82699996
3.7190084 0.74380159 0.92662495
3.7190084 0.64462805 0.62774998
3.7190084 0.64462805 0.72737497
3.7190084 0.64462805 0.82699996
3.7190084 0.64462805 0.92662495
3.7190084 -2.0330582 0.52812499
3.7190084 -2.0330582 0.62774998
3.7190084 -2.0330582 0.72737497
3.7190084 -2.1322317 0.4285
3.7190084 -2.1322317 0.52812499
3.7190084 -2.1322317 0.62774998
3.7190084 -2.1322317 0.72737497
3.7190084 -2.1322317 0.82699996
3.7190084 -2.2314053 0.4285
3.7190084 -2.2314053 0.52812499
3.7190084 -2.2314053 0.62774998
3.7190084 -2.2314053 0.72737497
3.7190084 -2.2314053 0.82699996
3.7190084 -2.3305788 0.52812499
3.7190084 -2.3305788 0.62774998
3.7190084 -2.3305788 0.72737497
3.7190084 -2.4297523 0.52812499
3.7190084 -2.4297523 0.62774998
3.7190084 -2.4297523 0.72737497
3.7190084 -4.1157026 0.029999999
3.7190084 -4.1157026 0.12962499
3.7190084 -4.1157026 0.22925
3.7190084 -4.1157026 0.32887501
3.7190084 -4.1157026 0.4285
3.7190084 -4.1157026 0.52812499
3.7190084 -4.1157026 0.62774998
3.7190084 -4.1157026 0.72737497
3.7190084 -4.1157026 0.82699996
3.7190084 -4.2148762 0.029999999
3.7190084 -4.2148762 0.12962499
3.7190084 -4.2148762 0.22925
3.7190084 -4.2148762 0.32887501
3.7190084 -4.2148762 0.4285
3.7190084 -4.2148762 0.52812499
3.7190084 -4.2148762 0.62774998
3.7190084 -4.2148762 0.72737497
3.7190084 -4.2148762 0.82699996
3.7190084 -4.3140497 0.029999999
3.7190084 -4.3140497 0.12962499
3.7190084 -4.3140497 0.22925
3.7190084 -4.3140497 0.32887501
3.7190084 -4.3140497 0.4285
3.7190084 -4.3140497 0.52812499
3.7190084 -4.3140497 0.62774998
3.7190084 -4.3140497 0.72737497
3.7190084 -4.3140497 0.82699996
3.818182 4.5123968 0.029999999
3.818182 4.5123968 0.12962499
3.818182 4.5123968 0.22925
3.818182 4.5123968 0.32887501
3.818182 4.5123968 0.4285
3.818182 4.5123968 0.52812499
3.818182 4.4132233 0.029999999
3.818182 4.4132233 0.12962499
3.818182 4.4132233 0.22925
3.818182 4.4132233 0.32887501
3.818182 4.4132233 0.4285
3.818182 4.4132233 0.52812499
3.818182 4.3140497 0.029999999
3.818182 4.3140497 0.12962499
3.818182 4.3140497 0.22925
3.818182 4.3140497 0.32887501
3.818182 4.3140497 0.4285
3.818182 4.3140497 0.52812499
3.818182 3.5206611 0.4285
3.818182 3.5206611 0.52812499
3.818182 3.5206611 0.62774998
3.818182 3.5206611 0.72737497
3.818182 3.4214876 0.4285
3.818182 3.4214876 0.72737497
3.818182 3.322314 0.4285
3.818182 3.322314 0.72737497
3.818182 3.2231405 0.4285
3.818182 3.2231405 0.72737497
3.818182 3.1239669 0.4285
3.818182 3.1239669 0.52812499
3.818182 3.1239669 0.62774998
3.818182 3.1239669 0.72737497
3.818182 2.0330579 0.62774998
3.818182 2.0330579 0.72737497
3.818182 2.0330579 0.82699996
3.818182 1.9338841 0.4285
3.818182 1.9338841 0.52812499
3.818182 1.9338841 0.62774998
3.818182 1.9338841 0.92662495
3.818182 1.8347106 0.32887501
3.818182 1.8347106 0.4285
3.818182 1.8347106 0.52812499
3.818182 1.8347106 0.62774998
3.818182 1.8347106 0.72737497
3.818182 1.8347106 0.92662495
3.818182 1.7355371 0.32887501
3.818182 1.7355371 0.4285
3.818182 1.7355371 0.62774998
3.818182 1.7355371 0.72737497
3.818182 1.7355371 0.92662495
3.818182 1.6363635 0.32887501
3.818182 1.6363635 0.4285
3.818182 1.6363635 0.62774998
3.818182 1.6363635 0.72737497
3.818182 1.6363635 0.92662495
3.818182 1.53719 0.4285
3.818182 1.53719 0.52812499
3.818182 1.53719 0.62774998
3.818182 1.53719 0.92662495
3.818182 1.4380164 0.62774998
3.818182 1.4380164 0.72737497
3.818182 1.4380164 0.82699996
3.818182 1.4380164 0.92662495
3.818182 1.3388429 0.62774998
3.818182 1.3388429 0.72737497
3.818182 1.3388429 0.82699996
3.818182 1.3388429 0.92662495
3.818182 1.2396693 0.62774998
3.818182 1.2396693 0.72737497
3.818182 1.2396693 0.82699996
3.818182 1.2396693 0.92662495
3.818182 1.1404958 0.62774998
3.818182 1.1404958 0.72737497
3.818182 1.1404958 0.82699996
3.818182 1.1404958 0.92662495
3.818182 1.0413222 0.62774998
3.818182 1.0413222 0.72737497
3.818182 1.0413222 0.82699996
3.818182 0.94214869 0.62774998
3.818182 0.94214869 0.72737497
3.818182 0.94214869 0.82699996
3.818182 0.84297514 0.62774998
3.818182 0.84297514 0.72737497
3.818182 0.84297514 0.82699996
3.818182 0.74380159 0.62774998
3.818182 0.74380159 0.72737497
3.818182 0.74380159 0.82699996
3.818182 -3.3223143 0.029999999
3.818182 -3.3223143 0.12962499
3.818182 -3.3223143 0.22925
3.818182 -3.3223143 0.32887501
3.818182 -3.3223143 0.4285
3.818182 -3.3223143 0.52812499
3.818182 -3.3223143 0.62774998
3.818182 -3.3223143 0.72737497
3.818182 -3.3223143 0.82699996
3.818182 -3.4214878 0.029999999
3.818182 -3.4214878 0.12962499
3.818182 -3.4214878 0.22925
3.818182 -3.4214878 0.32887501
3.818182 -3.4214878 0.4285
3.818182 -3.4214878 0.52812499
3.818182 -3.4214878 0.62774998
3.818182 -3.4214878 0.72737497
3.818182 -3.4214878 0.82699996
3.818182 -3.5206614 0.029999999
3.818182 -3.5206614 0.12962499
3.818182 -3.5206614 0.22925
3.818182 -3.5206614 0.32887501
3.818182 -3.5206614 0.4285
3.818182 -3.5206614 0.52812499
3.818182 -3.5206614 0.62774998
3.818182 -3.5206614 0.72737497
3.818182 -3.5206614 0.82699996
3.9173555 3.6198347 0.4285
3.9173555 3.6198347 0.52812499
3.9173555 3.6198347 0.62774998
3.9173555 3.6198347 0.72737497
3.9173555 3.5206611 0.4285
3.9173555 3.5206611 0.72737497
3.9173555 3.4214876 0.4285
3.9173555 3.4214876 0.72737497
3.9173555 3.322314 0.4285
3.9173555 3.322314 0.72737497
3.9173555 3.2231405 0.4285
3.9173555 3.2231405 0.52812499
3.9173555 3.2231405 0.62774998
3.9173555 3.2231405 0.72737497
3.9173555 2.1322315 0.4285
3.9173555 2.1322315 0.52812499
3.9173555 2.1322315 0.62774998
3.9173555 2.0330579 0.32887501
3.9173555 2.0330579 0.4285
3.9173555 2.0330579 0.52812499
3.9173555 2.0330579 0.62774998
3.9173555 2.0330579 0.72737497
3.9173555 2.0330579 0.82699996
3.9173555 1.9338841 0.32887501
3.9173555 1.9338841 0.4285
3.9173555 1.9338841 0.62774998
3.9173555 1.9338841 0.72737497
3.9173555 1.9338841 0.82699996
3.9173555 1.9338841 0.92662495
3.9173555 1.8347106 0.32887501
3.9173555 1.8347106 0.4285
3.9173555 1.8347106 0.62774998
3.9173555 1.8347106 0.72737497
3.9173555 1.8347106 0.82699996
3.9173555 1.8347106 0.92662495
3.9173555 1.7355371 0.32887501
3.9173555 1.7355371 0.4285
3.9173555 1.7355371 0.62774998
3.9173555 1.7355371 0.72737497
3.9173555 1.7355371 0.82699996
3.9173555 1.6363635 0.32887501
3.9173555 1.6363635 0.4285
3.9173555 1.6363635 0.62774998
3.9173555 1.6363635 0.72737497
3.9173555 1.6363635 0.82699996
3.9173555 1.53719 0.32887501
3.9173555 1.53719 0.4285
3.9173555 1.53719 0.52812499
3.9173555 1.53719 0.62774998
3.9173555 1.53719 0.72737497
3.9173555 1.53719 0.82699996
3.9173555 1.4380164 0.62774998
3.9173555 1.4380164 0.72737497
3.9173555 1.4380164 0.82699996
3.9173555 -3.3223143 0.029999999
3.9173555 -3.3223143 0.12962499
3.9173555 -3.3223143 0.22925
3.9173555 -3.3223143 0.32887501
3.9173555 -3.3223143 0.4285
3.9173555 -3.3223143 0.52812499
3.9173555 -3.3223143 0.62774998
3.9173555 -3.3223143 0.72737497
3.9173555 -3.3223143 0.82699996
3.9173555 -3.4214878 0.029999999
3.9173555 -3.4214878 0.82699996
3.9173555 -3.5206614 0.029999999
3.9173555 -3.5206614 0.12962499
3.9173555 -3.5206614 0.22925
3.9173555 -3.5206614 0.32887501
3.9173555 -3.5206614 0.4285
3.9173555 -3.5206614 0.52812499
3.9173555 -3.5206614 0.62774998
3.9173555 -3.5206614 0.72737497
3.9173555 -3.5206614 0.82699996
4.0165291 3.6198347 0.4285
4.0165291 3.6198347 0.52812499
4.0165291 3.6198347 0.62774998
4.0165291 3.5206611 0.4285
4.0165291 3.5206611 0.52812499
4.0165291 3.5206611 0.62774998
4.0165291 3.5206611 0.72737497
4.0165291 3.4214876 0.4285
4.0165291 3.4214876 0.72737497
4.0165291 3.322314 0.4285
4.0165291 3.322314 0.52812499
4.0165291 3.322314 0.62774998
4.0165291 2.3305786 0.4285
4.0165291 2.3305786 0.52812499
4.0165291 2.3305786 0.62774998
4.0165291 2.231405 0.32887501
4.0165291 2.231405 0.4285
4.0165291 2.231405 0.52812499
4.0165291 2.231405 0.62774998
4.0165291 2.231405 0.72737497
4.0165291 2.1322315 0.32887501
4.0165291 2.1322315 0.4285
4.0165291 2.1322315 0.62774998
4.0165291 2.1322315 0.72737497
4.0165291 2.0330579 0.32887501
4.0165291 2.0330579 0.4285
4.0165291 2.0330579 0.62774998
4.0165291 2.0330579 0.72737497
4.0165291 1.9338841 0.32887501
4.0165291 1.9338841 0.4285
4.0165291 1.9338841 0.62774998
4.0165291 1.9338841 0.72737497
4.0165291 1.8347106 0.32887501
4.0165291 1.8347106 0.4285
4.0165291 1.8347106 0.62774998
4.0165291 1.8347106 0.72737497
4.0165291 1.7355371 0.32887501
4.0165291 1.7355371 0.4285
4.0165291 1.7355371 0.62774998
4.0165291 1.7355371 0.72737497
4.0165291 1.6363635 0.32887501
4.0165291 1.6363635 0.4285
4.0165291 1.6363635 0.52812499
4.0165291 1.6363635 0.62774998
4.0165291 1.6363635 0.72737497
4.0165291 1.53719 0.4285
4.0165291 1.53719 0.52812499
4.0165291 1.53719 0.62774998
4.0165291 -3.3223143 0.029999999
4.0165291 -3.3223143 0.12962499
4.0165291 -3.3223143 0.22925
4.0165291 -3.3223143 0.32887501
4.0165291 -3.3223143 0.4285
4.0165291 -3.3223143 0.52812499
4.0165291 -3.3223143 0.62774998
4.0165291 -3.3223143 0.72737497
4.0165291 -3.3223143 0.82699996
4.0165291 -3.4214878 0.029999999
4.0165291 -3.4214878 0.12962499
4.0165291 -3.4214878 0.22925
4.0165291 -3.4214878 0.32887501
4.0165291 -3.4214878 0.4285
4.0165291 -3.4214878 0.52812499
4.0165291 -3.4214878 0.62774998
4.0165291 -3.4214878 0.72737497
4.0165291 -3.4214878 0.82699996
4.0165291 -3.5206614 0.029999999
4.0165291 -3.5206614 0.12962499
4.0165291 -3.5206614 0.22925
4.0165291 -3.5206614 0.32887501
4.0165291 -3.5206614 0.4285
4.0165291 -3.5206614 0.52812499
4.0165291 -3.5206614 0.62774998
4.0165291 -3.5206614 0.72737497
4.0165291 -3.5206614 0.82699996
4.1157026 3.5206611 0.4285
4.1157026 3.5206611 0.52812499
4.1157026 3.5206611 0.62774998
4.1157026 3.4214876 0.4285
4.1157026 3.4214876 0.52812499
4.1157026 3.4214876 0.62774998
4.1157026 2.5289257 0.4285
4.1157026 2.5289257 0.52812499
4.1157026 2.5289257 0.62774998
4.1157026 2.4297521 0.32887501
4.1157026 2.4297521 0.4285
4.1157026 2.4297521 0.52812499
4.1157026 2.4297521 0.62774998
4.1157026 2.4297521 0.72737497
4.1157026 2.3305786 0.32887501
4.1157026 2.3305786 0.4285
4.1157026 2.3305786 0.62774998
4.1157026 2.3305786 0.72737497
4.1157026 2.231405 0.32887501
4.1157026 2.231405 0.4285
4.1157026 2.231405 0.62774998
4.1157026 2.231405 0.72737497
4.1157026 2.1322315 0.32887501
4.1157026 2.1322315 0.4285
4.1157026 2.1322315 0.62774998
4.1157026 2.1322315 0.72737497
4.1157026 2.0330579 0.32887501
4.1157026 2.0330579 0.4285
4.1157026 2.0330579 0.62774998
4.1157026 2.0330579 0.72737497
4.1157026 1.9338841 0.32887501
4.1157026 1.9338841 0.4285
4.1157026 1.9338841 0.62774998
4.1157026 1.9338841 0.72737497
4.1157026 1.8347106 0.32887501
4.1157026 1.8347106 0.4285
4.1157026 1.8347106 0.52812499
4.1157026 1.8347106 0.62774998
4.1157026 1.8347106 0.72737497
4.1157026 1.7355371 0.4285
4.1157026 1.7355371 0.52812499
4.1157026 1.7355371 0.62774998
4.1157026 -5.7024794 0.029999999
4.1157026 -5.7024794 0.12962499
4.1157026 -5.7024794 0.22925
4.1157026 -5.7024794 0.32887501
4.1157026 -5.7024794 0.4285
4.1157026 -5.7024794 0.52812499
4.1157026 -5.7024794 0.62774998
4.1157026 -5.8016529 0.029999999
4.1157026 -5.8016529 0.12962499
4.1157026 -5.8016529 0.22925
4.1157026 -5.8016529 0.32887501
4.1157026 -5.8016529 0.4285
4.1157026 -5.8016529 0.52812499
4.1157026 -5.8016529 0.62774998
4.1157026 -5.9008265 0.029999999
4.1157026 -5.9008265 0.12962499
4.1157026 -5.9008265 0.22925
4.1157026 -5.9008265 0.32887501
4.1157026 -5.9008265 0.4285
4.1157026 -5.9008265 0.52812499
4.1157026 -5.9008265 0.62774998
4.2148762 3.322314 0.029999999
4.2148762 3.322314 0.12962499
4.2148762 3.322314 0.22925
4.2148762 3.322314 0.32887501
4.2148762 3.322314 0.4285
4.2148762 3.322314 0.52812499
4.2148762 3.322314 0.62774998
4.2148762 3.322314 0.72737497
4.2148762 3.322314 0.82699996
4.2148762 3.2231405 0.029999999
4.2148762 3.2231405 0.12962499
4.2148762 3.2231405 0.22925
4.2148762 3.2231405 0.32887501
4.2148762 3.2231405 0.4285
4.2148762 3.2231405 0.52812499
4.2148762 3.2231405 0.62774998
4.2148762 3.2231405 0.72737497
4.2148762 3.2231405 0.82699996
4.2148762 2.7272727 0.4285
4.2148762 2.7272727 0.52812499
4.2148762 2.7272727 0.62774998
4.2148762 2.6280992 0.32887501
4.2148762 2.6280992 0.4285
4.2148762 2.6280992 0.52812499
4.2148762 2.6280992 0.62774998
4.2148762 2.6280992 0.72737497
4.2148762 2.5289257 0.32887501
4.2148762 2.5289257 0.4285
4.2148762 2.5289257 0.52812499
4.2148762 2.5289257 0.62774998
4.2148762 2.5289257 0.72737497
4.2148762 2.4297521 0.32887501
4.2148762 2.4297521 0.4285
4.2148762 2.4297521 0.62774998
4.2148762 2.4297521 0.72737497
4.2148762 2.3305786 0.32887501
4.2148762 2.3305786 0.4285
4.2148762 2.3305786 0.62774998
4.2148762 2.3305786 0.72737497
4.2148762 2.231405 0.32887501
4.2148762 2.231405 0.4285
4.2148762 2.231405 0.62774998
4.2148762 2.231405 0.72737497
4.2148762 2.1322315 0.32887501
4.2148762 2.1322315 0.4285
4.2148762 2.1322315 0.62774998
4.2148762 2.1322315 0.72737497
4.2148762 2.0330579 0.32887501
4.2148762 2.0330579 0.4285
4.2148762 2.0330579 0.52812499
4.2148762 2.0330579 0.62774998
4.2148762 2.0330579 0.72737497
4.2148762 1.9338841 0.4285
4.2148762 1.9338841 0.52812499
4.2148762 1.9338841 0.62774998
4.2148762 -5.7024794 0.029999999
4.2148762 -5.7024794 0.12962499
4.2148762 -5.7024794 0.22925
4.2148762 -5.7024794 0.32887501
4.2148762 -5.7024794 0.4285
4.2148762 -5.7024794 0.52812499
4.2148762 -5.7024794 0.62774998
4.2148762 -5.8016529 0.029999999
4.2148762 -5.8016529 0.62774998
4.2148762 -5.9008265 0.029999999
4.2148762 -5.9008265 0.62774998
4.3140497 3.322314 0.029999999
4.3140497 3.322314 0.12962499
4.3140497 3.322314 0.22925
4.3140497 3.322314 0.32887501
4.3140497 3.322314 0.4285
4.3140497 3.322314 0.52812499
4.3140497 3.322314 0.62774998
4.3140497 3.322314 0.72737497
4.3140497 3.322314 0.82699996
4.3140497 3.322314 0.92662495
4.3140497 3.2231405 0.029999999
4.3140497 3.2231405 0.92662495
4.3140497 3.1239669 0.029999999
4.3140497 3.1239669 0.12962499
4.3140497 3.1239669 0.22925
4.3140497 3.1239669 0.32887501
4.3140497 3.1239669 0.4285
4.3140497 3.1239669 0.52812499
4.3140497 3.1239669 0.62774998
4.3140497 3.1239669 0.72737497
4.3140497 3.1239669 0.82699996
4.3140497 2.8264463 0.4285
4.3140497 2.8264463 0.52812499
4.3140497 2.8264463 0.62774998
4.3140497 2.7272727 0.32887501
4.3140497 2.7272727 0.4285
4.3140497 2.7272727 0.52812499
4.3140497 2.7272727 0.62774998
4.3140497 2.7272727 0.72737497
4.3140497 2.6280992 0.32887501
4.3140497 2.6280992 0.4285
4.3140497 2.6280992 0.62774998
4.3140497 2.6280992 0.72737497
4.3140497 2.5289257 0.32887501
4.3140497 2.5289257 0.4285
4.3140497 2.5289257 0.62774998
4.3140497 2.5289257 0.72737497
4.3140497 2.4297521 0.32887501
4.3140497 2.4297521 0.4285
4.3140497 2.4297521 0.62774998
4.3140497 2.4297521 0.72737497
4.3140497 2.3305786 0.32887501
4.3140497 2.3305786 0.4285
4.3140497 2.3305786 0.62774998
4.3140497 2.3305786 0.72737497
4.3140497 2.231405 0.32887501
4.3140497 2.231405 0.4285
4.3140497 2.231405 0.52812499
4.3140497 2.231405 0.62774998
4.3140497 2.231405 0.72737497
4.3140497 2.1322315 0.4285
4.3140497 2.1322315 0.52812499
4.3140497 2.1322315 0.62774998
4.3140497 -5.7024794 0.029999999
4.3140497 -5.7024794 0.12962499
4.3140497 -5.7024794 0.22925
4.3140497 -5.7024794 0.32887501
4.3140497 -5.7024794 0.4285
4.3140497 -5.7024794 0.52812499
4.3140497 -5.7024794 0.62774998
4.3140497 -5.8016529 0.029999999
4.3140497 -5.8016529 0.12962499
4.3140497 -5.8016529 0.22925
4.3140497 -5.8016529 0.32887501
4.3140497 -5.8016529 0.4285
4.3140497 -5.8016529 0.52812499
4.3140497 -5.8016529 0.62774998
4.3140497 -5.9008265 0.029999999
4.3140497 -5.9008265 0.12962499
4.3140497 -5.9008265 0.22925
4.3140497 -5.9008265 0.32887501
4.3140497 -5.9008265 0.4285
4.3140497 -5.9008265 0.52812499
4.3140497 -5.9008265 0.62774998
4.4132233 3.322314 0.029999999
4.4132233 3.322314 0.12962499
4.4132233 3.322314 0.22925
4.4132233 3.322314 0.32887501
4.4132233 3.322314 0.4285
4.4132233 3.322314 0.52812499
4.4132233 3.322314 0.62774998
4.4132233 3.322314 0.72737497
4.4132233 3.322314 0.82699996
4.4132233 3.322314 0.92662495
4.4132233 3.2231405 0.029999999
4.4132233 3.2231405 0.92662495
4.4132233 3.1239669 0.029999999
4.4132233 3.1239669 0.12962499
4.4132233 3.1239669 0.22925
4.4132233 3.1239669 0.32887501
4.4132233 3.1239669 0.4285
4.4132233 3.1239669 0.52812499
4.4132233 3.1239669 0.62774998
4.4132233 3.1239669 0.72737497
4.4132233 3.1239669 0.82699996
4.4132233 2.8264463 0.32887501
4.4132233 2.8264463 0.4285
4.4132233 2.8264463 0.52812499
4.4132233 2.8264463 0.62774998
4.4132233 2.8264463 0.72737497
4.4132233 2.7272727 0.32887501
4.4132233 2.7272727 0.4285
4.4132233 2.7272727 0.62774998
4.4132233 2.7272727 0.72737497
4.4132233 2.6280992 0.32887501
4.4132233 2.6280992 0.4285
4.4132233 2.6280992 0.62774998
4.4132233 2.6280992 0.72737497
4.4132233 2.5289257 0.32887501
4.4132233 2.5289257 0.4285
4.4132233 2.5289257 0.62774998
4.4132233 2.5289257 0.72737497
4.4132233 2.4297521 0.32887501
4.4132233 2.4297521 0.4285
4.4132233 2.4297521 0.52812499
4.4132233 2.4297521 0.62774998
4.4132233 2.4297521 0.72737497
4.4132233 2.3305786 0.4285
4.4132233 2.3305786 0.52812499
4.4132233 2.3305786 0.62774998
4.4132233 -1.53719 0.029999999
4.4132233 -1.53719 0.12962499
4.4132233 -1.53719 0.22925
4.4132233 -1.53719 0.32887501
4.4132233 -1.53719 0.4285
4.4132233 -1.53719 0.52812499
4.4132233 -1.6363635 0.029999999
4.4132233 -1.6363635 0.12962499
4.4132233 -1.6363635 0.22925
4.4132233 -1.6363635 0.32887501
4.4132233 -1.6363635 0.4285
4.4132233 -1.6363635 0.52812499
4.4132233 -1.7355371 0.029999999
4.4132233 -1.7355371 0.12962499
4.4132233 -1.7355371 0.22925
4.4132233 -1.7355371 0.32887501
4.4132233 -1.7355371 0.4285
4.4132233 -1.8347106 0.4285
4.4132233 -1.8347106 0.52812499
4.4132233 -1.8347106 0.62774998
4.5123968 3.322314 0.029999999
4.5123968 3.322314 0.12962499
4.5123968 3.322314 0.22925
4.5123968 3.322314 0.32887501
4.5123968 3.322314 0.4285
4.5123968 3.322314 0.52812499
4.5123968 3.322314 0.62774998
4.5123968 3.322314 0.72737497
4.5123968 3.322314 0.82699996
4.5123968 3.2231405 0.029999999
4.5123968 3.2231405 0.12962499
4.5123968 3.2231405 0.22925
4.5123968 3.2231405 0.32887501
4.5123968 3.2231405 0.4285
4.5123968 3.2231405 0.52812499
4.5123968 3.2231405 0.62774998
4.5123968 3.2231405 0.72737497
4.5123968 3.2231405 0.82699996
4.5123968 3.1239669 0.82699996
4.5123968 3.1239669 0.92662495
4.5123968 3.1239669 1.02625
4.5123968 2.8264463 0.4285
4.5123968 2.8264463 0.52812499
4.5123968 2.8264463 0.62774998
4.5123968 2.7272727 0.32887501
4.5123968 2.7272727 0.4285
4.5123968 2.7272727 0.62774998
4.5123968 2.7272727 0.72737497
4.5123968 2.6280992 0.32887501
4.5123968 2.6280992 0.4285
4.5123968 2.6280992 0.52812499
4.5123968 2.6280992 0.62774998
4.5123968 2.6280992 0.72737497
4.5123968 2.5289257 0.4285
4.5123968 2.5289257 0.52812499
4.5123968 2.5289257 0.62774998
4.5123968 -1.53719 0.029999999
4.5123968 -1.53719 0.12962499
4.5123968 -1.53719 0.22925
4.5123968 -1.53719 0.32887501
4.5123968 -1.53719 0.4285
4.5123968 -1.53719 0.52812499
4.5123968 -1.6363635 0.029999999
4.5123968 -1.6363635 0.52812499
4.5123968 -1.7355371 0.029999999
4.5123968 -1.7355371 0.12962499
4.5123968 -1.7355371 0.22925
4.5123968 -1.7355371 0.32887501
4.5123968 -1.7355371 0.4285
4.5123968 -1.7355371 0.52812499
4.5123968 -1.7355371 0.62774998
4.5123968 -1.8347106 0.4285
4.5123968 -1.8347106 0.72737497
4.5123968 -1.9338841 0.4285
4.5123968 -1.9338841 0.52812499
4.5123968 -1.9338841 0.62774998
4.5123968 -1.9338841 0.72737497
4.5123968 -2.0330582 0.4285
4.5123968 -2.0330582 0.52812499
4.5123968 -2.0330582 0.62774998
4.6115704 4.1157026 0.029999999
4.6115704 4.1157026 0.12962499
4.6115704 4.1157026 0.22925
4.6115704 4.1157026 0.32887501
4.6115704 4.1157026 0.4285
4.6115704 4.1157026 0.52812499
4.6115704 4.1157026 0.62774998
4.6115704 4.1157026 0.72737497
4.6115704 4.1157026 0.82699996
4.6115704 4.1157026 0.92662495
4.6115704 4.0165291 0.029999999
4.6115704 4.0165291 0.12962499
4.6115704 4.0165291 0.22925
4.6115704 4.0165291 0.32887501
4.6115704 4.0165291 0.4285
4.6115704 4.0165291 0.52812499
4.6115704 4.0165291 0.62774998
4.6115704 4.0165291 0.72737497
4.6115704 4.0165291 0.82699996
4.6115704 4.0165291 0.92662495
4.6115704 3.9173553 0.029999999
4.6115704 3.9173553 0.12962499
4.6115704 3.9173553 0.22925
4.6115704 3.9173553 0.32887501
4.6115704 3.9173553 0.4285
4.6115704 3.9173553 0.52812499
4.6115704 3.9173553 0.62774998
4.6115704 3.9173553 0.72737497
4.6115704 3.9173553 0.82699996
4.6115704 3.9173553 0.92662495
4.6115704 3.5206611 0.82699996
4.6115704 3.5206611 0.92662495
4.6115704 3.5206611 1.02625
4.6115704 3.4214876 0.82699996
4.6115704 3.4214876 0.92662495
4.6115704 3.4214876 1.02625
4.6115704 3.322314 0.82699996
4.6115704 3.322314 0.92662495
4.6115704 3.322314 1.02625
4.6115704 3.2231405 0.72737497
4.6115704 3.2231405 0.82699996
4.6115704 3.2231405 0.92662495
4.6115704 3.2231405 1.02625
4.6115704 3.1239669 0.72737497
4.6115704 3.1239669 0.82699996
4.6115704 3.1239669 0.92662495
4.6115704 3.1239669 1.02625
4.6115704 3.0247934 0.72737497
4.6115704 3.0247934 0.82699996
4.6115704 3.0247934 0.92662495
4.6115704 3.0247934 1.02625
4.6115704 2.7272727 0.4285
4.6115704 2.7272727 0.52812499
4.6115704 2.7272727 0.62774998
4.6115704 1.53719 0.52812499
4.6115704 1.53719 0.62774998
4.6115704 1.53719 0.72737497
4.6115704 1.4380164 0.52812499
4.6115704 1.4380164 0.62774998
4.6115704 1.4380164 0.72737497
4.6115704 -1.53719 0.029999999
4.6115704 -1.53719 0.12962499
4.6115704 -1.53719 0.22925
4.6115704 -1.53719 0.32887501
4.6115704 -1.53719 0.4285
4.6115704 -1.53719 0.52812499
4.6115704 -1.6363635 0.029999999
4.6115704 -1.6363635 0.12962499
4.6115704 -1.6363635 0.22925
4.6115704 -1.6363635 0.32887501
4.6115704 -1.6363635 0.4285
4.6115704 -1.6363635 0.52812499
4.6115704 -1.7355371 0.029999999
4.6115704 -1.7355371 0.12962499
4.6115704 -1.7355371 0.22925
4.6115704 -1.7355371 0.32887501
4.6115704 -1.7355371 0.4285
4.6115704 -1.7355371 0.52812499
4.6115704 -1.7355371 0.62774998
4.6115704 -1.7355371 0.72737497
4.6115704 -1.8347106 0.4285
4.6115704 -1.8347106 0.72737497
4.6115704 -1.9338841 0.4285
4.6115704 -1.9338841 0.72737497
4.6115704 -2.0330582 0.4285
4.6115704 -2.0330582 0.52812499
4.6115704 -2.0330582 0.62774998
4.7107439 4.2148762 0.029999999
4.7107439 4.2148762 0.12962499
4.7107439 4.2148762 0.22925
4.7107439 4.2148762 0.32887501
4.7107439 4.2148762 0.4285
4.7107439 4.2148762 0.52812499
4.7107439 4.2148762 0.62774998
4.7107439 4.2148762 0.72737497
4.7107439 4.2148762 0.82699996
4.7107439 4.2148762 0.92662495
4.7107439 4.1157026 0.029999999
4.7107439 4.1157026 0.92662495
4.7107439 4.0165291 0.029999999
4.7107439 4.0165291 0.92662495
4.7107439 3.9173553 0.029999999
4.7107439 3.9173553 0.12962499
4.7107439 3.9173553 0.22925
4.7107439 3.9173553 0.32887501
4.7107439 3.9173553 0.4285
4.7107439 3.9173553 0.52812499
4.7107439 3.9173553 0.62774998
4.7107439 3.9173553 0.72737497
4.7107439 3.9173553 0.82699996
4.7107439 3.9173553 0.92662495
4.7107439 3.8181818 0.82699996
4.7107439 3.8181818 0.92662495
4.7107439 3.8181818 1.02625
4.7107439 3.7190082 0.82699996
4.7107439 3.7190082 0.92662495
4.7107439 3.7190082 1.02625
4.7107439 3.6198347 0.72737497
4.7107439 3.6198347 0.82699996
4.7107439 3.6198347 0.92662495
4.7107439 3.6198347 1.02625
4.7107439 3.5206611 0.72737497
4.7107439 3.5206611 0.82699996
4.7107439 3.5206611 0.92662495
4.7107439 3.5206611 1.02625
4.7107439 3.4214876 0.72737497
4.7107439 3.4214876 1.02625
4.7107439 3.322314 0.72737497
4.7107439 3.322314 1.02625
4.7107439 3.2231405 0.72737497
4.7107439 3.2231405 1.02625
4.7107439 3.1239669 0.72737497
4.7107439 3.1239669 1.02625
4.7107439 3.0247934 0.72737497
4.7107439 3.0247934 0.82699996
4.7107439 3.0247934 0.92662495
4.7107439 3.0247934 1.02625
4.7107439 1.6363635 0.52812499
4.7107439 1.6363635 0.62774998
4.7107439 1.6363635 0.72737497
4.7107439 1.53719 0.4285
4.7107439 1.53719 0.52812499
4.7107439 1.53719 0.62774998
4.7107439 1.53719 0.72737497
4.7107439 1.53719 0.82699996
4.7107439 1.4380164 0.4285
4.7107439 1.4380164 0.52812499
4.7107439 1.4380164 0.62774998
4.7107439 1.4380164 0.72737497
4.7107439 1.4380164 0.82699996
4.7107439 1.3388429 0.52812499
4.7107439 1.3388429 0.62774998
4.7107439 1.3388429 0.72737497
4.7107439 -1.53719 0.029999999
4.7107439 -1.53719 0.12962499
4.7107439 -1.53719 0.22925
4.7107439 -1.53719 0.32887501
4.7107439 -1.53719 0.4285
4.7107439 -1.6363635 0.029999999
4.7107439 -1.6363635 0.12962499
4.7107439 -1.6363635 0.22925
4.7107439 -1.6363635 0.32887501
4.7107439 -1.6363635 0.4285
4.7107439 -1.6363635 0.52812499
4.7107439 -1.6363635 0.62774998
4.7107439 -1.7355371 0.4285
4.7107439 -1.7355371 0.72737497
4.7107439 -1.8347106 0.4285
4.7107439 -1.8347106 0.72737497
4.7107439 -1.9338841 0.4285
4.7107439 -1.9338841 0.52812499
4.7107439 -1.9338841 0.62774998
4.7107439 -1.9338841 0.72737497
4.7107439 -2.0330582 0.4285
4.7107439 -2.0330582 0.52812499
4.7107439 -2.0330582 0.62774998
4.8099174 4.2148762 0.029999999
4.8099174 4.2148762 0.12962499
4.8099174 4.2148762 0.22925
4.8099174 4.2148762 0.32887501
4.8099174 4.2148762 0.4285
4.8099174 4.2148762 0.52812499
4.8099174 4.2148762 0.62774998
4.8099174 4.2148762 0.72737497
4.8099174 4.2148762 0.82699996
4.8099174 4.2148762 0.92662495
4.8099174 4.2148762 1.02625
4.8099174 4.1157026 0.029999999
4.8099174 4.1157026 0.82699996
4.8099174 4.1157026 0.92662495
4.8099174 4.1157026 1.02625
4.8099174 4.0165291 0.029999999
4.8099174 4.0165291 0.72737497
4.8099174 4.0165291 0.82699996
4.8099174 4.0165291 0.92662495
4.8099174 4.0165291 1.02625
4.8099174 3.9173553 0.029999999
4.8099174 3.9173553 0.12962499
4.8099174 3.9173553 0.22925
4.8099174 3.9173553 0.32887501
4.8099174 3.9173553 0.4285
4.8099174 3.9173553 0.52812499
4.8099174 3.9173553 0.62774998
4.8099174 3.9173553 0.72737497
4.8099174 3.9173553 0.82699996
4.8099174 3.9173553 0.92662495
4.8099174 3.9173553 1.02625
4.8099174 3.8181818 0.72737497
4.8099174 3.8181818 1.02625
4.8099174 3.7190082 0.72737497
4.8099174 3.7190082 1.02625
4.8099174 3.6198347 0.72737497
4.8099174 3.6198347 1.02625
4.8099174 3.5206611 0.72737497
4.8099174 3.5206611 1.02625
4.8099174 3.4214876 0.72737497
4.8099174 3.4214876 1.02625
4.8099174 3.322314 0.72737497
4.8099174 3.322314 1.02625
4.8099174 3.2231405 0.72737497
4.8099174 3.2231405 1.02625
4.8099174 3.1239669 0.72737497
4.8099174 3.1239669 1.02625
4.8099174 3.0247934 0.72737497
4.8099174 3.0247934 0.82699996
4.8099174 3.0247934 0.92662495
4.8099174 3.0247934 1.02625
4.8099174 2.9256198 0.82699996
4.8099174 2.9256198 0.92662495
4.8099174 2.9256198 1.02625
4.8099174 1.6363635 0.4285
4.8099174 1.6363635 0.52812499
4.8099174 1.6363635 0.62774998
4.8099174 1.6363635 0.72737497
4.8099174 1.6363635 0.82699996
4.8099174 1.53719 0.4285
4.8099174 1.53719 0.52812499
4.8099174 1.53719 0.72737497
4.8099174 1.53719 0.82699996
4.8099174 1.4380164 0.4285
4.8099174 1.4380164 0.52812499
4.8099174 1.4380164 0.72737497
4.8099174 1.4380164 0.82699996
4.8099174 1.3388429 0.4285
4.8099174 1.3388429 0.52812499
4.8099174 1.3388429 0.72737497
4.8099174 1.3388429 0.82699996
4.8099174 1.2396693 0.52812499
4.8099174 1.2396693 0.62774998
4.8099174 1.2396693 0.72737497
4.8099174 -1.6363635 0.4285
4.8099174 -1.6363635 0.52812499
4.8099174 -1.6363635 0.62774998
4.8099174 -1.6363635 0.72737497
4.8099174 -1.7355371 0.4285
4.8099174 -1.7355371 0.72737497
4.8099174 -1.8347106 0.4285
4.8099174 -1.8347106 0.72737497
4.8099174 -1.9338841 0.4285
4.8099174 -1.9338841 0.52812499
4.8099174 -1.9338841 0.62774998
4.909091 4.2148762 0.72737497
4.909091 4.2148762 0.82699996
4.909091 4.2148762 0.92662495
4.909091 4.2148762 1.02625
4.909091 4.1157026 0.029999999
4.909091 4.1157026 0.12962499
4.909091 4.1157026 0.22925
4.909091 4.1157026 0.32887501
4.909091 4.1157026 0.4285
4.909091 4.1157026 0.52812499
4.909091 4.1157026 0.62774998
4.909091 4.1157026 0.72737497
4.909091 4.1157026 0.82699996
4.909091 4.1157026 0.92662495
4.909091 4.1157026 1.02625
4.909091 4.0165291 0.029999999
4.909091 4.0165291 0.12962499
4.909091 4.0165291 0.22925
4.909091 4.0165291 0.32887501
4.909091 4.0165291 0.4285
4.909091 4.0165291 0.52812499
4.909091 4.0165291 0.62774998
4.909091 4.0165291 0.72737497
4.909091 4.0165291 0.82699996
4.909091 4.0165291 0.92662495
4.909091 4.0165291 1.02625
4.909091 3.9173553 0.029999999
4.909091 3.9173553 0.12962499
4.909091 3.9173553 0.22925
4.909091 3.9173553 0.32887501
4.909091 3.9173553 0.4285
4.909091 3.9173553 0.52812499
4.909091 3.9173553 0.62774998
4.909091 3.9173553 0.72737497
4.909091 3.9173553 0.82699996
4.909091 3.9173553 0.92662495
4.909091 3.9173553 1.02625
4.909091 3.8181818 0.72737497
4.909091 3.8181818 1.02625
4.909091 3.7190082 0.72737497
4.909091 3.7190082 1.02625
4.909091 3.6198347 0.72737497
4.909091 3.6198347 1.02625
4.909091 3.5206611 0.72737497
4.909091 3.5206611 1.02625
4.909091 3.4214876 0.72737497
4.909091 3.4214876 0.82699996
4.909091 3.4214876 0.92662495
4.909091 3.4214876 1.02625
4.909091 3.322314 0.72737497
4.909091 3.322314 0.82699996
4.909091 3.322314 0.92662495
4.909091 3.322314 1.02625
4.909091 3.2231405 0.82699996
4.909091 3.2231405 0.92662495
4.909091 3.2231405 1.02625
4.909091 3.1239669 0.82699996
4.909091 3.1239669 0.92662495
4.909091 3.1239669 1.02625
4.909091 1.7355371 0.4285
4.909091 1.7355371 0.52812499
4.909091 1.7355371 0.62774998
4.909091 1.7355371 0.72737497
4.909091 1.7355371 0.82699996
4.909091 1.6363635 0.4285
4.909091 1.6363635 0.52812499
4.909091 1.6363635 0.72737497
4.909091 1.6363635 0.82699996
4.909091 1.53719 0.4285
4.909091 1.53719 0.52812499
4.909091 1.53719 0.72737497
4.909091 1.53719 0.82699996
4.909091 1.4380164 0.4285
4.909091 1.4380164 0.52812499
4.909091 1.4380164 0.72737497
4.909091 1.4380164 0.82699996
4.909091 1.3388429 0.52812499
4.909091 1.3388429 0.62774998
4.909091 1.3388429 0.72737497
4.909091 -1.53719 0.4285
4.909091 -1.53719 0.52812499
4.909091 -1.53719 0.62774998
4.909091 -1.6363635 0.4285
4.909091 -1.6363635 0.72737497
4.909091 -1.7355371 0.4285
4.909091 -1.7355371 0.72737497
4.909091 -1.8347106 0.4285
4.909091 -1.8347106 0.52812499
4.909091 -1.8347106 0.62774998
4.909091 -1.8347106 0.72737497
4.909091 -1.9338841 0.4285
4.909091 -1.9338841 0.52812499
4.909091 -1.9338841 0.62774998
5.0082645 4.2148762 0.72737497
5.0082645 4.2148762 0.82699996
5.0082645 4.2148762 0.92662495
5.0082645 4.2148762 1.02625
5.0082645 4.1157026 0.72737497
5.0082645 4.1157026 1.02625
5.0082645 4.0165291 0.72737497
5.0082645 4.0165291 1.02625
5.0082645 3.9173553 0.72737497
5.0082645 3.9173553 1.02625
5.0082645 3.8181818 0.72737497
5.0082645 3.8181818 0.82699996
5.0082645 3.8181818 0.92662495
5.0082645 3.8181818 1.02625
5.0082645 3.7190082 0.72737497
5.0082645 3.7190082 0.82699996
5.0082645 3.7190082 0.92662495
5.0082645 3.7190082 1.02625
5.0082645 3.6198347 0.82699996
5.0082645 3.6198347 0.92662495
5.0082645 3.6198347 1.02625
5.0082645 3.5206611 0.82699996
5.0082645 3.5206611 0.92662495
5.0082645 3.5206611 1.02625
5.0082645 1.8347106 0.52812499
5.0082645 1.8347106 0.62774998
5.0082645 1.8347106 0.72737497
5.0082645 1.7355371 0.4285
5.0082645 1.7355371 0.52812499
5.0082645 1.7355371 0.72737497
5.0082645 1.7355371 0.82699996
5.0082645 1.6363635 0.4285
5.0082645 1.6363635 0.52812499
5.0082645 1.6363635 0.72737497
5.0082645 1.6363635 0.82699996
5.0082645 1.53719 0.4285
5.0082645 1.53719 0.52812499
5.0082645 1.53719 0.72737497
5.0082645 1.53719 0.82699996
5.0082645 1.4380164 0.52812499
5.0082645 1.4380164 0.62774998
5.0082645 1.4380164 0.72737497
5.0082645 -1.53719 0.4285
5.0082645 -1.53719 0.52812499
5.0082645 -1.53719 0.62774998
5.0082645 -1.53719 0.72737497
5.0082645 -1.6363635 0.4285
5.0082645 -1.6363635 0.72737497
5.0082645 -1.7355371 0.4285
5.0082645 -1.7355371 0.72737497
5.0082645 -1.8347106 0.4285
5.0082645 -1.8347106 0.52812499
5.0082645 -1.8347106 0.62774998
5.1074381 5.1074381 0.82699996
5.1074381 5.1074381 0.92662495
5.1074381 5.1074381 1.02625
5.1074381 5.1074381 1.125875
5.1074381 5.0082645 0.82699996
5.1074381 5.0082645 0.92662495
5.1074381 5.0082645 1.02625
5.1074381 5.0082645 1.125875
5.1074381 4.909091 0.82699996
5.1074381 4.909091 0.92662495
5.1074381 4.909091 1.02625
5.1074381 4.909091 1.125875
5.1074381 4.8099174 0.82699996
5.1074381 4.8099174 0.92662495
5.1074381 4.8099174 1.02625
5.1074381 4.2148762 0.82699996
5.1074381 4.2148762 0.92662495
5.1074381 4.2148762 1.02625
5.1074381 4.1157026 0.72737497
5.1074381 4.1157026 0.82699996
5.1074381 4.1157026 0.92662495
5.1074381 4.1157026 1.02625
5.1074381 4.0165291 0.82699996
5.1074381 4.0165291 0.92662495
5.1074381 4.0165291 1.02625
5.1074381 3.9173553 0.82699996
5.1074381 3.9173553 0.92662495
5.1074381 3.9173553 1.02625
5.1074381 3.8181818 0.82699996
5.1074381 3.8181818 0.92662495
5.1074381 3.8181818 1.02625
5.1074381 1.9338841 0.52812499
5.1074381 1.9338841 0.62774998
5.1074381 1.9338841 0.72737497
5.1074381 1.8347106 0.4285
5.1074381 1.8347106 0.52812499
5.1074381 1.8347106 0.72737497
5.1074381 1.8347106 0.82699996
5.1074381 1.7355371 0.4285
5.1074381 1.7355371 0.52812499
5.1074381 1.7355371 0.72737497
5.1074381 1.7355371 0.82699996
5.1074381 1.6363635 0.4285
5.1074381 1.6363635 0.52812499
5.1074381 1.6363635 0.72737497
5.1074381 1.6363635 0.82699996
5.1074381 1.53719 0.4285
5.1074381 1.53719 0.52812499
5.1074381 1.53719 0.62774998
5.1074381 1.53719 0.72737497
5.1074381 1.53719 0.82699996
5.1074381 -1.4380164 0.4285
5.1074381 -1.4380164 0.52812499
5.1074381 -1.4380164 0.62774998
5.1074381 -1.53719 0.4285
5.1074381 -1.53719 0.72737497
5.1074381 -1.6363635 0.4285
5.1074381 -1.6363635 0.72737497
5.1074381 -1.7355371 0.4285
5.1074381 -1.7355371 0.52812499
5.1074381 -1.7355371 0.62774998
5.1074381 -1.7355371 0.72737497
5.1074381 -1.8347106 0.4285
5.1074381 -1.8347106 0.52812499
5.1074381 -1.8347106 0.62774998
5.2066116 5.1074381 0.82699996
5.2066116 5.1074381 0.92662495
5.2066116 5.1074381 1.02625
5.2066116 5.1074381 1.125875
5.2066116 5.0082645 0.82699996
5.2066116 5.0082645 1.125875
5.2066116 4.909091 0.82699996
5.2066116 4.909091 1.125875
5.2066116 4.8099174 0.82699996
5.2066116 4.8099174 0.92662495
5.2066116 4.8099174 1.02625
5.2066116 1.8347106 0.52812499
5.2066116 1.8347106 0.62774998
5.2066116 1.8347106 0.72737497
5.2066116 1.7355371 0.4285
5.2066116 1.7355371 0.52812499
5.2066116 1.7355371 0.72737497
5.2066116 1.7355371 0.82699996
5.2066116 1.6363635 0.4285
5.2066116 1.6363635 0.52812499
5.2066116 1.6363635 0.62774998
5.2066116 1.6363635 0.72737497
5.2066116 1.6363635 0.82699996
5.2066116 -1.4380164 0.4285
5.2066116 -1.4380164 0.52812499
5.2066116 -1.4380164 0.62774998
5.2066116 -1.53719 0.029999999
5.2066116 -1.53719 0.12962499
5.2066116 -1.53719 0.22925
5.2066116 -1.53719 0.32887501
5.2066116 -1.53719 0.4285
5.2066116 -1.53719 0.52812499
5.2066116 -1.53719 0.62774998
5.2066116 -1.53719 0.72737497
5.2066116 -1.53719 0.82699996
5.2066116 -1.6363635 0.029999999
5.2066116 -1.6363635 0.12962499
5.2066116 -1.6363635 0.22925
5.2066116 -1.6363635 0.32887501
5.2066116 -1.6363635 0.4285
5.2066116 -1.6363635 0.52812499
5.2066116 -1.6363635 0.62774998
5.2066116 -1.6363635 0.72737497
5.2066116 -1.6363635 0.82699996
5.2066116 -1.7355371 0.029999999
5.2066116 -1.7355371 0.12962499
5.2066116 -1.7355371 0.22925
5.2066116 -1.7355371 0.32887501
5.2066116 -1.7355371 0.4285
5.2066116 -1.7355371 0.52812499
5.2066116 -1.7355371 0.62774998
5.2066116 -1.7355371 0.72737497
5.2066116 -1.7355371 0.82699996
5.2066116 -1.8347106 0.029999999
5.2066116 -1.8347106 0.12962499
5.2066116 -1.8347106 0.22925
5.2066116 -1.8347106 0.32887501
5.2066116 -1.8347106 0.4285
5.2066116 -1.8347106 0.52812499
5.2066116 -1.8347106 0.62774998
5.2066116 -1.8347106 0.72737497
5.2066116 -4.2148762 0.52812499
5.2066116 -4.2148762 0.62774998
5.2066116 -4.2148762 0.72737497
5.2066116 -4.3140497 0.4285
5.2066116 -4.3140497 0.52812499
5.2066116 -4.3140497 0.62774998
5.2066116 -4.3140497 0.72737497
5.2066116 -4.6115704 0.52812499
5.2066116 -4.6115704 0.62774998
5.2066116 -4.6115704 0.72737497
5.2066116 -4.6115704 0.82699996
5.2066116 -4.7107439 0.62774998
5.2066116 -4.7107439 0.72737497
5.2066116 -4.7107439 0.82699996
5.3057852 5.1074381 0.82699996
5.3057852 5.1074381 0.92662495
5.3057852 5.1074381 1.02625
5.3057852 5.1074381 1.125875
5.3057852 5.0082645 0.82699996
5.3057852 5.0082645 1.125875
5.3057852 4.909091 0.82699996
5.3057852 4.909091 1.125875
5.3057852 4.8099174 0.82699996
5.3057852 4.8099174 0.92662495
5.3057852 4.8099174 1.02625
5.3057852 1.7355371 0.52812499
5.3057852 1.7355371 0.62774998
5.3057852 1.7355371 0.72737497
5.3057852 1.6363635 0.52812499
5.3057852 1.6363635 0.62774998
5.3057852 1.6363635 0.72737497
5.3057852 -1.53719 0.029999999
5.3057852 -1.53719 0.12962499
5.3057852 -1.53719 0.22925
5.3057852 -1.53719 0.32887501
5.3057852 -1.53719 0.4285
5.3057852 -1.53719 0.52812499
5.3057852 -1.53719 0.62774998
5.3057852 -1.53719 0.72737497
5.3057852 -1.53719 0.82699996
5.3057852 -1.6363635 0.029999999
5.3057852 -1.6363635 0.4285
5.3057852 -1.6363635 0.52812499
5.3057852 -1.6363635 0.62774998
5.3057852 -1.6363635 0.82699996
5.3057852 -1.7355371 0.029999999
5.3057852 -1.7355371 0.12962499
5.3057852 -1.7355371 0.22925
5.3057852 -1.7355371 0.32887501
5.3057852 -1.7355371 0.4285
5.3057852 -1.7355371 0.52812499
5.3057852 -1.7355371 0.62774998
5.3057852 -1.7355371 0.72737497
5.3057852 -1.7355371 0.82699996
5.3057852 -1.8347106 0.029999999
5.3057852 -1.8347106 0.12962499
5.3057852 -1.8347106 0.22925
5.3057852 -1.8347106 0.32887501
5.3057852 -1.8347106 0.4285
5.3057852 -1.8347106 0.52812499
5.3057852 -1.8347106 0.62774998
5.3057852 -1.8347106 0.72737497
5.3057852 -4.1157026 0.52812499
5.3057852 -4.1157026 0.62774998
5.3057852 -4.1157026 0.72737497
5.3057852 -4.2148762 0.4285
5.3057852 -4.2148762 0.72737497
5.3057852 -4.3140497 0.4285
5.3057852 -4.3140497 0.72737497
5.3057852 -4.4132233 0.4285
5.3057852 -4.4132233 0.52812499
5.3057852 -4.4132233 0.62774998
5.3057852 -4.4132233 0.72737497
5.3057852 -4.4132233 0.82699996
5.3057852 -4.5123968 0.52812499
5.3057852 -4.5123968 0.62774998
5.3057852 -4.5123968 0.72737497
5.3057852 -4.5123968 0.82699996
5.3057852 -4.6115704 0.52812499
5.3057852 -4.6115704 0.82699996
5.3057852 -4.7107439 0.52812499
5.3057852 -4.7107439 0.62774998
5.3057852 -4.7107439 0.72737497
5.3057852 -4.7107439 0.82699996
5.3057852 -4.8099174 0.62774998
5.3057852 -4.8099174 0.72737497
5.3057852 -4.8099174 0.82699996
5.4049587 5.2066116 0.82699996
5.4049587 5.2066116 0.92662495
5.4049587 5.2066116 1.02625
5.4049587 5.1074381 0.82699996
5.4049587 5.1074381 0.92662495
5.4049587 5.1074381 1.02625
5.4049587 5.1074381 1.125875
5.4049587 5.0082645 0.82699996
5.4049587 5.0082645 1.125875
5.4049587 4.909091 0.82699996
5.4049587 4.909091 1.125875
5.4049587 4.8099174 0.82699996
5.4049587 4.8099174 0.92662495
5.4049587 4.8099174 1.02625
5.4049587 -1.53719 0.029999999
5.4049587 -1.53719 0.12962499
5.4049587 -1.53719 0.22925
5.4049587 -1.53719 0.32887501
5.4049587 -1.53719 0.4285
5.4049587 -1.53719 0.52812499
5.4049587 -1.53719 0.62774998
5.4049587 -1.53719 0.72737497
5.4049587 -1.53719 0.82699996
5.4049587 -1.6363635 0.029999999
5.4049587 -1.6363635 0.82699996
5.4049587 -1.7355371 0.029999999
5.4049587 -1.7355371 0.12962499
5.4049587 -1.7355371 0.22925
5.4049587 -1.7355371 0.32887501
5.4049587 -1.7355371 0.4285
5.4049587 -1.7355371 0.52812499
5.4049587 -1.7355371 0.62774998
5.4049587 -1.7355371 0.72737497
5.4049587 -1.7355371 0.82699996
5.4049587 -1.8347106 0.029999999
5.4049587 -1.8347106 0.12962499
5.4049587 -1.8347106 0.22925
5.4049587 -1.8347106 0.32887501
5.4049587 -1.8347106 0.4285
5.4049587 -1.8347106 0.52812499
5.4049587 -1.8347106 0.62774998
5.4049587 -1.8347106 0.72737497
5.4049587 -4.0165291 0.52812499
5.4049587 -4.0165291 0.62774998
5.4049587 -4.0165291 0.72737497
5.4049587 -4.1157026 0.4285
5.4049587 -4.1157026 0.72737497
5.4049587 -4.2148762 0.4285
5.4049587 -4.2148762 0.72737497
5.4049587 -4.3140497 0.4285
5.4049587 -4.3140497 0.62774998
5.4049587 -4.3140497 0.72737497
5.4049587 -4.3140497 0.82699996
5.4049587 -4.4132233 0.4285
5.4049587 -4.4132233 0.52812499
5.4049587 -4.4132233 0.62774998
5.4049587 -4.4132233 0.72737497
5.4049587 -4.4132233 0.82699996
5.4049587 -4.5123968 0.52812499
5.4049587 -4.5123968 0.62774998
5.4049587 -4.5123968 0.72737497
5.4049587 -4.5123968 0.82699996
5.4049587 -4.6115704 0.52812499
5.4049587 -4.6115704 0.82699996
5.4049587 -4.7107439 0.52812499
5.4049587 -4.7107439 0.82699996
5.4049587 -4.8099174 0.52812499
5.4049587 -4.8099174 0.62774998
5.4049587 -4.8099174 0.72737497
5.4049587 -4.8099174 0.82699996
5.5041323 5.2066116 0.82699996
5.5041323 5.2066116 0.92662495
5.5041323 5.2066116 1.02625
5.5041323 5.1074381 0.82699996
5.5041323 5.1074381 0.92662495
5.5041323 5.1074381 1.02625
5.5041323 5.1074381 1.125875
5.5041323 5.0082645 0.82699996
5.5041323 5.0082645 1.125875
5.5041323 4.909091 0.82699996
5.5041323 4.909091 0.92662495
5.5041323 4.909091 1.02625
5.5041323 4.909091 1.125875
5.5041323 4.8099174 0.82699996
5.5041323 4.8099174 0.92662495
5.5041323 4.8099174 1.02625
5.5041323 -1.53719 0.029999999
5.5041323 -1.53719 0.12962499
5.5041323 -1.53719 0.22925
5.5041323 -1.53719 0.32887501
5.5041323 -1.53719 0.4285
5.5041323 -1.53719 0.52812499
5.5041323 -1.53719 0.62774998
5.5041323 -1.53719 0.72737497
5.5041323 -1.6363635 0.029999999
5.5041323 -1.6363635 0.12962499
5.5041323 -1.6363635 0.22925
5.5041323 -1.6363635 0.32887501
5.5041323 -1.6363635 0.4285
5.5041323 -1.6363635 0.52812499
5.5041323 -1.6363635 0.62774998
5.5041323 -1.6363635 0.72737497
5.5041323 -1.7355371 0.029999999
5.5041323 -1.7355371 0.12962499
5.5041323 -1.7355371 0.22925
5.5041323 -1.7355371 0.32887501
5.5041323 -1.7355371 0.4285
5.5041323 -1.7355371 0.52812499
5.5041323 -1.7355371 0.62774998
5.5041323 -1.7355371 0.72737497
5.5041323 -2.1322317 0.029999999
5.5041323 -2.1322317 0.12962499
5.5041323 -2.1322317 0.22925
5.5041323 -2.1322317 0.32887501
5.5041323 -2.1322317 0.4285
5.5041323 -2.1322317 0.52812499
5.5041323 -2.2314053 0.029999999
5.5041323 -2.2314053 0.12962499
5.5041323 -2.2314053 0.22925
5.5041323 -2.2314053 0.32887501
5.5041323 -2.2314053 0.4285
5.5041323 -2.2314053 0.52812499
5.5041323 -2.3305788 0.029999999
5.5041323 -2.3305788 0.12962499
5.5041323 -2.3305788 0.22925
5.5041323 -2.3305788 0.32887501
5.5041323 -2.3305788 0.4285
5.5041323 -2.3305788 0.52812499
5.5041323 -3.9173555 0.52812499
5.5041323 -3.9173555 0.62774998
5.5041323 -3.9173555 0.72737497
5.5041323 -4.0165291 0.4285
5.5041323 -4.0165291 0.72737497
5.5041323 -4.1157026 0.4285
5.5041323 -4.1157026 0.72737497
5.5041323 -4.2148762 0.4285
5.5041323 -4.2148762 0.62774998
5.5041323 -4.2148762 0.72737497
5.5041323 -4.2148762 0.82699996
5.5041323 -4.3140497 0.4285
5.5041323 -4.3140497 0.52812499
5.5041323 -4.3140497 0.62774998
5.5041323 -4.3140497 0.72737497
5.5041323 -4.3140497 0.82699996
5.5041323 -4.4132233 0.52812499
5.5041323 -4.4132233 0.62774998
5.5041323 -4.4132233 0.72737497
5.5041323 -4.4132233 0.82699996
5.5041323 -4.5123968 0.52812499
5.5041323 -4.5123968 0.82699996
5.5041323 -4.6115704 0.52812499
5.5041323 -4.6115704 0.82699996
5.5041323 -4.7107439 0.62774998
5.5041323 -4.7107439 0.72737497
5.5041323 -4.7107439 0.82699996
5.6033058 5.2066116 0.82699996
5.6033058 5.2066116 0.92662495
5.6033058 5.2066116 1.02625
5.6033058 5.1074381 0.82699996
5.6033058 5.1074381 1.125875
5.6033058 5.0082645 0.82699996
5.6033058 5.0082645 1.125875
5.6033058 4.909091 0.82699996
5.6033058 4.909091 0.92662495
5.6033058 4.909091 1.02625
5.6033058 4.909091 1.125875
5.6033058 -0.84297514 0.029999999
5.6033058 -0.84297514 0.12962499
5.6033058 -0.84297514 0.22925
5.6033058 -0.84297514 0.32887501
5.6033058 -0.84297514 0.4285
5.6033058 -0.84297514 0.52812499
5.6033058 -0.84297514 0.62774998
5.6033058 -0.84297514 0.72737497
5.6033058 -0.94214869 0.029999999
5.6033058 -0.94214869 0.12962499
5.6033058 -0.94214869 0.22925
5.6033058 -0.94214869 0.32887501
5.6033058 -0.94214869 0.4285
5.6033058 -0.94214869 0.52812499
5.6033058 -0.94214869 0.62774998
5.6033058 -0.94214869 0.72737497
5.6033058 -1.0413222 0.029999999
5.6033058 -1.0413222 0.12962499
5.6033058 -1.0413222 0.22925
5.6033058 -1.0413222 0.32887501
5.6033058 -1.0413222 0.4285
5.6033058 -1.0413222 0.52812499
5.6033058 -1.0413222 0.62774998
5.6033058 -1.0413222 0.72737497
5.6033058 -2.1322317 0.029999999
5.6033058 -2.1322317 0.12962499
5.6033058 -2.1322317 0.22925
5.6033058 -2.1322317 0.32887501
5.6033058 -2.1322317 0.4285
5.6033058 -2.1322317 0.52812499
5.6033058 -2.1322317 0.62774998
5.6033058 -2.2314053 0.029999999
5.6033058 -2.2314053 0.62774998
5.6033058 -2.3305788 0.029999999
5.6033058 -2.3305788 0.12962499
5.6033058 -2.3305788 0.22925
5.6033058 -2.3305788 0.32887501
5.6033058 -2.3305788 0.4285
5.6033058 -2.3305788 0.52812499
5.6033058 -2.3305788 0.62774998
5.6033058 -3.818182 0.4285
5.6033058 -3.818182 0.52812499
5.6033058 -3.818182 0.62774998
5.6033058 -3.818182 0.72737497
5.6033058 -3.9173555 0.4285
5.6033058 -3.9173555 0.72737497
5.6033058 -4.0165291 0.4285
5.6033058 -4.0165291 0.72737497
5.6033058 -4.1157026 0.4285
5.6033058 -4.1157026 0.62774998
5.6033058 -4.1157026 0.72737497
5.6033058 -4.1157026 0.82699996
5.6033058 -4.2148762 0.4285
5.6033058 -4.2148762 0.52812499
5.6033058 -4.2148762 0.62774998
5.6033058 -4.2148762 0.72737497
5.6033058 -4.2148762 0.82699996
5.6033058 -4.3140497 0.52812499
5.6033058 -4.3140497 0.62774998
5.6033058 -4.3140497 0.72737497
5.6033058 -4.3140497 0.82699996
5.6033058 -4.4132233 0.52812499
5.6033058 -4.4132233 0.82699996
5.6033058 -4.5123968 0.52812499
5.6033058 -4.5123968 0.82699996
5.6033058 -4.6115704 0.62774998
5.6033058 -4.6115704 0.72737497
5.6033058 -4.6115704 0.82699996
5.7024794 5.2066116 0.82699996
5.7024794 5.2066116 0.92662495
5.7024794 5.2066116 1.02625
5.7024794 5.1074381 0.82699996
5.7024794 5.1074381 1.125875
5.7024794 5.0082645 0.82699996
5.7024794 5.0082645 1.125875
5.7024794 4.909091 0.82699996
5.7024794 4.909091 0.92662495
5.7024794 4.909091 1.02625
5.7024794 4.909091 1.125875
5.7024794 -0.84297514 0.029999999
5.7024794 -0.84297514 0.12962499
5.7024794 -0.84297514 0.22925
5.7024794 -0.84297514 0.32887501
5.7024794 -0.84297514 0.4285
5.7024794 -0.84297514 0.52812499
5.7024794 -0.84297514 0.62774998
5.7024794 -0.84297514 0.72737497
5.7024794 -0.94214869 0.029999999
5.7024794 -0.94214869 0.72737497
5.7024794 -1.0413222 0.029999999
5.7024794 -1.0413222 0.12962499
5.7024794 -1.0413222 0.22925
5.7024794 -1.0413222 0.32887501
5.7024794 -1.0413222 0.4285
5.7024794 -1.0413222 0.52812499
5.7024794 -1.0413222 0.62774998
5.7024794 -1.0413222 0.72737497
5.7024794 -2.1322317 0.029999999
5.7024794 -2.1322317 0.12962499
5.7024794 -2.1322317 0.22925
5.7024794 -2.1322317 0.32887501
5.7024794 -2.1322317 0.4285
5.7024794 -2.1322317 0.52812499
5.7024794 -2.1322317 0.62774998
5.7024794 -2.2314053 0.029999999
5.7024794 -2.2314053 0.12962499
5.7024794 -2.2314053 0.22925
5.7024794 -2.2314053 0.32887501
5.7024794 -2.2314053 0.4285
5.7024794 -2.2314053 0.52812499
5.7024794 -2.2314053 0.62774998
5.7024794 -2.3305788 0.029999999
5.7024794 -2.3305788 0.12962499
5.7024794 -2.3305788 0.22925
5.7024794 -2.3305788 0.32887501
5.7024794 -2.3305788 0.4285
5.7024794 -2.3305788 0.52812499
5.7024794 -2.3305788 0.62774998
5.7024794 -2.727273 0.029999999
5.7024794 -2.727273 0.12962499
5.7024794 -2.727273 0.22925
5.7024794 -2.727273 0.32887501
5.7024794 -2.727273 0.4285
5.7024794 -2.8264465 0.029999999
5.7024794 -2.8264465 0.12962499
5.7024794 -2.8264465 0.22925
5.7024794 -2.8264465 0.32887501
5.7024794 -2.8264465 0.4285
5.7024794 -3.7190084 0.4285
5.7024794 -3.7190084 0.52812499
5.7024794 -3.7190084 0.62774998
5.7024794 -3.7190084 0.72737497
5.7024794 -3.818182 0.4285
5.7024794 -3.818182 0.72737497
5.7024794 -3.9173555 0.4285
5.7024794 -3.9173555 0.72737497
5.7024794 -4.0165291 0.4285
5.7024794 -4.0165291 0.62774998
5.7024794 -4.0165291 0.72737497
5.7024794 -4.0165291 0.82699996
5.7024794 -4.1157026 0.4285
5.7024794 -4.1157026 0.52812499
5.7024794 -4.1157026 0.62774998
5.7024794 -4.1157026 0.72737497
5.7024794 -4.1157026 0.82699996
5.7024794 -4.2148762 0.52812499
5.7024794 -4.2148762 0.82699996
5.7024794 -4.3140497 0.52812499
5.7024794 -4.3140497 0.82699996
5.7024794 -4.4132233 0.52812499
5.7024794 -4.4132233 0.82699996
5.7024794 -4.5123968 0.62774998
5.7024794 -4.5123968 0.72737497
5.7024794 -4.5123968 0.82699996
5.8016529 5.2066116 0.82699996
5.8016529 5.2066116 0.92662495
5.8016529 5.2066116 1.02625
5.8016529 5.1074381 0.82699996
5.8016529 5.1074381 1.125875
5.8016529 5.0082645 0.82699996
5.8016529 5.0082645 1.125875
5.8016529 4.909091 0.82699996
5.8016529 4.909091 0.92662495
5.8016529 4.909091 1.02625
5.8016529 4.909091 1.125875
5.8016529 -0.84297514 0.029999999
5.8016529 -0.84297514 0.12962499
5.8016529 -0.84297514 0.22925
5.8016529 -0.84297514 0.32887501
5.8016529 -0.84297514 0.4285
5.8016529 -0.84297514 0.52812499
5.8016529 -0.84297514 0.62774998
5.8016529 -0.84297514 0.72737497
5.8016529 -0.94214869 0.029999999
5.8016529 -0.94214869 0.12962499
5.8016529 -0.94214869 0.22925
5.8016529 -0.94214869 0.32887501
5.8016529 -0.94214869 0.4285
5.8016529 -0.94214869 0.52812499
5.8016529 -0.94214869 0.62774998
5.8016529 -0.94214869 0.72737497
5.8016529 -1.0413222 0.029999999
5.8016529 -1.0413222 0.12962499
5.8016529 -1.0413222 0.22925
5.8016529 -1.0413222 0.32887501
5.8016529 -1.0413222 0.4285
5.8016529 -1.0413222 0.52812499
5.8016529 -1.0413222 0.62774998
5.8016529 -1.0413222 0.72737497
5.8016529 -2.727273 0.029999999
5.8016529 -2.727273 0.12962499
5.8016529 -2.727273 0.22925
5.8016529 -2.727273 0.32887501
5.8016529 -2.727273 0.4285
5.8016529 -2.727273 0.52812499
5.8016529 -2.8264465 0.029999999
5.8016529 -2.8264465 0.52812499
5.8016529 -2.9256201 0.029999999
5.8016529 -2.9256201 0.12962499
5.8016529 -2.9256201 0.22925
5.8016529 -2.9256201 0.32887501
5.8016529 -2.9256201 0.4285
5.8016529 -3.7190084 0.52812499
5.8016529 -3.7190084 0.62774998
5.8016529 -3.7190084 0.72737497
5.8016529 -3.818182 0.4285
5.8016529 -3.818182 0.72737497
5.8016529 -3.9173555 0.4285
5.8016529 -3.9173555 0.62774998
5.8016529 -3.9173555 0.72737497
5.8016529 -3.9173555 0.82699996
5.8016529 -4.0165291 0.4285
5.8016529 -4.0165291 0.52812499
5.8016529 -4.0165291 0.62774998
5.8016529 -4.0165291 0.72737497
5.8016529 -4.0165291 0.82699996
5.8016529 -4.1157026 0.52812499
5.8016529 -4.1157026 0.82699996
5.8016529 -4.2148762 0.52812499
5.8016529 -4.2148762 0.82699996
5.8016529 -4.3140497 0.52812499
5.8016529 -4.3140497 0.62774998
5.8016529 -4.3140497 0.72737497
5.8016529 -4.3140497 0.82699996
5.8016529 -4.4132233 0.62774998
5.8016529 -4.4132233 0.72737497
5.8016529 -4.4132233 0.82699996
5.9008265 5.2066116 0.82699996
5.9008265 5.2066116 0.92662495
5.9008265 5.2066116 1.02625
5.9008265 5.1074381 0.82699996
5.9008265 5.1074381 0.92662495
5.9008265 5.1074381 1.02625
5.9008265 5.1074381 1.125875
5.9008265 5.0082645 0.82699996
5.9008265 5.0082645 0.92662495
5.9008265 5.0082645 1.02625
5.9008265 5.0082645 1.125875
5.9008265 4.909091 0.82699996
5.9008265 4.909091 0.92662495
5.9008265 4.909091 1.02625
5.9008265 4.909091 1.125875
5.9008265 -0.84297514 0.029999999
5.9008265 -0.84297514 0.12962499
5.9008265 -0.84297514 0.22925
5.9008265 -0.84297514 0.32887501
5.9008265 -0.84297514 0.4285
5.9008265 -0.84297514 0.52812499
5.9008265 -0.84297514 0.62774998
5.9008265 -0.84297514 0.72737497
5.9008265 -0.94214869 0.029999999
5.9008265 -0.94214869 0.12962499
5.9008265 -0.94214869 0.22925
5.9008265 -0.94214869 0.32887501
5.9008265 -0.94214869 0.4285
5.9008265 -0.94214869 0.52812499
5.9008265 -0.94214869 0.62774998
5.9008265 -0.94214869 0.72737497
5.9008265 -2.727273 0.029999999
5.9008265 -2.727273 0.12962499
5.9008265 -2.727273 0.22925
5.9008265 -2.727273 0.32887501
5.9008265 -2.727273 0.4285
5.9008265 -2.727273 0.52812499
5.9008265 -2.8264465 0.029999999
5.9008265 -2.8264465 0.12962499
5.9008265 -2.8264465 0.22925
5.9008265 -2.8264465 0.32887501
5.9008265 -2.8264465 0.4285
5.9008265 -2.8264465 0.52812499
5.9008265 -2.9256201 0.029999999
5.9008265 -2.9256201 0.12962499
5.9008265 -2.9256201 0.22925
5.9008265 -2.9256201 0.32887501
5.9008265 -2.9256201 0.4285
5.9008265 -3.818182 0.52812499
5.9008265 -3.818182 0.62774998
5.9008265 -3.818182 0.72737497
5.9008265 -3.9173555 0.4285
5.9008265 -3.9173555 0.52812499
5.9008265 -3.9173555 0.62774998
5.9008265 -3.9173555 0.72737497
5.9008265 -3.9173555 0.82699996
5.9008265 -4.0165291 0.52812499
5.9008265 -4.0165291 0.82699996
5.9008265 -4.1157026 0.52812499
5.9008265 -4.1157026 0.82699996
5.9008265 -4.2148762 0.52812499
5.9008265 -4.2148762 0.62774998
5.9008265 -4.2148762 0.72737497
5.9008265 -4.2148762 0.82699996
5.9008265 -4.3140497 0.62774998
5.9008265 -4.3140497 0.72737497
5.9008265 -4.3140497 0.82699996
