# .PCD v0.7 - Point Cloud Data file format
VERSION 0.7
FIELDS x y z
SIZE 4 4 4
TYPE F F F
COUNT 1 1 1
WIDTH 24002
HEIGHT 1
VIEWPOINT 0 0 0 1 0 0 0
POINTS 24002
DATA ascii
-15.1 14.9 0
-15.1 -15.1 0
-15.1 14.9 0.1
-15.1 -15.1 0.1
-15.1 14.9 0.2
-15.1 -15.1 0.2
-15.1 14.9 0.30000001
-15.1 -15.1 0.30000001
-15.1 14.9 0.40000001
-15.1 -15.1 0.40000001
-15.1 14.9 0.5
-15.1 -15.1 0.5
-15.1 14.9 0.60000002
-15.1 -15.1 0.60000002
-15.1 14.9 0.69999999
-15.1 -15.1 0.69999999
-15.1 14.9 0.80000001
-15.1 -15.1 0.80000001
-15.1 14.9 0.89999998
-15.1 -15.1 0.89999998
-15.1 15 0
-15.1 -15 0
-15.1 15 0.1
-15.1 -15 0.1
-15.1 15 0.2
-15.1 -15 0.2
-15.1 15 0.30000001
-15.1 -15 0.30000001
-15.1 15 0.40000001
-15.1 -15 0.40000001
-15.1 15 0.5
-15.1 -15 0.5
-15.1 15 0.60000002
-15.1 -15 0.60000002
-15.1 15 0.69999999
-15.1 -15 0.69999999
-15.1 15 0.80000001
-15.1 -15 0.80000001
-15.1 15 0.89999998
-15.1 -15 0.89999998
-15 14.9 0
-15 -15.1 0
-15 14.9 0.1
-15 -15.1 0.1
-15 14.9 0.2
-15 -15.1 0.2
-15 14.9 0.30000001
-15 -15.1 0.30000001
-15 14.9 0.40000001
-15 -15.1 0.40000001
-15 14.9 0.5
-15 -15.1 0.5
-15 14.9 0.60000002
-15 -15.1 0.60000002
-15 14.9 0.69999999
-15 -15.1 0.69999999
-15 14.9 0.80000001
-15 -15.1 0.80000001
-15 14.9 0.89999998
-15 -15.1 0.89999998
-15 15 0
-15 -15 0
-15 15 0.1
-15 -15 0.1
-15 15 0.2
-15 -15 0.2
-15 15 0.30000001
-15 -15 0.30000001
-15 15 0.40000001
-15 -15 0.40000001
-15 15 0.5
-15 -15 0.5
-15 15 0.60000002
-15 -15 0.60000002
-15 15 0.69999999
-15 -15 0.69999999
-15 15 0.80000001
-15 -15 0.80000001
-15 15 0.89999998
-15 -15 0.89999998
-14.9 14.9 0
-14.9 -15.1 0
-14.9 14.9 0.1
-14.9 -15.1 0.1
-14.9 14.9 0.2
-14.9 -15.1 0.2
-14.9 14.9 0.30000001
-14.9 -15.1 0.30000001
-14.9 14.9 0.40000001
-14.9 -15.1 0.40000001
-14.9 14.9 0.5
-14.9 -15.1 0.5
-14.9 14.9 0.60000002
-14.9 -15.1 0.60000002
-14.9 14.9 0.69999999
-14.9 -15.1 0.69999999
-14.9 14.9 0.80000001
-14.9 -15.1 0.80000001
-14.9 14.9 0.89999998
-14.9 -15.1 0.89999998
-14.9 15 0
-14.9 -15 0
-14.9 15 0.1
-14.9 -15 0.1
-14.9 15 0.2
-14.9 -15 0.2
-14.9 15 0.30000001
-14.9 -15 0.30000001
-14.9 15 0.40000001
-14.9 -15 0.40000001
-14.9 15 0.5
-14.9 -15 0.5
-14.9 15 0.60000002
-14.9 -15 0.60000002
-14.9 15 0.69999999
-14.9 -15 0.69999999
-14.9 15 0.80000001
-14.9 -15 0.80000001
-14.9 15 0.89999998
-14.9 -15 0.89999998
-14.8 14.9 0
-14.8 -15.1 0
-14.8 14.9 0.1
-14.8 -15.1 0.1
-14.8 14.9 0.2
-14.8 -15.1 0.2
-14.8 14.9 0.30000001
-14.8 -15.1 0.30000001
-14.8 14.9 0.40000001
-14.8 -15.1 0.40000001
-14.8 14.9 0.5
-14.8 -15.1 0.5
-14.8 14.9 0.60000002
-14.8 -15.1 0.60000002
-14.8 14.9 0.69999999
-14.8 -15.1 0.69999999
-14.8 14.9 0.80000001
-14.8 -15.1 0.80000001
-14.8 14.9 0.89999998
-14.8 -15.1 0.89999998
-14.8 15 0
-14.8 -15 0
-14.8 15 0.1
-14.8 -15 0.1
-14.8 15 0.2
-14.8 -15 0.2
-14.8 15 0.30000001
-14.8 -15 0.30000001
-14.8 15 0.40000001
-14.8 -15 0.40000001
-14.8 15 0.5
-14.8 -15 0.5
-14.8 15 0.60000002
-14.8 -15 0.60000002
-14.8 15 0.69999999
-14.8 -15 0.69999999
-14.8 15 0.80000001
-14.8 -15 0.80000001
-14.8 15 0.89999998
-14.8 -15 0.89999998
-14.7 14.9 0
-14.7 -15.1 0
-14.7 14.9 0.1
-14.7 -15.1 0.1
-14.7 14.9 0.2
-14.7 -15.1 0.2
-14.7 14.9 0.30000001
-14.7 -15.1 0.30000001
-14.7 14.9 0.40000001
-14.7 -15.1 0.40000001
-14.7 14.9 0.5
-14.7 -15.1 0.5
-14.7 14.9 0.60000002
-14.7 -15.1 0.60000002
-14.7 14.9 0.69999999
-14.7 -15.1 0.69999999
-14.7 14.9 0.80000001
-14.7 -15.1 0.80000001
-14.7 14.9 0.89999998
-14.7 -15.1 0.89999998
-14.7 15 0
-14.7 -15 0
-14.7 15 0.1
-14.7 -15 0.1
-14.7 15 0.2
-14.7 -15 0.2
-14.7 15 0.30000001
-14.7 -15 0.30000001
-14.7 15 0.40000001
-14.7 -15 0.40000001
-14.7 15 0.5
-14.7 -15 0.5
-14.7 15 0.60000002
-14.7 -15 0.60000002
-14.7 15 0.69999999
-14.7 -15 0.69999999
-14.7 15 0.80000001
-14.7 -15 0.80000001
-14.7 15 0.89999998
-14.7 -15 0.89999998
-14.6 14.9 0
-14.6 -15.1 0
-14.6 14.9 0.1
-14.6 -15.1 0.1
-14.6 14.9 0.2
-14.6 -15.1 0.2
-14.6 14.9 0.30000001
-14.6 -15.1 0.30000001
-14.6 14.9 0.40000001
-14.6 -15.1 0.40000001
-14.6 14.9 0.5
-14.6 -15.1 0.5
-14.6 14.9 0.60000002
-14.6 -15.1 0.60000002
-14.6 14.9 0.69999999
-14.6 -15.1 0.69999999
-14.6 14.9 0.80000001
-14.6 -15.1 0.80000001
-14.6 14.9 0.89999998
-14.6 -15.1 0.89999998
-14.6 15 0
-14.6 -15 0
-14.6 15 0.1
-14.6 -15 0.1
-14.6 15 0.2
-14.6 -15 0.2
-14.6 15 0.30000001
-14.6 -15 0.30000001
-14.6 15 0.40000001
-14.6 -15 0.40000001
-14.6 15 0.5
-14.6 -15 0.5
-14.6 15 0.60000002
-14.6 -15 0.60000002
-14.6 15 0.69999999
-14.6 -15 0.69999999
-14.6 15 0.80000001
-14.6 -15 0.80000001
-14.6 15 0.89999998
-14.6 -15 0.89999998
-14.5 14.9 0
-14.5 -15.1 0
-14.5 14.9 0.1
-14.5 -15.1 0.1
-14.5 14.9 0.2
-14.5 -15.1 0.2
-14.5 14.9 0.30000001
-14.5 -15.1 0.30000001
-14.5 14.9 0.40000001
-14.5 -15.1 0.40000001
-14.5 14.9 0.5
-14.5 -15.1 0.5
-14.5 14.9 0.60000002
-14.5 -15.1 0.60000002
-14.5 14.9 0.69999999
-14.5 -15.1 0.69999999
-14.5 14.9 0.80000001
-14.5 -15.1 0.80000001
-14.5 14.9 0.89999998
-14.5 -15.1 0.89999998
-14.5 15 0
-14.5 -15 0
-14.5 15 0.1
-14.5 -15 0.1
-14.5 15 0.2
-14.5 -15 0.2
-14.5 15 0.30000001
-14.5 -15 0.30000001
-14.5 15 0.40000001
-14.5 -15 0.40000001
-14.5 15 0.5
-14.5 -15 0.5
-14.5 15 0.60000002
-14.5 -15 0.60000002
-14.5 15 0.69999999
-14.5 -15 0.69999999
-14.5 15 0.80000001
-14.5 -15 0.80000001
-14.5 15 0.89999998
-14.5 -15 0.89999998
-14.4 14.9 0
-14.4 -15.1 0
-14.4 14.9 0.1
-14.4 -15.1 0.1
-14.4 14.9 0.2
-14.4 -15.1 0.2
-14.4 14.9 0.30000001
-14.4 -15.1 0.30000001
-14.4 14.9 0.40000001
-14.4 -15.1 0.40000001
-14.4 14.9 0.5
-14.4 -15.1 0.5
-14.4 14.9 0.60000002
-14.4 -15.1 0.60000002
-14.4 14.9 0.69999999
-14.4 -15.1 0.69999999
-14.4 14.9 0.80000001
-14.4 -15.1 0.80000001
-14.4 14.9 0.89999998
-14.4 -15.1 0.89999998
-14.4 15 0
-14.4 -15 0
-14.4 15 0.1
-14.4 -15 0.1
-14.4 15 0.2
-14.4 -15 0.2
-14.4 15 0.30000001
-14.4 -15 0.30000001
-14.4 15 0.40000001
-14.4 -15 0.40000001
-14.4 15 0.5
-14.4 -15 0.5
-14.4 15 0.60000002
-14.4 -15 0.60000002
-14.4 15 0.69999999
-14.4 -15 0.69999999
-14.4 15 0.80000001
-14.4 -15 0.80000001
-14.4 15 0.89999998
-14.4 -15 0.89999998
-14.3 14.9 0
-14.3 -15.1 0
-14.3 14.9 0.1
-14.3 -15.1 0.1
-14.3 14.9 0.2
-14.3 -15.1 0.2
-14.3 14.9 0.30000001
-14.3 -15.1 0.30000001
-14.3 14.9 0.40000001
-14.3 -15.1 0.40000001
-14.3 14.9 0.5
-14.3 -15.1 0.5
-14.3 14.9 0.60000002
-14.3 -15.1 0.60000002
-14.3 14.9 0.69999999
-14.3 -15.1 0.69999999
-14.3 14.9 0.80000001
-14.3 -15.1 0.80000001
-14.3 14.9 0.89999998
-14.3 -15.1 0.89999998
-14.3 15 0
-14.3 -15 0
-14.3 15 0.1
-14.3 -15 0.1
-14.3 15 0.2
-14.3 -15 0.2
-14.3 15 0.30000001
-14.3 -15 0.30000001
-14.3 15 0.40000001
-14.3 -15 0.40000001
-14.3 15 0.5
-14.3 -15 0.5
-14.3 15 0.60000002
-14.3 -15 0.60000002
-14.3 15 0.69999999
-14.3 -15 0.69999999
-14.3 15 0.80000001
-14.3 -15 0.80000001
-14.3 15 0.89999998
-14.3 -15 0.89999998
-14.2 14.9 0
-14.2 -15.1 0
-14.2 14.9 0.1
-14.2 -15.1 0.1
-14.2 14.9 0.2
-14.2 -15.1 0.2
-14.2 14.9 0.30000001
-14.2 -15.1 0.30000001
-14.2 14.9 0.40000001
-14.2 -15.1 0.40000001
-14.2 14.9 0.5
-14.2 -15.1 0.5
-14.2 14.9 0.60000002
-14.2 -15.1 0.60000002
-14.2 14.9 0.69999999
-14.2 -15.1 0.69999999
-14.2 14.9 0.80000001
-14.2 -15.1 0.80000001
-14.2 14.9 0.89999998
-14.2 -15.1 0.89999998
-14.2 15 0
-14.2 -15 0
-14.2 15 0.1
-14.2 -15 0.1
-14.2 15 0.2
-14.2 -15 0.2
-14.2 15 0.30000001
-14.2 -15 0.30000001
-14.2 15 0.40000001
-14.2 -15 0.40000001
-14.2 15 0.5
-14.2 -15 0.5
-14.2 15 0.60000002
-14.2 -15 0.60000002
-14.2 15 0.69999999
-14.2 -15 0.69999999
-14.2 15 0.80000001
-14.2 -15 0.80000001
-14.2 15 0.89999998
-14.2 -15 0.89999998
-14.1 14.9 0
-14.1 -15.1 0
-14.1 14.9 0.1
-14.1 -15.1 0.1
-14.1 14.9 0.2
-14.1 -15.1 0.2
-14.1 14.9 0.30000001
-14.1 -15.1 0.30000001
-14.1 14.9 0.40000001
-14.1 -15.1 0.40000001
-14.1 14.9 0.5
-14.1 -15.1 0.5
-14.1 14.9 0.60000002
-14.1 -15.1 0.60000002
-14.1 14.9 0.69999999
-14.1 -15.1 0.69999999
-14.1 14.9 0.80000001
-14.1 -15.1 0.80000001
-14.1 14.9 0.89999998
-14.1 -15.1 0.89999998
-14.1 15 0
-14.1 -15 0
-14.1 15 0.1
-14.1 -15 0.1
-14.1 15 0.2
-14.1 -15 0.2
-14.1 15 0.30000001
-14.1 -15 0.30000001
-14.1 15 0.40000001
-14.1 -15 0.40000001
-14.1 15 0.5
-14.1 -15 0.5
-14.1 15 0.60000002
-14.1 -15 0.60000002
-14.1 15 0.69999999
-14.1 -15 0.69999999
-14.1 15 0.80000001
-14.1 -15 0.80000001
-14.1 15 0.89999998
-14.1 -15 0.89999998
-14 14.9 0
-14 -15.1 0
-14 14.9 0.1
-14 -15.1 0.1
-14 14.9 0.2
-14 -15.1 0.2
-14 14.9 0.30000001
-14 -15.1 0.30000001
-14 14.9 0.40000001
-14 -15.1 0.40000001
-14 14.9 0.5
-14 -15.1 0.5
-14 14.9 0.60000002
-14 -15.1 0.60000002
-14 14.9 0.69999999
-14 -15.1 0.69999999
-14 14.9 0.80000001
-14 -15.1 0.80000001
-14 14.9 0.89999998
-14 -15.1 0.89999998
-14 15 0
-14 -15 0
-14 15 0.1
-14 -15 0.1
-14 15 0.2
-14 -15 0.2
-14 15 0.30000001
-14 -15 0.30000001
-14 15 0.40000001
-14 -15 0.40000001
-14 15 0.5
-14 -15 0.5
-14 15 0.60000002
-14 -15 0.60000002
-14 15 0.69999999
-14 -15 0.69999999
-14 15 0.80000001
-14 -15 0.80000001
-14 15 0.89999998
-14 -15 0.89999998
-13.9 14.9 0
-13.9 -15.1 0
-13.9 14.9 0.1
-13.9 -15.1 0.1
-13.9 14.9 0.2
-13.9 -15.1 0.2
-13.9 14.9 0.30000001
-13.9 -15.1 0.30000001
-13.9 14.9 0.40000001
-13.9 -15.1 0.40000001
-13.9 14.9 0.5
-13.9 -15.1 0.5
-13.9 14.9 0.60000002
-13.9 -15.1 0.60000002
-13.9 14.9 0.69999999
-13.9 -15.1 0.69999999
-13.9 14.9 0.80000001
-13.9 -15.1 0.80000001
-13.9 14.9 0.89999998
-13.9 -15.1 0.89999998
-13.9 15 0
-13.9 -15 0
-13.9 15 0.1
-13.9 -15 0.1
-13.9 15 0.2
-13.9 -15 0.2
-13.9 15 0.30000001
-13.9 -15 0.30000001
-13.9 15 0.40000001
-13.9 -15 0.40000001
-13.9 15 0.5
-13.9 -15 0.5
-13.9 15 0.60000002
-13.9 -15 0.60000002
-13.9 15 0.69999999
-13.9 -15 0.69999999
-13.9 15 0.80000001
-13.9 -15 0.80000001
-13.9 15 0.89999998
-13.9 -15 0.89999998
-13.8 14.9 0
-13.8 -15.1 0
-13.8 14.9 0.1
-13.8 -15.1 0.1
-13.8 14.9 0.2
-13.8 -15.1 0.2
-13.8 14.9 0.30000001
-13.8 -15.1 0.30000001
-13.8 14.9 0.40000001
-13.8 -15.1 0.40000001
-13.8 14.9 0.5
-13.8 -15.1 0.5
-13.8 14.9 0.60000002
-13.8 -15.1 0.60000002
-13.8 14.9 0.69999999
-13.8 -15.1 0.69999999
-13.8 14.9 0.80000001
-13.8 -15.1 0.80000001
-13.8 14.9 0.89999998
-13.8 -15.1 0.89999998
-13.8 15 0
-13.8 -15 0
-13.8 15 0.1
-13.8 -15 0.1
-13.8 15 0.2
-13.8 -15 0.2
-13.8 15 0.30000001
-13.8 -15 0.30000001
-13.8 15 0.40000001
-13.8 -15 0.40000001
-13.8 15 0.5
-13.8 -15 0.5
-13.8 15 0.60000002
-13.8 -15 0.60000002
-13.8 15 0.69999999
-13.8 -15 0.69999999
-13.8 15 0.80000001
-13.8 -15 0.80000001
-13.8 15 0.89999998
-13.8 -15 0.89999998
-13.7 14.9 0
-13.7 -15.1 0
-13.7 14.9 0.1
-13.7 -15.1 0.1
-13.7 14.9 0.2
-13.7 -15.1 0.2
-13.7 14.9 0.30000001
-13.7 -15.1 0.30000001
-13.7 14.9 0.40000001
-13.7 -15.1 0.40000001
-13.7 14.9 0.5
-13.7 -15.1 0.5
-13.7 14.9 0.60000002
-13.7 -15.1 0.60000002
-13.7 14.9 0.69999999
-13.7 -15.1 0.69999999
-13.7 14.9 0.80000001
-13.7 -15.1 0.80000001
-13.7 14.9 0.89999998
-13.7 -15.1 0.89999998
-13.7 15 0
-13.7 -15 0
-13.7 15 0.1
-13.7 -15 0.1
-13.7 15 0.2
-13.7 -15 0.2
-13.7 15 0.30000001
-13.7 -15 0.30000001
-13.7 15 0.40000001
-13.7 -15 0.40000001
-13.7 15 0.5
-13.7 -15 0.5
-13.7 15 0.60000002
-13.7 -15 0.60000002
-13.7 15 0.69999999
-13.7 -15 0.69999999
-13.7 15 0.80000001
-13.7 -15 0.80000001
-13.7 15 0.89999998
-13.7 -15 0.89999998
-13.6 14.9 0
-13.6 -15.1 0
-13.6 14.9 0.1
-13.6 -15.1 0.1
-13.6 14.9 0.2
-13.6 -15.1 0.2
-13.6 14.9 0.30000001
-13.6 -15.1 0.30000001
-13.6 14.9 0.40000001
-13.6 -15.1 0.40000001
-13.6 14.9 0.5
-13.6 -15.1 0.5
-13.6 14.9 0.60000002
-13.6 -15.1 0.60000002
-13.6 14.9 0.69999999
-13.6 -15.1 0.69999999
-13.6 14.9 0.80000001
-13.6 -15.1 0.80000001
-13.6 14.9 0.89999998
-13.6 -15.1 0.89999998
-13.6 15 0
-13.6 -15 0
-13.6 15 0.1
-13.6 -15 0.1
-13.6 15 0.2
-13.6 -15 0.2
-13.6 15 0.30000001
-13.6 -15 0.30000001
-13.6 15 0.40000001
-13.6 -15 0.40000001
-13.6 15 0.5
-13.6 -15 0.5
-13.6 15 0.60000002
-13.6 -15 0.60000002
-13.6 15 0.69999999
-13.6 -15 0.69999999
-13.6 15 0.80000001
-13.6 -15 0.80000001
-13.6 15 0.89999998
-13.6 -15 0.89999998
-13.5 14.9 0
-13.5 -15.1 0
-13.5 14.9 0.1
-13.5 -15.1 0.1
-13.5 14.9 0.2
-13.5 -15.1 0.2
-13.5 14.9 0.30000001
-13.5 -15.1 0.30000001
-13.5 14.9 0.40000001
-13.5 -15.1 0.40000001
-13.5 14.9 0.5
-13.5 -15.1 0.5
-13.5 14.9 0.60000002
-13.5 -15.1 0.60000002
-13.5 14.9 0.69999999
-13.5 -15.1 0.69999999
-13.5 14.9 0.80000001
-13.5 -15.1 0.80000001
-13.5 14.9 0.89999998
-13.5 -15.1 0.89999998
-13.5 15 0
-13.5 -15 0
-13.5 15 0.1
-13.5 -15 0.1
-13.5 15 0.2
-13.5 -15 0.2
-13.5 15 0.30000001
-13.5 -15 0.30000001
-13.5 15 0.40000001
-13.5 -15 0.40000001
-13.5 15 0.5
-13.5 -15 0.5
-13.5 15 0.60000002
-13.5 -15 0.60000002
-13.5 15 0.69999999
-13.5 -15 0.69999999
-13.5 15 0.80000001
-13.5 -15 0.80000001
-13.5 15 0.89999998
-13.5 -15 0.89999998
-13.4 14.9 0
-13.4 -15.1 0
-13.4 14.9 0.1
-13.4 -15.1 0.1
-13.4 14.9 0.2
-13.4 -15.1 0.2
-13.4 14.9 0.30000001
-13.4 -15.1 0.30000001
-13.4 14.9 0.40000001
-13.4 -15.1 0.40000001
-13.4 14.9 0.5
-13.4 -15.1 0.5
-13.4 14.9 0.60000002
-13.4 -15.1 0.60000002
-13.4 14.9 0.69999999
-13.4 -15.1 0.69999999
-13.4 14.9 0.80000001
-13.4 -15.1 0.80000001
-13.4 14.9 0.89999998
-13.4 -15.1 0.89999998
-13.4 15 0
-13.4 -15 0
-13.4 15 0.1
-13.4 -15 0.1
-13.4 15 0.2
-13.4 -15 0.2
-13.4 15 0.30000001
-13.4 -15 0.30000001
-13.4 15 0.40000001
-13.4 -15 0.40000001
-13.4 15 0.5
-13.4 -15 0.5
-13.4 15 0.60000002
-13.4 -15 0.60000002
-13.4 15 0.69999999
-13.4 -15 0.69999999
-13.4 15 0.80000001
-13.4 -15 0.80000001
-13.4 15 0.89999998
-13.4 -15 0.89999998
-13.3 14.9 0
-13.3 -15.1 0
-13.3 14.9 0.1
-13.3 -15.1 0.1
-13.3 14.9 0.2
-13.3 -15.1 0.2
-13.3 14.9 0.30000001
-13.3 -15.1 0.30000001
-13.3 14.9 0.40000001
-13.3 -15.1 0.40000001
-13.3 14.9 0.5
-13.3 -15.1 0.5
-13.3 14.9 0.60000002
-13.3 -15.1 0.60000002
-13.3 14.9 0.69999999
-13.3 -15.1 0.69999999
-13.3 14.9 0.80000001
-13.3 -15.1 0.80000001
-13.3 14.9 0.89999998
-13.3 -15.1 0.89999998
-13.3 15 0
-13.3 -15 0
-13.3 15 0.1
-13.3 -15 0.1
-13.3 15 0.2
-13.3 -15 0.2
-13.3 15 0.30000001
-13.3 -15 0.30000001
-13.3 15 0.40000001
-13.3 -15 0.40000001
-13.3 15 0.5
-13.3 -15 0.5
-13.3 15 0.60000002
-13.3 -15 0.60000002
-13.3 15 0.69999999
-13.3 -15 0.69999999
-13.3 15 0.80000001
-13.3 -15 0.80000001
-13.3 15 0.89999998
-13.3 -15 0.89999998
-13.2 14.9 0
-13.2 -15.1 0
-13.2 14.9 0.1
-13.2 -15.1 0.1
-13.2 14.9 0.2
-13.2 -15.1 0.2
-13.2 14.9 0.30000001
-13.2 -15.1 0.30000001
-13.2 14.9 0.40000001
-13.2 -15.1 0.40000001
-13.2 14.9 0.5
-13.2 -15.1 0.5
-13.2 14.9 0.60000002
-13.2 -15.1 0.60000002
-13.2 14.9 0.69999999
-13.2 -15.1 0.69999999
-13.2 14.9 0.80000001
-13.2 -15.1 0.80000001
-13.2 14.9 0.89999998
-13.2 -15.1 0.89999998
-13.2 15 0
-13.2 -15 0
-13.2 15 0.1
-13.2 -15 0.1
-13.2 15 0.2
-13.2 -15 0.2
-13.2 15 0.30000001
-13.2 -15 0.30000001
-13.2 15 0.40000001
-13.2 -15 0.40000001
-13.2 15 0.5
-13.2 -15 0.5
-13.2 15 0.60000002
-13.2 -15 0.60000002
-13.2 15 0.69999999
-13.2 -15 0.69999999
-13.2 15 0.80000001
-13.2 -15 0.80000001
-13.2 15 0.89999998
-13.2 -15 0.89999998
-13.1 14.9 0
-13.1 -15.1 0
-13.1 14.9 0.1
-13.1 -15.1 0.1
-13.1 14.9 0.2
-13.1 -15.1 0.2
-13.1 14.9 0.30000001
-13.1 -15.1 0.30000001
-13.1 14.9 0.40000001
-13.1 -15.1 0.40000001
-13.1 14.9 0.5
-13.1 -15.1 0.5
-13.1 14.9 0.60000002
-13.1 -15.1 0.60000002
-13.1 14.9 0.69999999
-13.1 -15.1 0.69999999
-13.1 14.9 0.80000001
-13.1 -15.1 0.80000001
-13.1 14.9 0.89999998
-13.1 -15.1 0.89999998
-13.1 15 0
-13.1 -15 0
-13.1 15 0.1
-13.1 -15 0.1
-13.1 15 0.2
-13.1 -15 0.2
-13.1 15 0.30000001
-13.1 -15 0.30000001
-13.1 15 0.40000001
-13.1 -15 0.40000001
-13.1 15 0.5
-13.1 -15 0.5
-13.1 15 0.60000002
-13.1 -15 0.60000002
-13.1 15 0.69999999
-13.1 -15 0.69999999
-13.1 15 0.80000001
-13.1 -15 0.80000001
-13.1 15 0.89999998
-13.1 -15 0.89999998
-13 14.9 0
-13 -15.1 0
-13 14.9 0.1
-13 -15.1 0.1
-13 14.9 0.2
-13 -15.1 0.2
-13 14.9 0.30000001
-13 -15.1 0.30000001
-13 14.9 0.40000001
-13 -15.1 0.40000001
-13 14.9 0.5
-13 -15.1 0.5
-13 14.9 0.60000002
-13 -15.1 0.60000002
-13 14.9 0.69999999
-13 -15.1 0.69999999
-13 14.9 0.80000001
-13 -15.1 0.80000001
-13 14.9 0.89999998
-13 -15.1 0.89999998
-13 15 0
-13 -15 0
-13 15 0.1
-13 -15 0.1
-13 15 0.2
-13 -15 0.2
-13 15 0.30000001
-13 -15 0.30000001
-13 15 0.40000001
-13 -15 0.40000001
-13 15 0.5
-13 -15 0.5
-13 15 0.60000002
-13 -15 0.60000002
-13 15 0.69999999
-13 -15 0.69999999
-13 15 0.80000001
-13 -15 0.80000001
-13 15 0.89999998
-13 -15 0.89999998
-12.9 14.9 0
-12.9 -15.1 0
-12.9 14.9 0.1
-12.9 -15.1 0.1
-12.9 14.9 0.2
-12.9 -15.1 0.2
-12.9 14.9 0.30000001
-12.9 -15.1 0.30000001
-12.9 14.9 0.40000001
-12.9 -15.1 0.40000001
-12.9 14.9 0.5
-12.9 -15.1 0.5
-12.9 14.9 0.60000002
-12.9 -15.1 0.60000002
-12.9 14.9 0.69999999
-12.9 -15.1 0.69999999
-12.9 14.9 0.80000001
-12.9 -15.1 0.80000001
-12.9 14.9 0.89999998
-12.9 -15.1 0.89999998
-12.9 15 0
-12.9 -15 0
-12.9 15 0.1
-12.9 -15 0.1
-12.9 15 0.2
-12.9 -15 0.2
-12.9 15 0.30000001
-12.9 -15 0.30000001
-12.9 15 0.40000001
-12.9 -15 0.40000001
-12.9 15 0.5
-12.9 -15 0.5
-12.9 15 0.60000002
-12.9 -15 0.60000002
-12.9 15 0.69999999
-12.9 -15 0.69999999
-12.9 15 0.80000001
-12.9 -15 0.80000001
-12.9 15 0.89999998
-12.9 -15 0.89999998
-12.8 14.9 0
-12.8 -15.1 0
-12.8 14.9 0.1
-12.8 -15.1 0.1
-12.8 14.9 0.2
-12.8 -15.1 0.2
-12.8 14.9 0.30000001
-12.8 -15.1 0.30000001
-12.8 14.9 0.40000001
-12.8 -15.1 0.40000001
-12.8 14.9 0.5
-12.8 -15.1 0.5
-12.8 14.9 0.60000002
-12.8 -15.1 0.60000002
-12.8 14.9 0.69999999
-12.8 -15.1 0.69999999
-12.8 14.9 0.80000001
-12.8 -15.1 0.80000001
-12.8 14.9 0.89999998
-12.8 -15.1 0.89999998
-12.8 15 0
-12.8 -15 0
-12.8 15 0.1
-12.8 -15 0.1
-12.8 15 0.2
-12.8 -15 0.2
-12.8 15 0.30000001
-12.8 -15 0.30000001
-12.8 15 0.40000001
-12.8 -15 0.40000001
-12.8 15 0.5
-12.8 -15 0.5
-12.8 15 0.60000002
-12.8 -15 0.60000002
-12.8 15 0.69999999
-12.8 -15 0.69999999
-12.8 15 0.80000001
-12.8 -15 0.80000001
-12.8 15 0.89999998
-12.8 -15 0.89999998
-12.7 14.9 0
-12.7 -15.1 0
-12.7 14.9 0.1
-12.7 -15.1 0.1
-12.7 14.9 0.2
-12.7 -15.1 0.2
-12.7 14.9 0.30000001
-12.7 -15.1 0.30000001
-12.7 14.9 0.40000001
-12.7 -15.1 0.40000001
-12.7 14.9 0.5
-12.7 -15.1 0.5
-12.7 14.9 0.60000002
-12.7 -15.1 0.60000002
-12.7 14.9 0.69999999
-12.7 -15.1 0.69999999
-12.7 14.9 0.80000001
-12.7 -15.1 0.80000001
-12.7 14.9 0.89999998
-12.7 -15.1 0.89999998
-12.7 15 0
-12.7 -15 0
-12.7 15 0.1
-12.7 -15 0.1
-12.7 15 0.2
-12.7 -15 0.2
-12.7 15 0.30000001
-12.7 -15 0.30000001
-12.7 15 0.40000001
-12.7 -15 0.40000001
-12.7 15 0.5
-12.7 -15 0.5
-12.7 15 0.60000002
-12.7 -15 0.60000002
-12.7 15 0.69999999
-12.7 -15 0.69999999
-12.7 15 0.80000001
-12.7 -15 0.80000001
-12.7 15 0.89999998
-12.7 -15 0.89999998
-12.6 14.9 0
-12.6 -15.1 0
-12.6 14.9 0.1
-12.6 -15.1 0.1
-12.6 14.9 0.2
-12.6 -15.1 0.2
-12.6 14.9 0.30000001
-12.6 -15.1 0.30000001
-12.6 14.9 0.40000001
-12.6 -15.1 0.40000001
-12.6 14.9 0.5
-12.6 -15.1 0.5
-12.6 14.9 0.60000002
-12.6 -15.1 0.60000002
-12.6 14.9 0.69999999
-12.6 -15.1 0.69999999
-12.6 14.9 0.80000001
-12.6 -15.1 0.80000001
-12.6 14.9 0.89999998
-12.6 -15.1 0.89999998
-12.6 15 0
-12.6 -15 0
-12.6 15 0.1
-12.6 -15 0.1
-12.6 15 0.2
-12.6 -15 0.2
-12.6 15 0.30000001
-12.6 -15 0.30000001
-12.6 15 0.40000001
-12.6 -15 0.40000001
-12.6 15 0.5
-12.6 -15 0.5
-12.6 15 0.60000002
-12.6 -15 0.60000002
-12.6 15 0.69999999
-12.6 -15 0.69999999
-12.6 15 0.80000001
-12.6 -15 0.80000001
-12.6 15 0.89999998
-12.6 -15 0.89999998
-12.5 14.9 0
-12.5 -15.1 0
-12.5 14.9 0.1
-12.5 -15.1 0.1
-12.5 14.9 0.2
-12.5 -15.1 0.2
-12.5 14.9 0.30000001
-12.5 -15.1 0.30000001
-12.5 14.9 0.40000001
-12.5 -15.1 0.40000001
-12.5 14.9 0.5
-12.5 -15.1 0.5
-12.5 14.9 0.60000002
-12.5 -15.1 0.60000002
-12.5 14.9 0.69999999
-12.5 -15.1 0.69999999
-12.5 14.9 0.80000001
-12.5 -15.1 0.80000001
-12.5 14.9 0.89999998
-12.5 -15.1 0.89999998
-12.5 15 0
-12.5 -15 0
-12.5 15 0.1
-12.5 -15 0.1
-12.5 15 0.2
-12.5 -15 0.2
-12.5 15 0.30000001
-12.5 -15 0.30000001
-12.5 15 0.40000001
-12.5 -15 0.40000001
-12.5 15 0.5
-12.5 -15 0.5
-12.5 15 0.60000002
-12.5 -15 0.60000002
-12.5 15 0.69999999
-12.5 -15 0.69999999
-12.5 15 0.80000001
-12.5 -15 0.80000001
-12.5 15 0.89999998
-12.5 -15 0.89999998
-12.4 14.9 0
-12.4 -15.1 0
-12.4 14.9 0.1
-12.4 -15.1 0.1
-12.4 14.9 0.2
-12.4 -15.1 0.2
-12.4 14.9 0.30000001
-12.4 -15.1 0.30000001
-12.4 14.9 0.40000001
-12.4 -15.1 0.40000001
-12.4 14.9 0.5
-12.4 -15.1 0.5
-12.4 14.9 0.60000002
-12.4 -15.1 0.60000002
-12.4 14.9 0.69999999
-12.4 -15.1 0.69999999
-12.4 14.9 0.80000001
-12.4 -15.1 0.80000001
-12.4 14.9 0.89999998
-12.4 -15.1 0.89999998
-12.4 15 0
-12.4 -15 0
-12.4 15 0.1
-12.4 -15 0.1
-12.4 15 0.2
-12.4 -15 0.2
-12.4 15 0.30000001
-12.4 -15 0.30000001
-12.4 15 0.40000001
-12.4 -15 0.40000001
-12.4 15 0.5
-12.4 -15 0.5
-12.4 15 0.60000002
-12.4 -15 0.60000002
-12.4 15 0.69999999
-12.4 -15 0.69999999
-12.4 15 0.80000001
-12.4 -15 0.80000001
-12.4 15 0.89999998
-12.4 -15 0.89999998
-12.3 14.9 0
-12.3 -15.1 0
-12.3 14.9 0.1
-12.3 -15.1 0.1
-12.3 14.9 0.2
-12.3 -15.1 0.2
-12.3 14.9 0.30000001
-12.3 -15.1 0.30000001
-12.3 14.9 0.40000001
-12.3 -15.1 0.40000001
-12.3 14.9 0.5
-12.3 -15.1 0.5
-12.3 14.9 0.60000002
-12.3 -15.1 0.60000002
-12.3 14.9 0.69999999
-12.3 -15.1 0.69999999
-12.3 14.9 0.80000001
-12.3 -15.1 0.80000001
-12.3 14.9 0.89999998
-12.3 -15.1 0.89999998
-12.3 15 0
-12.3 -15 0
-12.3 15 0.1
-12.3 -15 0.1
-12.3 15 0.2
-12.3 -15 0.2
-12.3 15 0.30000001
-12.3 -15 0.30000001
-12.3 15 0.40000001
-12.3 -15 0.40000001
-12.3 15 0.5
-12.3 -15 0.5
-12.3 15 0.60000002
-12.3 -15 0.60000002
-12.3 15 0.69999999
-12.3 -15 0.69999999
-12.3 15 0.80000001
-12.3 -15 0.80000001
-12.3 15 0.89999998
-12.3 -15 0.89999998
-12.2 14.9 0
-12.2 -15.1 0
-12.2 14.9 0.1
-12.2 -15.1 0.1
-12.2 14.9 0.2
-12.2 -15.1 0.2
-12.2 14.9 0.30000001
-12.2 -15.1 0.30000001
-12.2 14.9 0.40000001
-12.2 -15.1 0.40000001
-12.2 14.9 0.5
-12.2 -15.1 0.5
-12.2 14.9 0.60000002
-12.2 -15.1 0.60000002
-12.2 14.9 0.69999999
-12.2 -15.1 0.69999999
-12.2 14.9 0.80000001
-12.2 -15.1 0.80000001
-12.2 14.9 0.89999998
-12.2 -15.1 0.89999998
-12.2 15 0
-12.2 -15 0
-12.2 15 0.1
-12.2 -15 0.1
-12.2 15 0.2
-12.2 -15 0.2
-12.2 15 0.30000001
-12.2 -15 0.30000001
-12.2 15 0.40000001
-12.2 -15 0.40000001
-12.2 15 0.5
-12.2 -15 0.5
-12.2 15 0.60000002
-12.2 -15 0.60000002
-12.2 15 0.69999999
-12.2 -15 0.69999999
-12.2 15 0.80000001
-12.2 -15 0.80000001
-12.2 15 0.89999998
-12.2 -15 0.89999998
-12.1 14.9 0
-12.1 -15.1 0
-12.1 14.9 0.1
-12.1 -15.1 0.1
-12.1 14.9 0.2
-12.1 -15.1 0.2
-12.1 14.9 0.30000001
-12.1 -15.1 0.30000001
-12.1 14.9 0.40000001
-12.1 -15.1 0.40000001
-12.1 14.9 0.5
-12.1 -15.1 0.5
-12.1 14.9 0.60000002
-12.1 -15.1 0.60000002
-12.1 14.9 0.69999999
-12.1 -15.1 0.69999999
-12.1 14.9 0.80000001
-12.1 -15.1 0.80000001
-12.1 14.9 0.89999998
-12.1 -15.1 0.89999998
-12.1 15 0
-12.1 -15 0
-12.1 15 0.1
-12.1 -15 0.1
-12.1 15 0.2
-12.1 -15 0.2
-12.1 15 0.30000001
-12.1 -15 0.30000001
-12.1 15 0.40000001
-12.1 -15 0.40000001
-12.1 15 0.5
-12.1 -15 0.5
-12.1 15 0.60000002
-12.1 -15 0.60000002
-12.1 15 0.69999999
-12.1 -15 0.69999999
-12.1 15 0.80000001
-12.1 -15 0.80000001
-12.1 15 0.89999998
-12.1 -15 0.89999998
-12 14.9 0
-12 -15.1 0
-12 14.9 0.1
-12 -15.1 0.1
-12 14.9 0.2
-12 -15.1 0.2
-12 14.9 0.30000001
-12 -15.1 0.30000001
-12 14.9 0.40000001
-12 -15.1 0.40000001
-12 14.9 0.5
-12 -15.1 0.5
-12 14.9 0.60000002
-12 -15.1 0.60000002
-12 14.9 0.69999999
-12 -15.1 0.69999999
-12 14.9 0.80000001
-12 -15.1 0.80000001
-12 14.9 0.89999998
-12 -15.1 0.89999998
-12 15 0
-12 -15 0
-12 15 0.1
-12 -15 0.1
-12 15 0.2
-12 -15 0.2
-12 15 0.30000001
-12 -15 0.30000001
-12 15 0.40000001
-12 -15 0.40000001
-12 15 0.5
-12 -15 0.5
-12 15 0.60000002
-12 -15 0.60000002
-12 15 0.69999999
-12 -15 0.69999999
-12 15 0.80000001
-12 -15 0.80000001
-12 15 0.89999998
-12 -15 0.89999998
-11.9 14.9 0
-11.9 -15.1 0
-11.9 14.9 0.1
-11.9 -15.1 0.1
-11.9 14.9 0.2
-11.9 -15.1 0.2
-11.9 14.9 0.30000001
-11.9 -15.1 0.30000001
-11.9 14.9 0.40000001
-11.9 -15.1 0.40000001
-11.9 14.9 0.5
-11.9 -15.1 0.5
-11.9 14.9 0.60000002
-11.9 -15.1 0.60000002
-11.9 14.9 0.69999999
-11.9 -15.1 0.69999999
-11.9 14.9 0.80000001
-11.9 -15.1 0.80000001
-11.9 14.9 0.89999998
-11.9 -15.1 0.89999998
-11.9 15 0
-11.9 -15 0
-11.9 15 0.1
-11.9 -15 0.1
-11.9 15 0.2
-11.9 -15 0.2
-11.9 15 0.30000001
-11.9 -15 0.30000001
-11.9 15 0.40000001
-11.9 -15 0.40000001
-11.9 15 0.5
-11.9 -15 0.5
-11.9 15 0.60000002
-11.9 -15 0.60000002
-11.9 15 0.69999999
-11.9 -15 0.69999999
-11.9 15 0.80000001
-11.9 -15 0.80000001
-11.9 15 0.89999998
-11.9 -15 0.89999998
-11.8 14.9 0
-11.8 -15.1 0
-11.8 14.9 0.1
-11.8 -15.1 0.1
-11.8 14.9 0.2
-11.8 -15.1 0.2
-11.8 14.9 0.30000001
-11.8 -15.1 0.30000001
-11.8 14.9 0.40000001
-11.8 -15.1 0.40000001
-11.8 14.9 0.5
-11.8 -15.1 0.5
-11.8 14.9 0.60000002
-11.8 -15.1 0.60000002
-11.8 14.9 0.69999999
-11.8 -15.1 0.69999999
-11.8 14.9 0.80000001
-11.8 -15.1 0.80000001
-11.8 14.9 0.89999998
-11.8 -15.1 0.89999998
-11.8 15 0
-11.8 -15 0
-11.8 15 0.1
-11.8 -15 0.1
-11.8 15 0.2
-11.8 -15 0.2
-11.8 15 0.30000001
-11.8 -15 0.30000001
-11.8 15 0.40000001
-11.8 -15 0.40000001
-11.8 15 0.5
-11.8 -15 0.5
-11.8 15 0.60000002
-11.8 -15 0.60000002
-11.8 15 0.69999999
-11.8 -15 0.69999999
-11.8 15 0.80000001
-11.8 -15 0.80000001
-11.8 15 0.89999998
-11.8 -15 0.89999998
-11.7 14.9 0
-11.7 -15.1 0
-11.7 14.9 0.1
-11.7 -15.1 0.1
-11.7 14.9 0.2
-11.7 -15.1 0.2
-11.7 14.9 0.30000001
-11.7 -15.1 0.30000001
-11.7 14.9 0.40000001
-11.7 -15.1 0.40000001
-11.7 14.9 0.5
-11.7 -15.1 0.5
-11.7 14.9 0.60000002
-11.7 -15.1 0.60000002
-11.7 14.9 0.69999999
-11.7 -15.1 0.69999999
-11.7 14.9 0.80000001
-11.7 -15.1 0.80000001
-11.7 14.9 0.89999998
-11.7 -15.1 0.89999998
-11.7 15 0
-11.7 -15 0
-11.7 15 0.1
-11.7 -15 0.1
-11.7 15 0.2
-11.7 -15 0.2
-11.7 15 0.30000001
-11.7 -15 0.30000001
-11.7 15 0.40000001
-11.7 -15 0.40000001
-11.7 15 0.5
-11.7 -15 0.5
-11.7 15 0.60000002
-11.7 -15 0.60000002
-11.7 15 0.69999999
-11.7 -15 0.69999999
-11.7 15 0.80000001
-11.7 -15 0.80000001
-11.7 15 0.89999998
-11.7 -15 0.89999998
-11.6 14.9 0
-11.6 -15.1 0
-11.6 14.9 0.1
-11.6 -15.1 0.1
-11.6 14.9 0.2
-11.6 -15.1 0.2
-11.6 14.9 0.30000001
-11.6 -15.1 0.30000001
-11.6 14.9 0.40000001
-11.6 -15.1 0.40000001
-11.6 14.9 0.5
-11.6 -15.1 0.5
-11.6 14.9 0.60000002
-11.6 -15.1 0.60000002
-11.6 14.9 0.69999999
-11.6 -15.1 0.69999999
-11.6 14.9 0.80000001
-11.6 -15.1 0.80000001
-11.6 14.9 0.89999998
-11.6 -15.1 0.89999998
-11.6 15 0
-11.6 -15 0
-11.6 15 0.1
-11.6 -15 0.1
-11.6 15 0.2
-11.6 -15 0.2
-11.6 15 0.30000001
-11.6 -15 0.30000001
-11.6 15 0.40000001
-11.6 -15 0.40000001
-11.6 15 0.5
-11.6 -15 0.5
-11.6 15 0.60000002
-11.6 -15 0.60000002
-11.6 15 0.69999999
-11.6 -15 0.69999999
-11.6 15 0.80000001
-11.6 -15 0.80000001
-11.6 15 0.89999998
-11.6 -15 0.89999998
-11.5 14.9 0
-11.5 -15.1 0
-11.5 14.9 0.1
-11.5 -15.1 0.1
-11.5 14.9 0.2
-11.5 -15.1 0.2
-11.5 14.9 0.30000001
-11.5 -15.1 0.30000001
-11.5 14.9 0.40000001
-11.5 -15.1 0.40000001
-11.5 14.9 0.5
-11.5 -15.1 0.5
-11.5 14.9 0.60000002
-11.5 -15.1 0.60000002
-11.5 14.9 0.69999999
-11.5 -15.1 0.69999999
-11.5 14.9 0.80000001
-11.5 -15.1 0.80000001
-11.5 14.9 0.89999998
-11.5 -15.1 0.89999998
-11.5 15 0
-11.5 -15 0
-11.5 15 0.1
-11.5 -15 0.1
-11.5 15 0.2
-11.5 -15 0.2
-11.5 15 0.30000001
-11.5 -15 0.30000001
-11.5 15 0.40000001
-11.5 -15 0.40000001
-11.5 15 0.5
-11.5 -15 0.5
-11.5 15 0.60000002
-11.5 -15 0.60000002
-11.5 15 0.69999999
-11.5 -15 0.69999999
-11.5 15 0.80000001
-11.5 -15 0.80000001
-11.5 15 0.89999998
-11.5 -15 0.89999998
-11.4 14.9 0
-11.4 -15.1 0
-11.4 14.9 0.1
-11.4 -15.1 0.1
-11.4 14.9 0.2
-11.4 -15.1 0.2
-11.4 14.9 0.30000001
-11.4 -15.1 0.30000001
-11.4 14.9 0.40000001
-11.4 -15.1 0.40000001
-11.4 14.9 0.5
-11.4 -15.1 0.5
-11.4 14.9 0.60000002
-11.4 -15.1 0.60000002
-11.4 14.9 0.69999999
-11.4 -15.1 0.69999999
-11.4 14.9 0.80000001
-11.4 -15.1 0.80000001
-11.4 14.9 0.89999998
-11.4 -15.1 0.89999998
-11.4 15 0
-11.4 -15 0
-11.4 15 0.1
-11.4 -15 0.1
-11.4 15 0.2
-11.4 -15 0.2
-11.4 15 0.30000001
-11.4 -15 0.30000001
-11.4 15 0.40000001
-11.4 -15 0.40000001
-11.4 15 0.5
-11.4 -15 0.5
-11.4 15 0.60000002
-11.4 -15 0.60000002
-11.4 15 0.69999999
-11.4 -15 0.69999999
-11.4 15 0.80000001
-11.4 -15 0.80000001
-11.4 15 0.89999998
-11.4 -15 0.89999998
-11.3 14.9 0
-11.3 -15.1 0
-11.3 14.9 0.1
-11.3 -15.1 0.1
-11.3 14.9 0.2
-11.3 -15.1 0.2
-11.3 14.9 0.30000001
-11.3 -15.1 0.30000001
-11.3 14.9 0.40000001
-11.3 -15.1 0.40000001
-11.3 14.9 0.5
-11.3 -15.1 0.5
-11.3 14.9 0.60000002
-11.3 -15.1 0.60000002
-11.3 14.9 0.69999999
-11.3 -15.1 0.69999999
-11.3 14.9 0.80000001
-11.3 -15.1 0.80000001
-11.3 14.9 0.89999998
-11.3 -15.1 0.89999998
-11.3 15 0
-11.3 -15 0
-11.3 15 0.1
-11.3 -15 0.1
-11.3 15 0.2
-11.3 -15 0.2
-11.3 15 0.30000001
-11.3 -15 0.30000001
-11.3 15 0.40000001
-11.3 -15 0.40000001
-11.3 15 0.5
-11.3 -15 0.5
-11.3 15 0.60000002
-11.3 -15 0.60000002
-11.3 15 0.69999999
-11.3 -15 0.69999999
-11.3 15 0.80000001
-11.3 -15 0.80000001
-11.3 15 0.89999998
-11.3 -15 0.89999998
-11.2 14.9 0
-11.2 -15.1 0
-11.2 14.9 0.1
-11.2 -15.1 0.1
-11.2 14.9 0.2
-11.2 -15.1 0.2
-11.2 14.9 0.30000001
-11.2 -15.1 0.30000001
-11.2 14.9 0.40000001
-11.2 -15.1 0.40000001
-11.2 14.9 0.5
-11.2 -15.1 0.5
-11.2 14.9 0.60000002
-11.2 -15.1 0.60000002
-11.2 14.9 0.69999999
-11.2 -15.1 0.69999999
-11.2 14.9 0.80000001
-11.2 -15.1 0.80000001
-11.2 14.9 0.89999998
-11.2 -15.1 0.89999998
-11.2 15 0
-11.2 -15 0
-11.2 15 0.1
-11.2 -15 0.1
-11.2 15 0.2
-11.2 -15 0.2
-11.2 15 0.30000001
-11.2 -15 0.30000001
-11.2 15 0.40000001
-11.2 -15 0.40000001
-11.2 15 0.5
-11.2 -15 0.5
-11.2 15 0.60000002
-11.2 -15 0.60000002
-11.2 15 0.69999999
-11.2 -15 0.69999999
-11.2 15 0.80000001
-11.2 -15 0.80000001
-11.2 15 0.89999998
-11.2 -15 0.89999998
-11.1 14.9 0
-11.1 -15.1 0
-11.1 14.9 0.1
-11.1 -15.1 0.1
-11.1 14.9 0.2
-11.1 -15.1 0.2
-11.1 14.9 0.30000001
-11.1 -15.1 0.30000001
-11.1 14.9 0.40000001
-11.1 -15.1 0.40000001
-11.1 14.9 0.5
-11.1 -15.1 0.5
-11.1 14.9 0.60000002
-11.1 -15.1 0.60000002
-11.1 14.9 0.69999999
-11.1 -15.1 0.69999999
-11.1 14.9 0.80000001
-11.1 -15.1 0.80000001
-11.1 14.9 0.89999998
-11.1 -15.1 0.89999998
-11.1 15 0
-11.1 -15 0
-11.1 15 0.1
-11.1 -15 0.1
-11.1 15 0.2
-11.1 -15 0.2
-11.1 15 0.30000001
-11.1 -15 0.30000001
-11.1 15 0.40000001
-11.1 -15 0.40000001
-11.1 15 0.5
-11.1 -15 0.5
-11.1 15 0.60000002
-11.1 -15 0.60000002
-11.1 15 0.69999999
-11.1 -15 0.69999999
-11.1 15 0.80000001
-11.1 -15 0.80000001
-11.1 15 0.89999998
-11.1 -15 0.89999998
-11 14.9 0
-11 -15.1 0
-11 14.9 0.1
-11 -15.1 0.1
-11 14.9 0.2
-11 -15.1 0.2
-11 14.9 0.30000001
-11 -15.1 0.30000001
-11 14.9 0.40000001
-11 -15.1 0.40000001
-11 14.9 0.5
-11 -15.1 0.5
-11 14.9 0.60000002
-11 -15.1 0.60000002
-11 14.9 0.69999999
-11 -15.1 0.69999999
-11 14.9 0.80000001
-11 -15.1 0.80000001
-11 14.9 0.89999998
-11 -15.1 0.89999998
-11 15 0
-11 -15 0
-11 15 0.1
-11 -15 0.1
-11 15 0.2
-11 -15 0.2
-11 15 0.30000001
-11 -15 0.30000001
-11 15 0.40000001
-11 -15 0.40000001
-11 15 0.5
-11 -15 0.5
-11 15 0.60000002
-11 -15 0.60000002
-11 15 0.69999999
-11 -15 0.69999999
-11 15 0.80000001
-11 -15 0.80000001
-11 15 0.89999998
-11 -15 0.89999998
-10.900001 14.9 0
-10.900001 -15.1 0
-10.900001 14.9 0.1
-10.900001 -15.1 0.1
-10.900001 14.9 0.2
-10.900001 -15.1 0.2
-10.900001 14.9 0.30000001
-10.900001 -15.1 0.30000001
-10.900001 14.9 0.40000001
-10.900001 -15.1 0.40000001
-10.900001 14.9 0.5
-10.900001 -15.1 0.5
-10.900001 14.9 0.60000002
-10.900001 -15.1 0.60000002
-10.900001 14.9 0.69999999
-10.900001 -15.1 0.69999999
-10.900001 14.9 0.80000001
-10.900001 -15.1 0.80000001
-10.900001 14.9 0.89999998
-10.900001 -15.1 0.89999998
-10.900001 15 0
-10.900001 -15 0
-10.900001 15 0.1
-10.900001 -15 0.1
-10.900001 15 0.2
-10.900001 -15 0.2
-10.900001 15 0.30000001
-10.900001 -15 0.30000001
-10.900001 15 0.40000001
-10.900001 -15 0.40000001
-10.900001 15 0.5
-10.900001 -15 0.5
-10.900001 15 0.60000002
-10.900001 -15 0.60000002
-10.900001 15 0.69999999
-10.900001 -15 0.69999999
-10.900001 15 0.80000001
-10.900001 -15 0.80000001
-10.900001 15 0.89999998
-10.900001 -15 0.89999998
-10.8 14.9 0
-10.8 -15.1 0
-10.8 14.9 0.1
-10.8 -15.1 0.1
-10.8 14.9 0.2
-10.8 -15.1 0.2
-10.8 14.9 0.30000001
-10.8 -15.1 0.30000001
-10.8 14.9 0.40000001
-10.8 -15.1 0.40000001
-10.8 14.9 0.5
-10.8 -15.1 0.5
-10.8 14.9 0.60000002
-10.8 -15.1 0.60000002
-10.8 14.9 0.69999999
-10.8 -15.1 0.69999999
-10.8 14.9 0.80000001
-10.8 -15.1 0.80000001
-10.8 14.9 0.89999998
-10.8 -15.1 0.89999998
-10.8 15 0
-10.8 -15 0
-10.8 15 0.1
-10.8 -15 0.1
-10.8 15 0.2
-10.8 -15 0.2
-10.8 15 0.30000001
-10.8 -15 0.30000001
-10.8 15 0.40000001
-10.8 -15 0.40000001
-10.8 15 0.5
-10.8 -15 0.5
-10.8 15 0.60000002
-10.8 -15 0.60000002
-10.8 15 0.69999999
-10.8 -15 0.69999999
-10.8 15 0.80000001
-10.8 -15 0.80000001
-10.8 15 0.89999998
-10.8 -15 0.89999998
-10.7 14.9 0
-10.7 -15.1 0
-10.7 14.9 0.1
-10.7 -15.1 0.1
-10.7 14.9 0.2
-10.7 -15.1 0.2
-10.7 14.9 0.30000001
-10.7 -15.1 0.30000001
-10.7 14.9 0.40000001
-10.7 -15.1 0.40000001
-10.7 14.9 0.5
-10.7 -15.1 0.5
-10.7 14.9 0.60000002
-10.7 -15.1 0.60000002
-10.7 14.9 0.69999999
-10.7 -15.1 0.69999999
-10.7 14.9 0.80000001
-10.7 -15.1 0.80000001
-10.7 14.9 0.89999998
-10.7 -15.1 0.89999998
-10.7 15 0
-10.7 -15 0
-10.7 15 0.1
-10.7 -15 0.1
-10.7 15 0.2
-10.7 -15 0.2
-10.7 15 0.30000001
-10.7 -15 0.30000001
-10.7 15 0.40000001
-10.7 -15 0.40000001
-10.7 15 0.5
-10.7 -15 0.5
-10.7 15 0.60000002
-10.7 -15 0.60000002
-10.7 15 0.69999999
-10.7 -15 0.69999999
-10.7 15 0.80000001
-10.7 -15 0.80000001
-10.7 15 0.89999998
-10.7 -15 0.89999998
-10.6 14.9 0
-10.6 -15.1 0
-10.6 14.9 0.1
-10.6 -15.1 0.1
-10.6 14.9 0.2
-10.6 -15.1 0.2
-10.6 14.9 0.30000001
-10.6 -15.1 0.30000001
-10.6 14.9 0.40000001
-10.6 -15.1 0.40000001
-10.6 14.9 0.5
-10.6 -15.1 0.5
-10.6 14.9 0.60000002
-10.6 -15.1 0.60000002
-10.6 14.9 0.69999999
-10.6 -15.1 0.69999999
-10.6 14.9 0.80000001
-10.6 -15.1 0.80000001
-10.6 14.9 0.89999998
-10.6 -15.1 0.89999998
-10.6 15 0
-10.6 -15 0
-10.6 15 0.1
-10.6 -15 0.1
-10.6 15 0.2
-10.6 -15 0.2
-10.6 15 0.30000001
-10.6 -15 0.30000001
-10.6 15 0.40000001
-10.6 -15 0.40000001
-10.6 15 0.5
-10.6 -15 0.5
-10.6 15 0.60000002
-10.6 -15 0.60000002
-10.6 15 0.69999999
-10.6 -15 0.69999999
-10.6 15 0.80000001
-10.6 -15 0.80000001
-10.6 15 0.89999998
-10.6 -15 0.89999998
-10.5 14.9 0
-10.5 -15.1 0
-10.5 14.9 0.1
-10.5 -15.1 0.1
-10.5 14.9 0.2
-10.5 -15.1 0.2
-10.5 14.9 0.30000001
-10.5 -15.1 0.30000001
-10.5 14.9 0.40000001
-10.5 -15.1 0.40000001
-10.5 14.9 0.5
-10.5 -15.1 0.5
-10.5 14.9 0.60000002
-10.5 -15.1 0.60000002
-10.5 14.9 0.69999999
-10.5 -15.1 0.69999999
-10.5 14.9 0.80000001
-10.5 -15.1 0.80000001
-10.5 14.9 0.89999998
-10.5 -15.1 0.89999998
-10.5 15 0
-10.5 -15 0
-10.5 15 0.1
-10.5 -15 0.1
-10.5 15 0.2
-10.5 -15 0.2
-10.5 15 0.30000001
-10.5 -15 0.30000001
-10.5 15 0.40000001
-10.5 -15 0.40000001
-10.5 15 0.5
-10.5 -15 0.5
-10.5 15 0.60000002
-10.5 -15 0.60000002
-10.5 15 0.69999999
-10.5 -15 0.69999999
-10.5 15 0.80000001
-10.5 -15 0.80000001
-10.5 15 0.89999998
-10.5 -15 0.89999998
-10.400001 14.9 0
-10.400001 -15.1 0
-10.400001 14.9 0.1
-10.400001 -15.1 0.1
-10.400001 14.9 0.2
-10.400001 -15.1 0.2
-10.400001 14.9 0.30000001
-10.400001 -15.1 0.30000001
-10.400001 14.9 0.40000001
-10.400001 -15.1 0.40000001
-10.400001 14.9 0.5
-10.400001 -15.1 0.5
-10.400001 14.9 0.60000002
-10.400001 -15.1 0.60000002
-10.400001 14.9 0.69999999
-10.400001 -15.1 0.69999999
-10.400001 14.9 0.80000001
-10.400001 -15.1 0.80000001
-10.400001 14.9 0.89999998
-10.400001 -15.1 0.89999998
-10.400001 15 0
-10.400001 -15 0
-10.400001 15 0.1
-10.400001 -15 0.1
-10.400001 15 0.2
-10.400001 -15 0.2
-10.400001 15 0.30000001
-10.400001 -15 0.30000001
-10.400001 15 0.40000001
-10.400001 -15 0.40000001
-10.400001 15 0.5
-10.400001 -15 0.5
-10.400001 15 0.60000002
-10.400001 -15 0.60000002
-10.400001 15 0.69999999
-10.400001 -15 0.69999999
-10.400001 15 0.80000001
-10.400001 -15 0.80000001
-10.400001 15 0.89999998
-10.400001 -15 0.89999998
-10.3 14.9 0
-10.3 -15.1 0
-10.3 14.9 0.1
-10.3 -15.1 0.1
-10.3 14.9 0.2
-10.3 -15.1 0.2
-10.3 14.9 0.30000001
-10.3 -15.1 0.30000001
-10.3 14.9 0.40000001
-10.3 -15.1 0.40000001
-10.3 14.9 0.5
-10.3 -15.1 0.5
-10.3 14.9 0.60000002
-10.3 -15.1 0.60000002
-10.3 14.9 0.69999999
-10.3 -15.1 0.69999999
-10.3 14.9 0.80000001
-10.3 -15.1 0.80000001
-10.3 14.9 0.89999998
-10.3 -15.1 0.89999998
-10.3 15 0
-10.3 -15 0
-10.3 15 0.1
-10.3 -15 0.1
-10.3 15 0.2
-10.3 -15 0.2
-10.3 15 0.30000001
-10.3 -15 0.30000001
-10.3 15 0.40000001
-10.3 -15 0.40000001
-10.3 15 0.5
-10.3 -15 0.5
-10.3 15 0.60000002
-10.3 -15 0.60000002
-10.3 15 0.69999999
-10.3 -15 0.69999999
-10.3 15 0.80000001
-10.3 -15 0.80000001
-10.3 15 0.89999998
-10.3 -15 0.89999998
-10.2 14.9 0
-10.2 -15.1 0
-10.2 14.9 0.1
-10.2 -15.1 0.1
-10.2 14.9 0.2
-10.2 -15.1 0.2
-10.2 14.9 0.30000001
-10.2 -15.1 0.30000001
-10.2 14.9 0.40000001
-10.2 -15.1 0.40000001
-10.2 14.9 0.5
-10.2 -15.1 0.5
-10.2 14.9 0.60000002
-10.2 -15.1 0.60000002
-10.2 14.9 0.69999999
-10.2 -15.1 0.69999999
-10.2 14.9 0.80000001
-10.2 -15.1 0.80000001
-10.2 14.9 0.89999998
-10.2 -15.1 0.89999998
-10.2 15 0
-10.2 -15 0
-10.2 15 0.1
-10.2 -15 0.1
-10.2 15 0.2
-10.2 -15 0.2
-10.2 15 0.30000001
-10.2 -15 0.30000001
-10.2 15 0.40000001
-10.2 -15 0.40000001
-10.2 15 0.5
-10.2 -15 0.5
-10.2 15 0.60000002
-10.2 -15 0.60000002
-10.2 15 0.69999999
-10.2 -15 0.69999999
-10.2 15 0.80000001
-10.2 -15 0.80000001
-10.2 15 0.89999998
-10.2 -15 0.89999998
-10.1 14.9 0
-10.1 -15.1 0
-10.1 14.9 0.1
-10.1 -15.1 0.1
-10.1 14.9 0.2
-10.1 -15.1 0.2
-10.1 14.9 0.30000001
-10.1 -15.1 0.30000001
-10.1 14.9 0.40000001
-10.1 -15.1 0.40000001
-10.1 14.9 0.5
-10.1 -15.1 0.5
-10.1 14.9 0.60000002
-10.1 -15.1 0.60000002
-10.1 14.9 0.69999999
-10.1 -15.1 0.69999999
-10.1 14.9 0.80000001
-10.1 -15.1 0.80000001
-10.1 14.9 0.89999998
-10.1 -15.1 0.89999998
-10.1 15 0
-10.1 -15 0
-10.1 15 0.1
-10.1 -15 0.1
-10.1 15 0.2
-10.1 -15 0.2
-10.1 15 0.30000001
-10.1 -15 0.30000001
-10.1 15 0.40000001
-10.1 -15 0.40000001
-10.1 15 0.5
-10.1 -15 0.5
-10.1 15 0.60000002
-10.1 -15 0.60000002
-10.1 15 0.69999999
-10.1 -15 0.69999999
-10.1 15 0.80000001
-10.1 -15 0.80000001
-10.1 15 0.89999998
-10.1 -15 0.89999998
-10 14.9 0
-10 -15.1 0
-10 14.9 0.1
-10 -15.1 0.1
-10 14.9 0.2
-10 -15.1 0.2
-10 14.9 0.30000001
-10 -15.1 0.30000001
-10 14.9 0.40000001
-10 -15.1 0.40000001
-10 14.9 0.5
-10 -15.1 0.5
-10 14.9 0.60000002
-10 -15.1 0.60000002
-10 14.9 0.69999999
-10 -15.1 0.69999999
-10 14.9 0.80000001
-10 -15.1 0.80000001
-10 14.9 0.89999998
-10 -15.1 0.89999998
-10 15 0
-10 -15 0
-10 15 0.1
-10 -15 0.1
-10 15 0.2
-10 -15 0.2
-10 15 0.30000001
-10 -15 0.30000001
-10 15 0.40000001
-10 -15 0.40000001
-10 15 0.5
-10 -15 0.5
-10 15 0.60000002
-10 -15 0.60000002
-10 15 0.69999999
-10 -15 0.69999999
-10 15 0.80000001
-10 -15 0.80000001
-10 15 0.89999998
-10 -15 0.89999998
-9.9000006 14.9 0
-9.9000006 -15.1 0
-9.9000006 14.9 0.1
-9.9000006 -15.1 0.1
-9.9000006 14.9 0.2
-9.9000006 -15.1 0.2
-9.9000006 14.9 0.30000001
-9.9000006 -15.1 0.30000001
-9.9000006 14.9 0.40000001
-9.9000006 -15.1 0.40000001
-9.9000006 14.9 0.5
-9.9000006 -15.1 0.5
-9.9000006 14.9 0.60000002
-9.9000006 -15.1 0.60000002
-9.9000006 14.9 0.69999999
-9.9000006 -15.1 0.69999999
-9.9000006 14.9 0.80000001
-9.9000006 -15.1 0.80000001
-9.9000006 14.9 0.89999998
-9.9000006 -15.1 0.89999998
-9.9000006 15 0
-9.9000006 -15 0
-9.9000006 15 0.1
-9.9000006 -15 0.1
-9.9000006 15 0.2
-9.9000006 -15 0.2
-9.9000006 15 0.30000001
-9.9000006 -15 0.30000001
-9.9000006 15 0.40000001
-9.9000006 -15 0.40000001
-9.9000006 15 0.5
-9.9000006 -15 0.5
-9.9000006 15 0.60000002
-9.9000006 -15 0.60000002
-9.9000006 15 0.69999999
-9.9000006 -15 0.69999999
-9.9000006 15 0.80000001
-9.9000006 -15 0.80000001
-9.9000006 15 0.89999998
-9.9000006 -15 0.89999998
-9.8000002 14.9 0
-9.8000002 -15.1 0
-9.8000002 14.9 0.1
-9.8000002 -15.1 0.1
-9.8000002 14.9 0.2
-9.8000002 -15.1 0.2
-9.8000002 14.9 0.30000001
-9.8000002 -15.1 0.30000001
-9.8000002 14.9 0.40000001
-9.8000002 -15.1 0.40000001
-9.8000002 14.9 0.5
-9.8000002 -15.1 0.5
-9.8000002 14.9 0.60000002
-9.8000002 -15.1 0.60000002
-9.8000002 14.9 0.69999999
-9.8000002 -15.1 0.69999999
-9.8000002 14.9 0.80000001
-9.8000002 -15.1 0.80000001
-9.8000002 14.9 0.89999998
-9.8000002 -15.1 0.89999998
-9.8000002 15 0
-9.8000002 -15 0
-9.8000002 15 0.1
-9.8000002 -15 0.1
-9.8000002 15 0.2
-9.8000002 -15 0.2
-9.8000002 15 0.30000001
-9.8000002 -15 0.30000001
-9.8000002 15 0.40000001
-9.8000002 -15 0.40000001
-9.8000002 15 0.5
-9.8000002 -15 0.5
-9.8000002 15 0.60000002
-9.8000002 -15 0.60000002
-9.8000002 15 0.69999999
-9.8000002 -15 0.69999999
-9.8000002 15 0.80000001
-9.8000002 -15 0.80000001
-9.8000002 15 0.89999998
-9.8000002 -15 0.89999998
-9.6999998 14.9 0
-9.6999998 -15.1 0
-9.6999998 14.9 0.1
-9.6999998 -15.1 0.1
-9.6999998 14.9 0.2
-9.6999998 -15.1 0.2
-9.6999998 14.9 0.30000001
-9.6999998 -15.1 0.30000001
-9.6999998 14.9 0.40000001
-9.6999998 -15.1 0.40000001
-9.6999998 14.9 0.5
-9.6999998 -15.1 0.5
-9.6999998 14.9 0.60000002
-9.6999998 -15.1 0.60000002
-9.6999998 14.9 0.69999999
-9.6999998 -15.1 0.69999999
-9.6999998 14.9 0.80000001
-9.6999998 -15.1 0.80000001
-9.6999998 14.9 0.89999998
-9.6999998 -15.1 0.89999998
-9.6999998 15 0
-9.6999998 -15 0
-9.6999998 15 0.1
-9.6999998 -15 0.1
-9.6999998 15 0.2
-9.6999998 -15 0.2
-9.6999998 15 0.30000001
-9.6999998 -15 0.30000001
-9.6999998 15 0.40000001
-9.6999998 -15 0.40000001
-9.6999998 15 0.5
-9.6999998 -15 0.5
-9.6999998 15 0.60000002
-9.6999998 -15 0.60000002
-9.6999998 15 0.69999999
-9.6999998 -15 0.69999999
-9.6999998 15 0.80000001
-9.6999998 -15 0.80000001
-9.6999998 15 0.89999998
-9.6999998 -15 0.89999998
-9.6000004 14.9 0
-9.6000004 -15.1 0
-9.6000004 14.9 0.1
-9.6000004 -15.1 0.1
-9.6000004 14.9 0.2
-9.6000004 -15.1 0.2
-9.6000004 14.9 0.30000001
-9.6000004 -15.1 0.30000001
-9.6000004 14.9 0.40000001
-9.6000004 -15.1 0.40000001
-9.6000004 14.9 0.5
-9.6000004 -15.1 0.5
-9.6000004 14.9 0.60000002
-9.6000004 -15.1 0.60000002
-9.6000004 14.9 0.69999999
-9.6000004 -15.1 0.69999999
-9.6000004 14.9 0.80000001
-9.6000004 -15.1 0.80000001
-9.6000004 14.9 0.89999998
-9.6000004 -15.1 0.89999998
-9.6000004 15 0
-9.6000004 -15 0
-9.6000004 15 0.1
-9.6000004 -15 0.1
-9.6000004 15 0.2
-9.6000004 -15 0.2
-9.6000004 15 0.30000001
-9.6000004 -15 0.30000001
-9.6000004 15 0.40000001
-9.6000004 -15 0.40000001
-9.6000004 15 0.5
-9.6000004 -15 0.5
-9.6000004 15 0.60000002
-9.6000004 -15 0.60000002
-9.6000004 15 0.69999999
-9.6000004 -15 0.69999999
-9.6000004 15 0.80000001
-9.6000004 -15 0.80000001
-9.6000004 15 0.89999998
-9.6000004 -15 0.89999998
-9.5 14.9 0
-9.5 -15.1 0
-9.5 14.9 0.1
-9.5 -15.1 0.1
-9.5 14.9 0.2
-9.5 -15.1 0.2
-9.5 14.9 0.30000001
-9.5 -15.1 0.30000001
-9.5 14.9 0.40000001
-9.5 -15.1 0.40000001
-9.5 14.9 0.5
-9.5 -15.1 0.5
-9.5 14.9 0.60000002
-9.5 -15.1 0.60000002
-9.5 14.9 0.69999999
-9.5 -15.1 0.69999999
-9.5 14.9 0.80000001
-9.5 -15.1 0.80000001
-9.5 14.9 0.89999998
-9.5 -15.1 0.89999998
-9.5 15 0
-9.5 -15 0
-9.5 15 0.1
-9.5 -15 0.1
-9.5 15 0.2
-9.5 -15 0.2
-9.5 15 0.30000001
-9.5 -15 0.30000001
-9.5 15 0.40000001
-9.5 -15 0.40000001
-9.5 15 0.5
-9.5 -15 0.5
-9.5 15 0.60000002
-9.5 -15 0.60000002
-9.5 15 0.69999999
-9.5 -15 0.69999999
-9.5 15 0.80000001
-9.5 -15 0.80000001
-9.5 15 0.89999998
-9.5 -15 0.89999998
-9.4000006 14.9 0
-9.4000006 -15.1 0
-9.4000006 14.9 0.1
-9.4000006 -15.1 0.1
-9.4000006 14.9 0.2
-9.4000006 -15.1 0.2
-9.4000006 14.9 0.30000001
-9.4000006 -15.1 0.30000001
-9.4000006 14.9 0.40000001
-9.4000006 -15.1 0.40000001
-9.4000006 14.9 0.5
-9.4000006 -15.1 0.5
-9.4000006 14.9 0.60000002
-9.4000006 -15.1 0.60000002
-9.4000006 14.9 0.69999999
-9.4000006 -15.1 0.69999999
-9.4000006 14.9 0.80000001
-9.4000006 -15.1 0.80000001
-9.4000006 14.9 0.89999998
-9.4000006 -15.1 0.89999998
-9.4000006 15 0
-9.4000006 -15 0
-9.4000006 15 0.1
-9.4000006 -15 0.1
-9.4000006 15 0.2
-9.4000006 -15 0.2
-9.4000006 15 0.30000001
-9.4000006 -15 0.30000001
-9.4000006 15 0.40000001
-9.4000006 -15 0.40000001
-9.4000006 15 0.5
-9.4000006 -15 0.5
-9.4000006 15 0.60000002
-9.4000006 -15 0.60000002
-9.4000006 15 0.69999999
-9.4000006 -15 0.69999999
-9.4000006 15 0.80000001
-9.4000006 -15 0.80000001
-9.4000006 15 0.89999998
-9.4000006 -15 0.89999998
-9.3000002 14.9 0
-9.3000002 -15.1 0
-9.3000002 14.9 0.1
-9.3000002 -15.1 0.1
-9.3000002 14.9 0.2
-9.3000002 -15.1 0.2
-9.3000002 14.9 0.30000001
-9.3000002 -15.1 0.30000001
-9.3000002 14.9 0.40000001
-9.3000002 -15.1 0.40000001
-9.3000002 14.9 0.5
-9.3000002 -15.1 0.5
-9.3000002 14.9 0.60000002
-9.3000002 -15.1 0.60000002
-9.3000002 14.9 0.69999999
-9.3000002 -15.1 0.69999999
-9.3000002 14.9 0.80000001
-9.3000002 -15.1 0.80000001
-9.3000002 14.9 0.89999998
-9.3000002 -15.1 0.89999998
-9.3000002 15 0
-9.3000002 -15 0
-9.3000002 15 0.1
-9.3000002 -15 0.1
-9.3000002 15 0.2
-9.3000002 -15 0.2
-9.3000002 15 0.30000001
-9.3000002 -15 0.30000001
-9.3000002 15 0.40000001
-9.3000002 -15 0.40000001
-9.3000002 15 0.5
-9.3000002 -15 0.5
-9.3000002 15 0.60000002
-9.3000002 -15 0.60000002
-9.3000002 15 0.69999999
-9.3000002 -15 0.69999999
-9.3000002 15 0.80000001
-9.3000002 -15 0.80000001
-9.3000002 15 0.89999998
-9.3000002 -15 0.89999998
-9.1999998 14.9 0
-9.1999998 -15.1 0
-9.1999998 14.9 0.1
-9.1999998 -15.1 0.1
-9.1999998 14.9 0.2
-9.1999998 -15.1 0.2
-9.1999998 14.9 0.30000001
-9.1999998 -15.1 0.30000001
-9.1999998 14.9 0.40000001
-9.1999998 -15.1 0.40000001
-9.1999998 14.9 0.5
-9.1999998 -15.1 0.5
-9.1999998 14.9 0.60000002
-9.1999998 -15.1 0.60000002
-9.1999998 14.9 0.69999999
-9.1999998 -15.1 0.69999999
-9.1999998 14.9 0.80000001
-9.1999998 -15.1 0.80000001
-9.1999998 14.9 0.89999998
-9.1999998 -15.1 0.89999998
-9.1999998 15 0
-9.1999998 -15 0
-9.1999998 15 0.1
-9.1999998 -15 0.1
-9.1999998 15 0.2
-9.1999998 -15 0.2
-9.1999998 15 0.30000001
-9.1999998 -15 0.30000001
-9.1999998 15 0.40000001
-9.1999998 -15 0.40000001
-9.1999998 15 0.5
-9.1999998 -15 0.5
-9.1999998 15 0.60000002
-9.1999998 -15 0.60000002
-9.1999998 15 0.69999999
-9.1999998 -15 0.69999999
-9.1999998 15 0.80000001
-9.1999998 -15 0.80000001
-9.1999998 15 0.89999998
-9.1999998 -15 0.89999998
-9.1000004 14.9 0
-9.1000004 -15.1 0
-9.1000004 14.9 0.1
-9.1000004 -15.1 0.1
-9.1000004 14.9 0.2
-9.1000004 -15.1 0.2
-9.1000004 14.9 0.30000001
-9.1000004 -15.1 0.30000001
-9.1000004 14.9 0.40000001
-9.1000004 -15.1 0.40000001
-9.1000004 14.9 0.5
-9.1000004 -15.1 0.5
-9.1000004 14.9 0.60000002
-9.1000004 -15.1 0.60000002
-9.1000004 14.9 0.69999999
-9.1000004 -15.1 0.69999999
-9.1000004 14.9 0.80000001
-9.1000004 -15.1 0.80000001
-9.1000004 14.9 0.89999998
-9.1000004 -15.1 0.89999998
-9.1000004 15 0
-9.1000004 -15 0
-9.1000004 15 0.1
-9.1000004 -15 0.1
-9.1000004 15 0.2
-9.1000004 -15 0.2
-9.1000004 15 0.30000001
-9.1000004 -15 0.30000001
-9.1000004 15 0.40000001
-9.1000004 -15 0.40000001
-9.1000004 15 0.5
-9.1000004 -15 0.5
-9.1000004 15 0.60000002
-9.1000004 -15 0.60000002
-9.1000004 15 0.69999999
-9.1000004 -15 0.69999999
-9.1000004 15 0.80000001
-9.1000004 -15 0.80000001
-9.1000004 15 0.89999998
-9.1000004 -15 0.89999998
-9 14.9 0
-9 -15.1 0
-9 14.9 0.1
-9 -15.1 0.1
-9 14.9 0.2
-9 -15.1 0.2
-9 14.9 0.30000001
-9 -15.1 0.30000001
-9 14.9 0.40000001
-9 -15.1 0.40000001
-9 14.9 0.5
-9 -15.1 0.5
-9 14.9 0.60000002
-9 -15.1 0.60000002
-9 14.9 0.69999999
-9 -15.1 0.69999999
-9 14.9 0.80000001
-9 -15.1 0.80000001
-9 14.9 0.89999998
-9 -15.1 0.89999998
-9 15 0
-9 -15 0
-9 15 0.1
-9 -15 0.1
-9 15 0.2
-9 -15 0.2
-9 15 0.30000001
-9 -15 0.30000001
-9 15 0.40000001
-9 -15 0.40000001
-9 15 0.5
-9 -15 0.5
-9 15 0.60000002
-9 -15 0.60000002
-9 15 0.69999999
-9 -15 0.69999999
-9 15 0.80000001
-9 -15 0.80000001
-9 15 0.89999998
-9 -15 0.89999998
-8.9000006 14.9 0
-8.9000006 -15.1 0
-8.9000006 14.9 0.1
-8.9000006 -15.1 0.1
-8.9000006 14.9 0.2
-8.9000006 -15.1 0.2
-8.9000006 14.9 0.30000001
-8.9000006 -15.1 0.30000001
-8.9000006 14.9 0.40000001
-8.9000006 -15.1 0.40000001
-8.9000006 14.9 0.5
-8.9000006 -15.1 0.5
-8.9000006 14.9 0.60000002
-8.9000006 -15.1 0.60000002
-8.9000006 14.9 0.69999999
-8.9000006 -15.1 0.69999999
-8.9000006 14.9 0.80000001
-8.9000006 -15.1 0.80000001
-8.9000006 14.9 0.89999998
-8.9000006 -15.1 0.89999998
-8.9000006 15 0
-8.9000006 -15 0
-8.9000006 15 0.1
-8.9000006 -15 0.1
-8.9000006 15 0.2
-8.9000006 -15 0.2
-8.9000006 15 0.30000001
-8.9000006 -15 0.30000001
-8.9000006 15 0.40000001
-8.9000006 -15 0.40000001
-8.9000006 15 0.5
-8.9000006 -15 0.5
-8.9000006 15 0.60000002
-8.9000006 -15 0.60000002
-8.9000006 15 0.69999999
-8.9000006 -15 0.69999999
-8.9000006 15 0.80000001
-8.9000006 -15 0.80000001
-8.9000006 15 0.89999998
-8.9000006 -15 0.89999998
-8.8000002 14.9 0
-8.8000002 -15.1 0
-8.8000002 14.9 0.1
-8.8000002 -15.1 0.1
-8.8000002 14.9 0.2
-8.8000002 -15.1 0.2
-8.8000002 14.9 0.30000001
-8.8000002 -15.1 0.30000001
-8.8000002 14.9 0.40000001
-8.8000002 -15.1 0.40000001
-8.8000002 14.9 0.5
-8.8000002 -15.1 0.5
-8.8000002 14.9 0.60000002
-8.8000002 -15.1 0.60000002
-8.8000002 14.9 0.69999999
-8.8000002 -15.1 0.69999999
-8.8000002 14.9 0.80000001
-8.8000002 -15.1 0.80000001
-8.8000002 14.9 0.89999998
-8.8000002 -15.1 0.89999998
-8.8000002 15 0
-8.8000002 -15 0
-8.8000002 15 0.1
-8.8000002 -15 0.1
-8.8000002 15 0.2
-8.8000002 -15 0.2
-8.8000002 15 0.30000001
-8.8000002 -15 0.30000001
-8.8000002 15 0.40000001
-8.8000002 -15 0.40000001
-8.8000002 15 0.5
-8.8000002 -15 0.5
-8.8000002 15 0.60000002
-8.8000002 -15 0.60000002
-8.8000002 15 0.69999999
-8.8000002 -15 0.69999999
-8.8000002 15 0.80000001
-8.8000002 -15 0.80000001
-8.8000002 15 0.89999998
-8.8000002 -15 0.89999998
-8.6999998 14.9 0
-8.6999998 -15.1 0
-8.6999998 14.9 0.1
-8.6999998 -15.1 0.1
-8.6999998 14.9 0.2
-8.6999998 -15.1 0.2
-8.6999998 14.9 0.30000001
-8.6999998 -15.1 0.30000001
-8.6999998 14.9 0.40000001
-8.6999998 -15.1 0.40000001
-8.6999998 14.9 0.5
-8.6999998 -15.1 0.5
-8.6999998 14.9 0.60000002
-8.6999998 -15.1 0.60000002
-8.6999998 14.9 0.69999999
-8.6999998 -15.1 0.69999999
-8.6999998 14.9 0.80000001
-8.6999998 -15.1 0.80000001
-8.6999998 14.9 0.89999998
-8.6999998 -15.1 0.89999998
-8.6999998 15 0
-8.6999998 -15 0
-8.6999998 15 0.1
-8.6999998 -15 0.1
-8.6999998 15 0.2
-8.6999998 -15 0.2
-8.6999998 15 0.30000001
-8.6999998 -15 0.30000001
-8.6999998 15 0.40000001
-8.6999998 -15 0.40000001
-8.6999998 15 0.5
-8.6999998 -15 0.5
-8.6999998 15 0.60000002
-8.6999998 -15 0.60000002
-8.6999998 15 0.69999999
-8.6999998 -15 0.69999999
-8.6999998 15 0.80000001
-8.6999998 -15 0.80000001
-8.6999998 15 0.89999998
-8.6999998 -15 0.89999998
-8.6000004 14.9 0
-8.6000004 -15.1 0
-8.6000004 14.9 0.1
-8.6000004 -15.1 0.1
-8.6000004 14.9 0.2
-8.6000004 -15.1 0.2
-8.6000004 14.9 0.30000001
-8.6000004 -15.1 0.30000001
-8.6000004 14.9 0.40000001
-8.6000004 -15.1 0.40000001
-8.6000004 14.9 0.5
-8.6000004 -15.1 0.5
-8.6000004 14.9 0.60000002
-8.6000004 -15.1 0.60000002
-8.6000004 14.9 0.69999999
-8.6000004 -15.1 0.69999999
-8.6000004 14.9 0.80000001
-8.6000004 -15.1 0.80000001
-8.6000004 14.9 0.89999998
-8.6000004 -15.1 0.89999998
-8.6000004 15 0
-8.6000004 -15 0
-8.6000004 15 0.1
-8.6000004 -15 0.1
-8.6000004 15 0.2
-8.6000004 -15 0.2
-8.6000004 15 0.30000001
-8.6000004 -15 0.30000001
-8.6000004 15 0.40000001
-8.6000004 -15 0.40000001
-8.6000004 15 0.5
-8.6000004 -15 0.5
-8.6000004 15 0.60000002
-8.6000004 -15 0.60000002
-8.6000004 15 0.69999999
-8.6000004 -15 0.69999999
-8.6000004 15 0.80000001
-8.6000004 -15 0.80000001
-8.6000004 15 0.89999998
-8.6000004 -15 0.89999998
-8.5 14.9 0
-8.5 -15.1 0
-8.5 14.9 0.1
-8.5 -15.1 0.1
-8.5 14.9 0.2
-8.5 -15.1 0.2
-8.5 14.9 0.30000001
-8.5 -15.1 0.30000001
-8.5 14.9 0.40000001
-8.5 -15.1 0.40000001
-8.5 14.9 0.5
-8.5 -15.1 0.5
-8.5 14.9 0.60000002
-8.5 -15.1 0.60000002
-8.5 14.9 0.69999999
-8.5 -15.1 0.69999999
-8.5 14.9 0.80000001
-8.5 -15.1 0.80000001
-8.5 14.9 0.89999998
-8.5 -15.1 0.89999998
-8.5 15 0
-8.5 -15 0
-8.5 15 0.1
-8.5 -15 0.1
-8.5 15 0.2
-8.5 -15 0.2
-8.5 15 0.30000001
-8.5 -15 0.30000001
-8.5 15 0.40000001
-8.5 -15 0.40000001
-8.5 15 0.5
-8.5 -15 0.5
-8.5 15 0.60000002
-8.5 -15 0.60000002
-8.5 15 0.69999999
-8.5 -15 0.69999999
-8.5 15 0.80000001
-8.5 -15 0.80000001
-8.5 15 0.89999998
-8.5 -15 0.89999998
-8.4000006 14.9 0
-8.4000006 -15.1 0
-8.4000006 14.9 0.1
-8.4000006 -15.1 0.1
-8.4000006 14.9 0.2
-8.4000006 -15.1 0.2
-8.4000006 14.9 0.30000001
-8.4000006 -15.1 0.30000001
-8.4000006 14.9 0.40000001
-8.4000006 -15.1 0.40000001
-8.4000006 14.9 0.5
-8.4000006 -15.1 0.5
-8.4000006 14.9 0.60000002
-8.4000006 -15.1 0.60000002
-8.4000006 14.9 0.69999999
-8.4000006 -15.1 0.69999999
-8.4000006 14.9 0.80000001
-8.4000006 -15.1 0.80000001
-8.4000006 14.9 0.89999998
-8.4000006 -15.1 0.89999998
-8.4000006 15 0
-8.4000006 -15 0
-8.4000006 15 0.1
-8.4000006 -15 0.1
-8.4000006 15 0.2
-8.4000006 -15 0.2
-8.4000006 15 0.30000001
-8.4000006 -15 0.30000001
-8.4000006 15 0.40000001
-8.4000006 -15 0.40000001
-8.4000006 15 0.5
-8.4000006 -15 0.5
-8.4000006 15 0.60000002
-8.4000006 -15 0.60000002
-8.4000006 15 0.69999999
-8.4000006 -15 0.69999999
-8.4000006 15 0.80000001
-8.4000006 -15 0.80000001
-8.4000006 15 0.89999998
-8.4000006 -15 0.89999998
-8.3000002 14.9 0
-8.3000002 -15.1 0
-8.3000002 14.9 0.1
-8.3000002 -15.1 0.1
-8.3000002 14.9 0.2
-8.3000002 -15.1 0.2
-8.3000002 14.9 0.30000001
-8.3000002 -15.1 0.30000001
-8.3000002 14.9 0.40000001
-8.3000002 -15.1 0.40000001
-8.3000002 14.9 0.5
-8.3000002 -15.1 0.5
-8.3000002 14.9 0.60000002
-8.3000002 -15.1 0.60000002
-8.3000002 14.9 0.69999999
-8.3000002 -15.1 0.69999999
-8.3000002 14.9 0.80000001
-8.3000002 -15.1 0.80000001
-8.3000002 14.9 0.89999998
-8.3000002 -15.1 0.89999998
-8.3000002 15 0
-8.3000002 -15 0
-8.3000002 15 0.1
-8.3000002 -15 0.1
-8.3000002 15 0.2
-8.3000002 -15 0.2
-8.3000002 15 0.30000001
-8.3000002 -15 0.30000001
-8.3000002 15 0.40000001
-8.3000002 -15 0.40000001
-8.3000002 15 0.5
-8.3000002 -15 0.5
-8.3000002 15 0.60000002
-8.3000002 -15 0.60000002
-8.3000002 15 0.69999999
-8.3000002 -15 0.69999999
-8.3000002 15 0.80000001
-8.3000002 -15 0.80000001
-8.3000002 15 0.89999998
-8.3000002 -15 0.89999998
-8.1999998 14.9 0
-8.1999998 -15.1 0
-8.1999998 14.9 0.1
-8.1999998 -15.1 0.1
-8.1999998 14.9 0.2
-8.1999998 -15.1 0.2
-8.1999998 14.9 0.30000001
-8.1999998 -15.1 0.30000001
-8.1999998 14.9 0.40000001
-8.1999998 -15.1 0.40000001
-8.1999998 14.9 0.5
-8.1999998 -15.1 0.5
-8.1999998 14.9 0.60000002
-8.1999998 -15.1 0.60000002
-8.1999998 14.9 0.69999999
-8.1999998 -15.1 0.69999999
-8.1999998 14.9 0.80000001
-8.1999998 -15.1 0.80000001
-8.1999998 14.9 0.89999998
-8.1999998 -15.1 0.89999998
-8.1999998 15 0
-8.1999998 -15 0
-8.1999998 15 0.1
-8.1999998 -15 0.1
-8.1999998 15 0.2
-8.1999998 -15 0.2
-8.1999998 15 0.30000001
-8.1999998 -15 0.30000001
-8.1999998 15 0.40000001
-8.1999998 -15 0.40000001
-8.1999998 15 0.5
-8.1999998 -15 0.5
-8.1999998 15 0.60000002
-8.1999998 -15 0.60000002
-8.1999998 15 0.69999999
-8.1999998 -15 0.69999999
-8.1999998 15 0.80000001
-8.1999998 -15 0.80000001
-8.1999998 15 0.89999998
-8.1999998 -15 0.89999998
-8.1000004 14.9 0
-8.1000004 -15.1 0
-8.1000004 14.9 0.1
-8.1000004 -15.1 0.1
-8.1000004 14.9 0.2
-8.1000004 -15.1 0.2
-8.1000004 14.9 0.30000001
-8.1000004 -15.1 0.30000001
-8.1000004 14.9 0.40000001
-8.1000004 -15.1 0.40000001
-8.1000004 14.9 0.5
-8.1000004 -15.1 0.5
-8.1000004 14.9 0.60000002
-8.1000004 -15.1 0.60000002
-8.1000004 14.9 0.69999999
-8.1000004 -15.1 0.69999999
-8.1000004 14.9 0.80000001
-8.1000004 -15.1 0.80000001
-8.1000004 14.9 0.89999998
-8.1000004 -15.1 0.89999998
-8.1000004 15 0
-8.1000004 -15 0
-8.1000004 15 0.1
-8.1000004 -15 0.1
-8.1000004 15 0.2
-8.1000004 -15 0.2
-8.1000004 15 0.30000001
-8.1000004 -15 0.30000001
-8.1000004 15 0.40000001
-8.1000004 -15 0.40000001
-8.1000004 15 0.5
-8.1000004 -15 0.5
-8.1000004 15 0.60000002
-8.1000004 -15 0.60000002
-8.1000004 15 0.69999999
-8.1000004 -15 0.69999999
-8.1000004 15 0.80000001
-8.1000004 -15 0.80000001
-8.1000004 15 0.89999998
-8.1000004 -15 0.89999998
-8 14.9 0
-8 -15.1 0
-8 14.9 0.1
-8 -15.1 0.1
-8 14.9 0.2
-8 -15.1 0.2
-8 14.9 0.30000001
-8 -15.1 0.30000001
-8 14.9 0.40000001
-8 -15.1 0.40000001
-8 14.9 0.5
-8 -15.1 0.5
-8 14.9 0.60000002
-8 -15.1 0.60000002
-8 14.9 0.69999999
-8 -15.1 0.69999999
-8 14.9 0.80000001
-8 -15.1 0.80000001
-8 14.9 0.89999998
-8 -15.1 0.89999998
-8 15 0
-8 -15 0
-8 15 0.1
-8 -15 0.1
-8 15 0.2
-8 -15 0.2
-8 15 0.30000001
-8 -15 0.30000001
-8 15 0.40000001
-8 -15 0.40000001
-8 15 0.5
-8 -15 0.5
-8 15 0.60000002
-8 -15 0.60000002
-8 15 0.69999999
-8 -15 0.69999999
-8 15 0.80000001
-8 -15 0.80000001
-8 15 0.89999998
-8 -15 0.89999998
-7.9000001 14.9 0
-7.9000001 -15.1 0
-7.9000001 14.9 0.1
-7.9000001 -15.1 0.1
-7.9000001 14.9 0.2
-7.9000001 -15.1 0.2
-7.9000001 14.9 0.30000001
-7.9000001 -15.1 0.30000001
-7.9000001 14.9 0.40000001
-7.9000001 -15.1 0.40000001
-7.9000001 14.9 0.5
-7.9000001 -15.1 0.5
-7.9000001 14.9 0.60000002
-7.9000001 -15.1 0.60000002
-7.9000001 14.9 0.69999999
-7.9000001 -15.1 0.69999999
-7.9000001 14.9 0.80000001
-7.9000001 -15.1 0.80000001
-7.9000001 14.9 0.89999998
-7.9000001 -15.1 0.89999998
-7.9000001 15 0
-7.9000001 -15 0
-7.9000001 15 0.1
-7.9000001 -15 0.1
-7.9000001 15 0.2
-7.9000001 -15 0.2
-7.9000001 15 0.30000001
-7.9000001 -15 0.30000001
-7.9000001 15 0.40000001
-7.9000001 -15 0.40000001
-7.9000001 15 0.5
-7.9000001 -15 0.5
-7.9000001 15 0.60000002
-7.9000001 -15 0.60000002
-7.9000001 15 0.69999999
-7.9000001 -15 0.69999999
-7.9000001 15 0.80000001
-7.9000001 -15 0.80000001
-7.9000001 15 0.89999998
-7.9000001 -15 0.89999998
-7.7999997 14.9 0
-7.7999997 -15.1 0
-7.7999997 14.9 0.1
-7.7999997 -15.1 0.1
-7.7999997 14.9 0.2
-7.7999997 -15.1 0.2
-7.7999997 14.9 0.30000001
-7.7999997 -15.1 0.30000001
-7.7999997 14.9 0.40000001
-7.7999997 -15.1 0.40000001
-7.7999997 14.9 0.5
-7.7999997 -15.1 0.5
-7.7999997 14.9 0.60000002
-7.7999997 -15.1 0.60000002
-7.7999997 14.9 0.69999999
-7.7999997 -15.1 0.69999999
-7.7999997 14.9 0.80000001
-7.7999997 -15.1 0.80000001
-7.7999997 14.9 0.89999998
-7.7999997 -15.1 0.89999998
-7.7999997 15 0
-7.7999997 -15 0
-7.7999997 15 0.1
-7.7999997 -15 0.1
-7.7999997 15 0.2
-7.7999997 -15 0.2
-7.7999997 15 0.30000001
-7.7999997 -15 0.30000001
-7.7999997 15 0.40000001
-7.7999997 -15 0.40000001
-7.7999997 15 0.5
-7.7999997 -15 0.5
-7.7999997 15 0.60000002
-7.7999997 -15 0.60000002
-7.7999997 15 0.69999999
-7.7999997 -15 0.69999999
-7.7999997 15 0.80000001
-7.7999997 -15 0.80000001
-7.7999997 15 0.89999998
-7.7999997 -15 0.89999998
-7.6999998 14.9 0
-7.6999998 -15.1 0
-7.6999998 14.9 0.1
-7.6999998 -15.1 0.1
-7.6999998 14.9 0.2
-7.6999998 -15.1 0.2
-7.6999998 14.9 0.30000001
-7.6999998 -15.1 0.30000001
-7.6999998 14.9 0.40000001
-7.6999998 -15.1 0.40000001
-7.6999998 14.9 0.5
-7.6999998 -15.1 0.5
-7.6999998 14.9 0.60000002
-7.6999998 -15.1 0.60000002
-7.6999998 14.9 0.69999999
-7.6999998 -15.1 0.69999999
-7.6999998 14.9 0.80000001
-7.6999998 -15.1 0.80000001
-7.6999998 14.9 0.89999998
-7.6999998 -15.1 0.89999998
-7.6999998 15 0
-7.6999998 -15 0
-7.6999998 15 0.1
-7.6999998 -15 0.1
-7.6999998 15 0.2
-7.6999998 -15 0.2
-7.6999998 15 0.30000001
-7.6999998 -15 0.30000001
-7.6999998 15 0.40000001
-7.6999998 -15 0.40000001
-7.6999998 15 0.5
-7.6999998 -15 0.5
-7.6999998 15 0.60000002
-7.6999998 -15 0.60000002
-7.6999998 15 0.69999999
-7.6999998 -15 0.69999999
-7.6999998 15 0.80000001
-7.6999998 -15 0.80000001
-7.6999998 15 0.89999998
-7.6999998 -15 0.89999998
-7.5999999 14.9 0
-7.5999999 -15.1 0
-7.5999999 14.9 0.1
-7.5999999 -15.1 0.1
-7.5999999 14.9 0.2
-7.5999999 -15.1 0.2
-7.5999999 14.9 0.30000001
-7.5999999 -15.1 0.30000001
-7.5999999 14.9 0.40000001
-7.5999999 -15.1 0.40000001
-7.5999999 14.9 0.5
-7.5999999 -15.1 0.5
-7.5999999 14.9 0.60000002
-7.5999999 -15.1 0.60000002
-7.5999999 14.9 0.69999999
-7.5999999 -15.1 0.69999999
-7.5999999 14.9 0.80000001
-7.5999999 -15.1 0.80000001
-7.5999999 14.9 0.89999998
-7.5999999 -15.1 0.89999998
-7.5999999 15 0
-7.5999999 -15 0
-7.5999999 15 0.1
-7.5999999 -15 0.1
-7.5999999 15 0.2
-7.5999999 -15 0.2
-7.5999999 15 0.30000001
-7.5999999 -15 0.30000001
-7.5999999 15 0.40000001
-7.5999999 -15 0.40000001
-7.5999999 15 0.5
-7.5999999 -15 0.5
-7.5999999 15 0.60000002
-7.5999999 -15 0.60000002
-7.5999999 15 0.69999999
-7.5999999 -15 0.69999999
-7.5999999 15 0.80000001
-7.5999999 -15 0.80000001
-7.5999999 15 0.89999998
-7.5999999 -15 0.89999998
-7.5 14.9 0
-7.5 -15.1 0
-7.5 14.9 0.1
-7.5 -15.1 0.1
-7.5 14.9 0.2
-7.5 -15.1 0.2
-7.5 14.9 0.30000001
-7.5 -15.1 0.30000001
-7.5 14.9 0.40000001
-7.5 -15.1 0.40000001
-7.5 14.9 0.5
-7.5 -15.1 0.5
-7.5 14.9 0.60000002
-7.5 -15.1 0.60000002
-7.5 14.9 0.69999999
-7.5 -15.1 0.69999999
-7.5 14.9 0.80000001
-7.5 -15.1 0.80000001
-7.5 14.9 0.89999998
-7.5 -15.1 0.89999998
-7.5 15 0
-7.5 -15 0
-7.5 15 0.1
-7.5 -15 0.1
-7.5 15 0.2
-7.5 -15 0.2
-7.5 15 0.30000001
-7.5 -15 0.30000001
-7.5 15 0.40000001
-7.5 -15 0.40000001
-7.5 15 0.5
-7.5 -15 0.5
-7.5 15 0.60000002
-7.5 -15 0.60000002
-7.5 15 0.69999999
-7.5 -15 0.69999999
-7.5 15 0.80000001
-7.5 -15 0.80000001
-7.5 15 0.89999998
-7.5 -15 0.89999998
-7.4000001 14.9 0
-7.4000001 -15.1 0
-7.4000001 14.9 0.1
-7.4000001 -15.1 0.1
-7.4000001 14.9 0.2
-7.4000001 -15.1 0.2
-7.4000001 14.9 0.30000001
-7.4000001 -15.1 0.30000001
-7.4000001 14.9 0.40000001
-7.4000001 -15.1 0.40000001
-7.4000001 14.9 0.5
-7.4000001 -15.1 0.5
-7.4000001 14.9 0.60000002
-7.4000001 -15.1 0.60000002
-7.4000001 14.9 0.69999999
-7.4000001 -15.1 0.69999999
-7.4000001 14.9 0.80000001
-7.4000001 -15.1 0.80000001
-7.4000001 14.9 0.89999998
-7.4000001 -15.1 0.89999998
-7.4000001 15 0
-7.4000001 -15 0
-7.4000001 15 0.1
-7.4000001 -15 0.1
-7.4000001 15 0.2
-7.4000001 -15 0.2
-7.4000001 15 0.30000001
-7.4000001 -15 0.30000001
-7.4000001 15 0.40000001
-7.4000001 -15 0.40000001
-7.4000001 15 0.5
-7.4000001 -15 0.5
-7.4000001 15 0.60000002
-7.4000001 -15 0.60000002
-7.4000001 15 0.69999999
-7.4000001 -15 0.69999999
-7.4000001 15 0.80000001
-7.4000001 -15 0.80000001
-7.4000001 15 0.89999998
-7.4000001 -15 0.89999998
-7.2999997 14.9 0
-7.2999997 -15.1 0
-7.2999997 14.9 0.1
-7.2999997 -15.1 0.1
-7.2999997 14.9 0.2
-7.2999997 -15.1 0.2
-7.2999997 14.9 0.30000001
-7.2999997 -15.1 0.30000001
-7.2999997 14.9 0.40000001
-7.2999997 -15.1 0.40000001
-7.2999997 14.9 0.5
-7.2999997 -15.1 0.5
-7.2999997 14.9 0.60000002
-7.2999997 -15.1 0.60000002
-7.2999997 14.9 0.69999999
-7.2999997 -15.1 0.69999999
-7.2999997 14.9 0.80000001
-7.2999997 -15.1 0.80000001
-7.2999997 14.9 0.89999998
-7.2999997 -15.1 0.89999998
-7.2999997 15 0
-7.2999997 -15 0
-7.2999997 15 0.1
-7.2999997 -15 0.1
-7.2999997 15 0.2
-7.2999997 -15 0.2
-7.2999997 15 0.30000001
-7.2999997 -15 0.30000001
-7.2999997 15 0.40000001
-7.2999997 -15 0.40000001
-7.2999997 15 0.5
-7.2999997 -15 0.5
-7.2999997 15 0.60000002
-7.2999997 -15 0.60000002
-7.2999997 15 0.69999999
-7.2999997 -15 0.69999999
-7.2999997 15 0.80000001
-7.2999997 -15 0.80000001
-7.2999997 15 0.89999998
-7.2999997 -15 0.89999998
-7.1999998 14.9 0
-7.1999998 -15.1 0
-7.1999998 14.9 0.1
-7.1999998 -15.1 0.1
-7.1999998 14.9 0.2
-7.1999998 -15.1 0.2
-7.1999998 14.9 0.30000001
-7.1999998 -15.1 0.30000001
-7.1999998 14.9 0.40000001
-7.1999998 -15.1 0.40000001
-7.1999998 14.9 0.5
-7.1999998 -15.1 0.5
-7.1999998 14.9 0.60000002
-7.1999998 -15.1 0.60000002
-7.1999998 14.9 0.69999999
-7.1999998 -15.1 0.69999999
-7.1999998 14.9 0.80000001
-7.1999998 -15.1 0.80000001
-7.1999998 14.9 0.89999998
-7.1999998 -15.1 0.89999998
-7.1999998 15 0
-7.1999998 -15 0
-7.1999998 15 0.1
-7.1999998 -15 0.1
-7.1999998 15 0.2
-7.1999998 -15 0.2
-7.1999998 15 0.30000001
-7.1999998 -15 0.30000001
-7.1999998 15 0.40000001
-7.1999998 -15 0.40000001
-7.1999998 15 0.5
-7.1999998 -15 0.5
-7.1999998 15 0.60000002
-7.1999998 -15 0.60000002
-7.1999998 15 0.69999999
-7.1999998 -15 0.69999999
-7.1999998 15 0.80000001
-7.1999998 -15 0.80000001
-7.1999998 15 0.89999998
-7.1999998 -15 0.89999998
-7.0999999 14.9 0
-7.0999999 -15.1 0
-7.0999999 14.9 0.1
-7.0999999 -15.1 0.1
-7.0999999 14.9 0.2
-7.0999999 -15.1 0.2
-7.0999999 14.9 0.30000001
-7.0999999 -15.1 0.30000001
-7.0999999 14.9 0.40000001
-7.0999999 -15.1 0.40000001
-7.0999999 14.9 0.5
-7.0999999 -15.1 0.5
-7.0999999 14.9 0.60000002
-7.0999999 -15.1 0.60000002
-7.0999999 14.9 0.69999999
-7.0999999 -15.1 0.69999999
-7.0999999 14.9 0.80000001
-7.0999999 -15.1 0.80000001
-7.0999999 14.9 0.89999998
-7.0999999 -15.1 0.89999998
-7.0999999 15 0
-7.0999999 -15 0
-7.0999999 15 0.1
-7.0999999 -15 0.1
-7.0999999 15 0.2
-7.0999999 -15 0.2
-7.0999999 15 0.30000001
-7.0999999 -15 0.30000001
-7.0999999 15 0.40000001
-7.0999999 -15 0.40000001
-7.0999999 15 0.5
-7.0999999 -15 0.5
-7.0999999 15 0.60000002
-7.0999999 -15 0.60000002
-7.0999999 15 0.69999999
-7.0999999 -15 0.69999999
-7.0999999 15 0.80000001
-7.0999999 -15 0.80000001
-7.0999999 15 0.89999998
-7.0999999 -15 0.89999998
-6.9999995 14.9 0
-6.9999995 -15.1 0
-6.9999995 14.9 0.1
-6.9999995 -15.1 0.1
-6.9999995 14.9 0.2
-6.9999995 -15.1 0.2
-6.9999995 14.9 0.30000001
-6.9999995 -15.1 0.30000001
-6.9999995 14.9 0.40000001
-6.9999995 -15.1 0.40000001
-6.9999995 14.9 0.5
-6.9999995 -15.1 0.5
-6.9999995 14.9 0.60000002
-6.9999995 -15.1 0.60000002
-6.9999995 14.9 0.69999999
-6.9999995 -15.1 0.69999999
-6.9999995 14.9 0.80000001
-6.9999995 -15.1 0.80000001
-6.9999995 14.9 0.89999998
-6.9999995 -15.1 0.89999998
-6.9999995 15 0
-6.9999995 -15 0
-6.9999995 15 0.1
-6.9999995 -15 0.1
-6.9999995 15 0.2
-6.9999995 -15 0.2
-6.9999995 15 0.30000001
-6.9999995 -15 0.30000001
-6.9999995 15 0.40000001
-6.9999995 -15 0.40000001
-6.9999995 15 0.5
-6.9999995 -15 0.5
-6.9999995 15 0.60000002
-6.9999995 -15 0.60000002
-6.9999995 15 0.69999999
-6.9999995 -15 0.69999999
-6.9999995 15 0.80000001
-6.9999995 -15 0.80000001
-6.9999995 15 0.89999998
-6.9999995 -15 0.89999998
-6.9000001 14.9 0
-6.9000001 -15.1 0
-6.9000001 14.9 0.1
-6.9000001 -15.1 0.1
-6.9000001 14.9 0.2
-6.9000001 -15.1 0.2
-6.9000001 14.9 0.30000001
-6.9000001 -15.1 0.30000001
-6.9000001 14.9 0.40000001
-6.9000001 -15.1 0.40000001
-6.9000001 14.9 0.5
-6.9000001 -15.1 0.5
-6.9000001 14.9 0.60000002
-6.9000001 -15.1 0.60000002
-6.9000001 14.9 0.69999999
-6.9000001 -15.1 0.69999999
-6.9000001 14.9 0.80000001
-6.9000001 -15.1 0.80000001
-6.9000001 14.9 0.89999998
-6.9000001 -15.1 0.89999998
-6.9000001 15 0
-6.9000001 -15 0
-6.9000001 15 0.1
-6.9000001 -15 0.1
-6.9000001 15 0.2
-6.9000001 -15 0.2
-6.9000001 15 0.30000001
-6.9000001 -15 0.30000001
-6.9000001 15 0.40000001
-6.9000001 -15 0.40000001
-6.9000001 15 0.5
-6.9000001 -15 0.5
-6.9000001 15 0.60000002
-6.9000001 -15 0.60000002
-6.9000001 15 0.69999999
-6.9000001 -15 0.69999999
-6.9000001 15 0.80000001
-6.9000001 -15 0.80000001
-6.9000001 15 0.89999998
-6.9000001 -15 0.89999998
-6.7999997 14.9 0
-6.7999997 -15.1 0
-6.7999997 14.9 0.1
-6.7999997 -15.1 0.1
-6.7999997 14.9 0.2
-6.7999997 -15.1 0.2
-6.7999997 14.9 0.30000001
-6.7999997 -15.1 0.30000001
-6.7999997 14.9 0.40000001
-6.7999997 -15.1 0.40000001
-6.7999997 14.9 0.5
-6.7999997 -15.1 0.5
-6.7999997 14.9 0.60000002
-6.7999997 -15.1 0.60000002
-6.7999997 14.9 0.69999999
-6.7999997 -15.1 0.69999999
-6.7999997 14.9 0.80000001
-6.7999997 -15.1 0.80000001
-6.7999997 14.9 0.89999998
-6.7999997 -15.1 0.89999998
-6.7999997 15 0
-6.7999997 -15 0
-6.7999997 15 0.1
-6.7999997 -15 0.1
-6.7999997 15 0.2
-6.7999997 -15 0.2
-6.7999997 15 0.30000001
-6.7999997 -15 0.30000001
-6.7999997 15 0.40000001
-6.7999997 -15 0.40000001
-6.7999997 15 0.5
-6.7999997 -15 0.5
-6.7999997 15 0.60000002
-6.7999997 -15 0.60000002
-6.7999997 15 0.69999999
-6.7999997 -15 0.69999999
-6.7999997 15 0.80000001
-6.7999997 -15 0.80000001
-6.7999997 15 0.89999998
-6.7999997 -15 0.89999998
-6.7000003 14.9 0
-6.7000003 -15.1 0
-6.7000003 14.9 0.1
-6.7000003 -15.1 0.1
-6.7000003 14.9 0.2
-6.7000003 -15.1 0.2
-6.7000003 14.9 0.30000001
-6.7000003 -15.1 0.30000001
-6.7000003 14.9 0.40000001
-6.7000003 -15.1 0.40000001
-6.7000003 14.9 0.5
-6.7000003 -15.1 0.5
-6.7000003 14.9 0.60000002
-6.7000003 -15.1 0.60000002
-6.7000003 14.9 0.69999999
-6.7000003 -15.1 0.69999999
-6.7000003 14.9 0.80000001
-6.7000003 -15.1 0.80000001
-6.7000003 14.9 0.89999998
-6.7000003 -15.1 0.89999998
-6.7000003 15 0
-6.7000003 -15 0
-6.7000003 15 0.1
-6.7000003 -15 0.1
-6.7000003 15 0.2
-6.7000003 -15 0.2
-6.7000003 15 0.30000001
-6.7000003 -15 0.30000001
-6.7000003 15 0.40000001
-6.7000003 -15 0.40000001
-6.7000003 15 0.5
-6.7000003 -15 0.5
-6.7000003 15 0.60000002
-6.7000003 -15 0.60000002
-6.7000003 15 0.69999999
-6.7000003 -15 0.69999999
-6.7000003 15 0.80000001
-6.7000003 -15 0.80000001
-6.7000003 15 0.89999998
-6.7000003 -15 0.89999998
-6.5999999 14.9 0
-6.5999999 -15.1 0
-6.5999999 14.9 0.1
-6.5999999 -15.1 0.1
-6.5999999 14.9 0.2
-6.5999999 -15.1 0.2
-6.5999999 14.9 0.30000001
-6.5999999 -15.1 0.30000001
-6.5999999 14.9 0.40000001
-6.5999999 -15.1 0.40000001
-6.5999999 14.9 0.5
-6.5999999 -15.1 0.5
-6.5999999 14.9 0.60000002
-6.5999999 -15.1 0.60000002
-6.5999999 14.9 0.69999999
-6.5999999 -15.1 0.69999999
-6.5999999 14.9 0.80000001
-6.5999999 -15.1 0.80000001
-6.5999999 14.9 0.89999998
-6.5999999 -15.1 0.89999998
-6.5999999 15 0
-6.5999999 -15 0
-6.5999999 15 0.1
-6.5999999 -15 0.1
-6.5999999 15 0.2
-6.5999999 -15 0.2
-6.5999999 15 0.30000001
-6.5999999 -15 0.30000001
-6.5999999 15 0.40000001
-6.5999999 -15 0.40000001
-6.5999999 15 0.5
-6.5999999 -15 0.5
-6.5999999 15 0.60000002
-6.5999999 -15 0.60000002
-6.5999999 15 0.69999999
-6.5999999 -15 0.69999999
-6.5999999 15 0.80000001
-6.5999999 -15 0.80000001
-6.5999999 15 0.89999998
-6.5999999 -15 0.89999998
-6.4999995 14.9 0
-6.4999995 -15.1 0
-6.4999995 14.9 0.1
-6.4999995 -15.1 0.1
-6.4999995 14.9 0.2
-6.4999995 -15.1 0.2
-6.4999995 14.9 0.30000001
-6.4999995 -15.1 0.30000001
-6.4999995 14.9 0.40000001
-6.4999995 -15.1 0.40000001
-6.4999995 14.9 0.5
-6.4999995 -15.1 0.5
-6.4999995 14.9 0.60000002
-6.4999995 -15.1 0.60000002
-6.4999995 14.9 0.69999999
-6.4999995 -15.1 0.69999999
-6.4999995 14.9 0.80000001
-6.4999995 -15.1 0.80000001
-6.4999995 14.9 0.89999998
-6.4999995 -15.1 0.89999998
-6.4999995 15 0
-6.4999995 -15 0
-6.4999995 15 0.1
-6.4999995 -15 0.1
-6.4999995 15 0.2
-6.4999995 -15 0.2
-6.4999995 15 0.30000001
-6.4999995 -15 0.30000001
-6.4999995 15 0.40000001
-6.4999995 -15 0.40000001
-6.4999995 15 0.5
-6.4999995 -15 0.5
-6.4999995 15 0.60000002
-6.4999995 -15 0.60000002
-6.4999995 15 0.69999999
-6.4999995 -15 0.69999999
-6.4999995 15 0.80000001
-6.4999995 -15 0.80000001
-6.4999995 15 0.89999998
-6.4999995 -15 0.89999998
-6.4000001 14.9 0
-6.4000001 -15.1 0
-6.4000001 14.9 0.1
-6.4000001 -15.1 0.1
-6.4000001 14.9 0.2
-6.4000001 -15.1 0.2
-6.4000001 14.9 0.30000001
-6.4000001 -15.1 0.30000001
-6.4000001 14.9 0.40000001
-6.4000001 -15.1 0.40000001
-6.4000001 14.9 0.5
-6.4000001 -15.1 0.5
-6.4000001 14.9 0.60000002
-6.4000001 -15.1 0.60000002
-6.4000001 14.9 0.69999999
-6.4000001 -15.1 0.69999999
-6.4000001 14.9 0.80000001
-6.4000001 -15.1 0.80000001
-6.4000001 14.9 0.89999998
-6.4000001 -15.1 0.89999998
-6.4000001 15 0
-6.4000001 -15 0
-6.4000001 15 0.1
-6.4000001 -15 0.1
-6.4000001 15 0.2
-6.4000001 -15 0.2
-6.4000001 15 0.30000001
-6.4000001 -15 0.30000001
-6.4000001 15 0.40000001
-6.4000001 -15 0.40000001
-6.4000001 15 0.5
-6.4000001 -15 0.5
-6.4000001 15 0.60000002
-6.4000001 -15 0.60000002
-6.4000001 15 0.69999999
-6.4000001 -15 0.69999999
-6.4000001 15 0.80000001
-6.4000001 -15 0.80000001
-6.4000001 15 0.89999998
-6.4000001 -15 0.89999998
-6.2999997 14.9 0
-6.2999997 -15.1 0
-6.2999997 14.9 0.1
-6.2999997 -15.1 0.1
-6.2999997 14.9 0.2
-6.2999997 -15.1 0.2
-6.2999997 14.9 0.30000001
-6.2999997 -15.1 0.30000001
-6.2999997 14.9 0.40000001
-6.2999997 -15.1 0.40000001
-6.2999997 14.9 0.5
-6.2999997 -15.1 0.5
-6.2999997 14.9 0.60000002
-6.2999997 -15.1 0.60000002
-6.2999997 14.9 0.69999999
-6.2999997 -15.1 0.69999999
-6.2999997 14.9 0.80000001
-6.2999997 -15.1 0.80000001
-6.2999997 14.9 0.89999998
-6.2999997 -15.1 0.89999998
-6.2999997 15 0
-6.2999997 -15 0
-6.2999997 15 0.1
-6.2999997 -15 0.1
-6.2999997 15 0.2
-6.2999997 -15 0.2
-6.2999997 15 0.30000001
-6.2999997 -15 0.30000001
-6.2999997 15 0.40000001
-6.2999997 -15 0.40000001
-6.2999997 15 0.5
-6.2999997 -15 0.5
-6.2999997 15 0.60000002
-6.2999997 -15 0.60000002
-6.2999997 15 0.69999999
-6.2999997 -15 0.69999999
-6.2999997 15 0.80000001
-6.2999997 -15 0.80000001
-6.2999997 15 0.89999998
-6.2999997 -15 0.89999998
-6.2000003 14.9 0
-6.2000003 -15.1 0
-6.2000003 14.9 0.1
-6.2000003 -15.1 0.1
-6.2000003 14.9 0.2
-6.2000003 -15.1 0.2
-6.2000003 14.9 0.30000001
-6.2000003 -15.1 0.30000001
-6.2000003 14.9 0.40000001
-6.2000003 -15.1 0.40000001
-6.2000003 14.9 0.5
-6.2000003 -15.1 0.5
-6.2000003 14.9 0.60000002
-6.2000003 -15.1 0.60000002
-6.2000003 14.9 0.69999999
-6.2000003 -15.1 0.69999999
-6.2000003 14.9 0.80000001
-6.2000003 -15.1 0.80000001
-6.2000003 14.9 0.89999998
-6.2000003 -15.1 0.89999998
-6.2000003 15 0
-6.2000003 -15 0
-6.2000003 15 0.1
-6.2000003 -15 0.1
-6.2000003 15 0.2
-6.2000003 -15 0.2
-6.2000003 15 0.30000001
-6.2000003 -15 0.30000001
-6.2000003 15 0.40000001
-6.2000003 -15 0.40000001
-6.2000003 15 0.5
-6.2000003 -15 0.5
-6.2000003 15 0.60000002
-6.2000003 -15 0.60000002
-6.2000003 15 0.69999999
-6.2000003 -15 0.69999999
-6.2000003 15 0.80000001
-6.2000003 -15 0.80000001
-6.2000003 15 0.89999998
-6.2000003 -15 0.89999998
-6.0999999 14.9 0
-6.0999999 -15.1 0
-6.0999999 14.9 0.1
-6.0999999 -15.1 0.1
-6.0999999 14.9 0.2
-6.0999999 -15.1 0.2
-6.0999999 14.9 0.30000001
-6.0999999 -15.1 0.30000001
-6.0999999 14.9 0.40000001
-6.0999999 -15.1 0.40000001
-6.0999999 14.9 0.5
-6.0999999 -15.1 0.5
-6.0999999 14.9 0.60000002
-6.0999999 -15.1 0.60000002
-6.0999999 14.9 0.69999999
-6.0999999 -15.1 0.69999999
-6.0999999 14.9 0.80000001
-6.0999999 -15.1 0.80000001
-6.0999999 14.9 0.89999998
-6.0999999 -15.1 0.89999998
-6.0999999 15 0
-6.0999999 -15 0
-6.0999999 15 0.1
-6.0999999 -15 0.1
-6.0999999 15 0.2
-6.0999999 -15 0.2
-6.0999999 15 0.30000001
-6.0999999 -15 0.30000001
-6.0999999 15 0.40000001
-6.0999999 -15 0.40000001
-6.0999999 15 0.5
-6.0999999 -15 0.5
-6.0999999 15 0.60000002
-6.0999999 -15 0.60000002
-6.0999999 15 0.69999999
-6.0999999 -15 0.69999999
-6.0999999 15 0.80000001
-6.0999999 -15 0.80000001
-6.0999999 15 0.89999998
-6.0999999 -15 0.89999998
-5.9999995 14.9 0
-5.9999995 -15.1 0
-5.9999995 14.9 0.1
-5.9999995 -15.1 0.1
-5.9999995 14.9 0.2
-5.9999995 -15.1 0.2
-5.9999995 14.9 0.30000001
-5.9999995 -15.1 0.30000001
-5.9999995 14.9 0.40000001
-5.9999995 -15.1 0.40000001
-5.9999995 14.9 0.5
-5.9999995 -15.1 0.5
-5.9999995 14.9 0.60000002
-5.9999995 -15.1 0.60000002
-5.9999995 14.9 0.69999999
-5.9999995 -15.1 0.69999999
-5.9999995 14.9 0.80000001
-5.9999995 -15.1 0.80000001
-5.9999995 14.9 0.89999998
-5.9999995 -15.1 0.89999998
-5.9999995 15 0
-5.9999995 -15 0
-5.9999995 15 0.1
-5.9999995 -15 0.1
-5.9999995 15 0.2
-5.9999995 -15 0.2
-5.9999995 15 0.30000001
-5.9999995 -15 0.30000001
-5.9999995 15 0.40000001
-5.9999995 -15 0.40000001
-5.9999995 15 0.5
-5.9999995 -15 0.5
-5.9999995 15 0.60000002
-5.9999995 -15 0.60000002
-5.9999995 15 0.69999999
-5.9999995 -15 0.69999999
-5.9999995 15 0.80000001
-5.9999995 -15 0.80000001
-5.9999995 15 0.89999998
-5.9999995 -15 0.89999998
-5.9000001 14.9 0
-5.9000001 -15.1 0
-5.9000001 14.9 0.1
-5.9000001 -15.1 0.1
-5.9000001 14.9 0.2
-5.9000001 -15.1 0.2
-5.9000001 14.9 0.30000001
-5.9000001 -15.1 0.30000001
-5.9000001 14.9 0.40000001
-5.9000001 -15.1 0.40000001
-5.9000001 14.9 0.5
-5.9000001 -15.1 0.5
-5.9000001 14.9 0.60000002
-5.9000001 -15.1 0.60000002
-5.9000001 14.9 0.69999999
-5.9000001 -15.1 0.69999999
-5.9000001 14.9 0.80000001
-5.9000001 -15.1 0.80000001
-5.9000001 14.9 0.89999998
-5.9000001 -15.1 0.89999998
-5.9000001 15 0
-5.9000001 -15 0
-5.9000001 15 0.1
-5.9000001 -15 0.1
-5.9000001 15 0.2
-5.9000001 -15 0.2
-5.9000001 15 0.30000001
-5.9000001 -15 0.30000001
-5.9000001 15 0.40000001
-5.9000001 -15 0.40000001
-5.9000001 15 0.5
-5.9000001 -15 0.5
-5.9000001 15 0.60000002
-5.9000001 -15 0.60000002
-5.9000001 15 0.69999999
-5.9000001 -15 0.69999999
-5.9000001 15 0.80000001
-5.9000001 -15 0.80000001
-5.9000001 15 0.89999998
-5.9000001 -15 0.89999998
-5.7999997 14.9 0
-5.7999997 -15.1 0
-5.7999997 14.9 0.1
-5.7999997 -15.1 0.1
-5.7999997 14.9 0.2
-5.7999997 -15.1 0.2
-5.7999997 14.9 0.30000001
-5.7999997 -15.1 0.30000001
-5.7999997 14.9 0.40000001
-5.7999997 -15.1 0.40000001
-5.7999997 14.9 0.5
-5.7999997 -15.1 0.5
-5.7999997 14.9 0.60000002
-5.7999997 -15.1 0.60000002
-5.7999997 14.9 0.69999999
-5.7999997 -15.1 0.69999999
-5.7999997 14.9 0.80000001
-5.7999997 -15.1 0.80000001
-5.7999997 14.9 0.89999998
-5.7999997 -15.1 0.89999998
-5.7999997 15 0
-5.7999997 -15 0
-5.7999997 15 0.1
-5.7999997 -15 0.1
-5.7999997 15 0.2
-5.7999997 -15 0.2
-5.7999997 15 0.30000001
-5.7999997 -15 0.30000001
-5.7999997 15 0.40000001
-5.7999997 -15 0.40000001
-5.7999997 15 0.5
-5.7999997 -15 0.5
-5.7999997 15 0.60000002
-5.7999997 -15 0.60000002
-5.7999997 15 0.69999999
-5.7999997 -15 0.69999999
-5.7999997 15 0.80000001
-5.7999997 -15 0.80000001
-5.7999997 15 0.89999998
-5.7999997 -15 0.89999998
-5.7000003 14.9 0
-5.7000003 -15.1 0
-5.7000003 14.9 0.1
-5.7000003 -15.1 0.1
-5.7000003 14.9 0.2
-5.7000003 -15.1 0.2
-5.7000003 14.9 0.30000001
-5.7000003 -15.1 0.30000001
-5.7000003 14.9 0.40000001
-5.7000003 -15.1 0.40000001
-5.7000003 14.9 0.5
-5.7000003 -15.1 0.5
-5.7000003 14.9 0.60000002
-5.7000003 -15.1 0.60000002
-5.7000003 14.9 0.69999999
-5.7000003 -15.1 0.69999999
-5.7000003 14.9 0.80000001
-5.7000003 -15.1 0.80000001
-5.7000003 14.9 0.89999998
-5.7000003 -15.1 0.89999998
-5.7000003 15 0
-5.7000003 -15 0
-5.7000003 15 0.1
-5.7000003 -15 0.1
-5.7000003 15 0.2
-5.7000003 -15 0.2
-5.7000003 15 0.30000001
-5.7000003 -15 0.30000001
-5.7000003 15 0.40000001
-5.7000003 -15 0.40000001
-5.7000003 15 0.5
-5.7000003 -15 0.5
-5.7000003 15 0.60000002
-5.7000003 -15 0.60000002
-5.7000003 15 0.69999999
-5.7000003 -15 0.69999999
-5.7000003 15 0.80000001
-5.7000003 -15 0.80000001
-5.7000003 15 0.89999998
-5.7000003 -15 0.89999998
-5.5999999 14.9 0
-5.5999999 -15.1 0
-5.5999999 14.9 0.1
-5.5999999 -15.1 0.1
-5.5999999 14.9 0.2
-5.5999999 -15.1 0.2
-5.5999999 14.9 0.30000001
-5.5999999 -15.1 0.30000001
-5.5999999 14.9 0.40000001
-5.5999999 -15.1 0.40000001
-5.5999999 14.9 0.5
-5.5999999 -15.1 0.5
-5.5999999 14.9 0.60000002
-5.5999999 -15.1 0.60000002
-5.5999999 14.9 0.69999999
-5.5999999 -15.1 0.69999999
-5.5999999 14.9 0.80000001
-5.5999999 -15.1 0.80000001
-5.5999999 14.9 0.89999998
-5.5999999 -15.1 0.89999998
-5.5999999 15 0
-5.5999999 -15 0
-5.5999999 15 0.1
-5.5999999 -15 0.1
-5.5999999 15 0.2
-5.5999999 -15 0.2
-5.5999999 15 0.30000001
-5.5999999 -15 0.30000001
-5.5999999 15 0.40000001
-5.5999999 -15 0.40000001
-5.5999999 15 0.5
-5.5999999 -15 0.5
-5.5999999 15 0.60000002
-5.5999999 -15 0.60000002
-5.5999999 15 0.69999999
-5.5999999 -15 0.69999999
-5.5999999 15 0.80000001
-5.5999999 -15 0.80000001
-5.5999999 15 0.89999998
-5.5999999 -15 0.89999998
-5.4999995 14.9 0
-5.4999995 -15.1 0
-5.4999995 14.9 0.1
-5.4999995 -15.1 0.1
-5.4999995 14.9 0.2
-5.4999995 -15.1 0.2
-5.4999995 14.9 0.30000001
-5.4999995 -15.1 0.30000001
-5.4999995 14.9 0.40000001
-5.4999995 -15.1 0.40000001
-5.4999995 14.9 0.5
-5.4999995 -15.1 0.5
-5.4999995 14.9 0.60000002
-5.4999995 -15.1 0.60000002
-5.4999995 14.9 0.69999999
-5.4999995 -15.1 0.69999999
-5.4999995 14.9 0.80000001
-5.4999995 -15.1 0.80000001
-5.4999995 14.9 0.89999998
-5.4999995 -15.1 0.89999998
-5.4999995 15 0
-5.4999995 -15 0
-5.4999995 15 0.1
-5.4999995 -15 0.1
-5.4999995 15 0.2
-5.4999995 -15 0.2
-5.4999995 15 0.30000001
-5.4999995 -15 0.30000001
-5.4999995 15 0.40000001
-5.4999995 -15 0.40000001
-5.4999995 15 0.5
-5.4999995 -15 0.5
-5.4999995 15 0.60000002
-5.4999995 -15 0.60000002
-5.4999995 15 0.69999999
-5.4999995 -15 0.69999999
-5.4999995 15 0.80000001
-5.4999995 -15 0.80000001
-5.4999995 15 0.89999998
-5.4999995 -15 0.89999998
-5.4000001 14.9 0
-5.4000001 -15.1 0
-5.4000001 14.9 0.1
-5.4000001 -15.1 0.1
-5.4000001 14.9 0.2
-5.4000001 -15.1 0.2
-5.4000001 14.9 0.30000001
-5.4000001 -15.1 0.30000001
-5.4000001 14.9 0.40000001
-5.4000001 -15.1 0.40000001
-5.4000001 14.9 0.5
-5.4000001 -15.1 0.5
-5.4000001 14.9 0.60000002
-5.4000001 -15.1 0.60000002
-5.4000001 14.9 0.69999999
-5.4000001 -15.1 0.69999999
-5.4000001 14.9 0.80000001
-5.4000001 -15.1 0.80000001
-5.4000001 14.9 0.89999998
-5.4000001 -15.1 0.89999998
-5.4000001 15 0
-5.4000001 -15 0
-5.4000001 15 0.1
-5.4000001 -15 0.1
-5.4000001 15 0.2
-5.4000001 -15 0.2
-5.4000001 15 0.30000001
-5.4000001 -15 0.30000001
-5.4000001 15 0.40000001
-5.4000001 -15 0.40000001
-5.4000001 15 0.5
-5.4000001 -15 0.5
-5.4000001 15 0.60000002
-5.4000001 -15 0.60000002
-5.4000001 15 0.69999999
-5.4000001 -15 0.69999999
-5.4000001 15 0.80000001
-5.4000001 -15 0.80000001
-5.4000001 15 0.89999998
-5.4000001 -15 0.89999998
-5.2999997 14.9 0
-5.2999997 -15.1 0
-5.2999997 14.9 0.1
-5.2999997 -15.1 0.1
-5.2999997 14.9 0.2
-5.2999997 -15.1 0.2
-5.2999997 14.9 0.30000001
-5.2999997 -15.1 0.30000001
-5.2999997 14.9 0.40000001
-5.2999997 -15.1 0.40000001
-5.2999997 14.9 0.5
-5.2999997 -15.1 0.5
-5.2999997 14.9 0.60000002
-5.2999997 -15.1 0.60000002
-5.2999997 14.9 0.69999999
-5.2999997 -15.1 0.69999999
-5.2999997 14.9 0.80000001
-5.2999997 -15.1 0.80000001
-5.2999997 14.9 0.89999998
-5.2999997 -15.1 0.89999998
-5.2999997 15 0
-5.2999997 -15 0
-5.2999997 15 0.1
-5.2999997 -15 0.1
-5.2999997 15 0.2
-5.2999997 -15 0.2
-5.2999997 15 0.30000001
-5.2999997 -15 0.30000001
-5.2999997 15 0.40000001
-5.2999997 -15 0.40000001
-5.2999997 15 0.5
-5.2999997 -15 0.5
-5.2999997 15 0.60000002
-5.2999997 -15 0.60000002
-5.2999997 15 0.69999999
-5.2999997 -15 0.69999999
-5.2999997 15 0.80000001
-5.2999997 -15 0.80000001
-5.2999997 15 0.89999998
-5.2999997 -15 0.89999998
-5.2000003 14.9 0
-5.2000003 -15.1 0
-5.2000003 14.9 0.1
-5.2000003 -15.1 0.1
-5.2000003 14.9 0.2
-5.2000003 -15.1 0.2
-5.2000003 14.9 0.30000001
-5.2000003 -15.1 0.30000001
-5.2000003 14.9 0.40000001
-5.2000003 -15.1 0.40000001
-5.2000003 14.9 0.5
-5.2000003 -15.1 0.5
-5.2000003 14.9 0.60000002
-5.2000003 -15.1 0.60000002
-5.2000003 14.9 0.69999999
-5.2000003 -15.1 0.69999999
-5.2000003 14.9 0.80000001
-5.2000003 -15.1 0.80000001
-5.2000003 14.9 0.89999998
-5.2000003 -15.1 0.89999998
-5.2000003 15 0
-5.2000003 -15 0
-5.2000003 15 0.1
-5.2000003 -15 0.1
-5.2000003 15 0.2
-5.2000003 -15 0.2
-5.2000003 15 0.30000001
-5.2000003 -15 0.30000001
-5.2000003 15 0.40000001
-5.2000003 -15 0.40000001
-5.2000003 15 0.5
-5.2000003 -15 0.5
-5.2000003 15 0.60000002
-5.2000003 -15 0.60000002
-5.2000003 15 0.69999999
-5.2000003 -15 0.69999999
-5.2000003 15 0.80000001
-5.2000003 -15 0.80000001
-5.2000003 15 0.89999998
-5.2000003 -15 0.89999998
-5.0999999 14.9 0
-5.0999999 -15.1 0
-5.0999999 14.9 0.1
-5.0999999 -15.1 0.1
-5.0999999 14.9 0.2
-5.0999999 -15.1 0.2
-5.0999999 14.9 0.30000001
-5.0999999 -15.1 0.30000001
-5.0999999 14.9 0.40000001
-5.0999999 -15.1 0.40000001
-5.0999999 14.9 0.5
-5.0999999 -15.1 0.5
-5.0999999 14.9 0.60000002
-5.0999999 -15.1 0.60000002
-5.0999999 14.9 0.69999999
-5.0999999 -15.1 0.69999999
-5.0999999 14.9 0.80000001
-5.0999999 -15.1 0.80000001
-5.0999999 14.9 0.89999998
-5.0999999 -15.1 0.89999998
-5.0999999 15 0
-5.0999999 -15 0
-5.0999999 15 0.1
-5.0999999 -15 0.1
-5.0999999 15 0.2
-5.0999999 -15 0.2
-5.0999999 15 0.30000001
-5.0999999 -15 0.30000001
-5.0999999 15 0.40000001
-5.0999999 -15 0.40000001
-5.0999999 15 0.5
-5.0999999 -15 0.5
-5.0999999 15 0.60000002
-5.0999999 -15 0.60000002
-5.0999999 15 0.69999999
-5.0999999 -15 0.69999999
-5.0999999 15 0.80000001
-5.0999999 -15 0.80000001
-5.0999999 15 0.89999998
-5.0999999 -15 0.89999998
-4.9999995 14.9 0
-4.9999995 -15.1 0
-4.9999995 14.9 0.1
-4.9999995 -15.1 0.1
-4.9999995 14.9 0.2
-4.9999995 -15.1 0.2
-4.9999995 14.9 0.30000001
-4.9999995 -15.1 0.30000001
-4.9999995 14.9 0.40000001
-4.9999995 -15.1 0.40000001
-4.9999995 14.9 0.5
-4.9999995 -15.1 0.5
-4.9999995 14.9 0.60000002
-4.9999995 -15.1 0.60000002
-4.9999995 14.9 0.69999999
-4.9999995 -15.1 0.69999999
-4.9999995 14.9 0.80000001
-4.9999995 -15.1 0.80000001
-4.9999995 14.9 0.89999998
-4.9999995 -15.1 0.89999998
-4.9999995 15 0
-4.9999995 -15 0
-4.9999995 15 0.1
-4.9999995 -15 0.1
-4.9999995 15 0.2
-4.9999995 -15 0.2
-4.9999995 15 0.30000001
-4.9999995 -15 0.30000001
-4.9999995 15 0.40000001
-4.9999995 -15 0.40000001
-4.9999995 15 0.5
-4.9999995 -15 0.5
-4.9999995 15 0.60000002
-4.9999995 -15 0.60000002
-4.9999995 15 0.69999999
-4.9999995 -15 0.69999999
-4.9999995 15 0.80000001
-4.9999995 -15 0.80000001
-4.9999995 15 0.89999998
-4.9999995 -15 0.89999998
-4.9000001 14.9 0
-4.9000001 -15.1 0
-4.9000001 14.9 0.1
-4.9000001 -15.1 0.1
-4.9000001 14.9 0.2
-4.9000001 -15.1 0.2
-4.9000001 14.9 0.30000001
-4.9000001 -15.1 0.30000001
-4.9000001 14.9 0.40000001
-4.9000001 -15.1 0.40000001
-4.9000001 14.9 0.5
-4.9000001 -15.1 0.5
-4.9000001 14.9 0.60000002
-4.9000001 -15.1 0.60000002
-4.9000001 14.9 0.69999999
-4.9000001 -15.1 0.69999999
-4.9000001 14.9 0.80000001
-4.9000001 -15.1 0.80000001
-4.9000001 14.9 0.89999998
-4.9000001 -15.1 0.89999998
-4.9000001 15 0
-4.9000001 -15 0
-4.9000001 15 0.1
-4.9000001 -15 0.1
-4.9000001 15 0.2
-4.9000001 -15 0.2
-4.9000001 15 0.30000001
-4.9000001 -15 0.30000001
-4.9000001 15 0.40000001
-4.9000001 -15 0.40000001
-4.9000001 15 0.5
-4.9000001 -15 0.5
-4.9000001 15 0.60000002
-4.9000001 -15 0.60000002
-4.9000001 15 0.69999999
-4.9000001 -15 0.69999999
-4.9000001 15 0.80000001
-4.9000001 -15 0.80000001
-4.9000001 15 0.89999998
-4.9000001 -15 0.89999998
-4.7999997 14.9 0
-4.7999997 -15.1 0
-4.7999997 14.9 0.1
-4.7999997 -15.1 0.1
-4.7999997 14.9 0.2
-4.7999997 -15.1 0.2
-4.7999997 14.9 0.30000001
-4.7999997 -15.1 0.30000001
-4.7999997 14.9 0.40000001
-4.7999997 -15.1 0.40000001
-4.7999997 14.9 0.5
-4.7999997 -15.1 0.5
-4.7999997 14.9 0.60000002
-4.7999997 -15.1 0.60000002
-4.7999997 14.9 0.69999999
-4.7999997 -15.1 0.69999999
-4.7999997 14.9 0.80000001
-4.7999997 -15.1 0.80000001
-4.7999997 14.9 0.89999998
-4.7999997 -15.1 0.89999998
-4.7999997 15 0
-4.7999997 -15 0
-4.7999997 15 0.1
-4.7999997 -15 0.1
-4.7999997 15 0.2
-4.7999997 -15 0.2
-4.7999997 15 0.30000001
-4.7999997 -15 0.30000001
-4.7999997 15 0.40000001
-4.7999997 -15 0.40000001
-4.7999997 15 0.5
-4.7999997 -15 0.5
-4.7999997 15 0.60000002
-4.7999997 -15 0.60000002
-4.7999997 15 0.69999999
-4.7999997 -15 0.69999999
-4.7999997 15 0.80000001
-4.7999997 -15 0.80000001
-4.7999997 15 0.89999998
-4.7999997 -15 0.89999998
-4.7000003 14.9 0
-4.7000003 -15.1 0
-4.7000003 14.9 0.1
-4.7000003 -15.1 0.1
-4.7000003 14.9 0.2
-4.7000003 -15.1 0.2
-4.7000003 14.9 0.30000001
-4.7000003 -15.1 0.30000001
-4.7000003 14.9 0.40000001
-4.7000003 -15.1 0.40000001
-4.7000003 14.9 0.5
-4.7000003 -15.1 0.5
-4.7000003 14.9 0.60000002
-4.7000003 -15.1 0.60000002
-4.7000003 14.9 0.69999999
-4.7000003 -15.1 0.69999999
-4.7000003 14.9 0.80000001
-4.7000003 -15.1 0.80000001
-4.7000003 14.9 0.89999998
-4.7000003 -15.1 0.89999998
-4.7000003 15 0
-4.7000003 -15 0
-4.7000003 15 0.1
-4.7000003 -15 0.1
-4.7000003 15 0.2
-4.7000003 -15 0.2
-4.7000003 15 0.30000001
-4.7000003 -15 0.30000001
-4.7000003 15 0.40000001
-4.7000003 -15 0.40000001
-4.7000003 15 0.5
-4.7000003 -15 0.5
-4.7000003 15 0.60000002
-4.7000003 -15 0.60000002
-4.7000003 15 0.69999999
-4.7000003 -15 0.69999999
-4.7000003 15 0.80000001
-4.7000003 -15 0.80000001
-4.7000003 15 0.89999998
-4.7000003 -15 0.89999998
-4.5999999 14.9 0
-4.5999999 -15.1 0
-4.5999999 14.9 0.1
-4.5999999 -15.1 0.1
-4.5999999 14.9 0.2
-4.5999999 -15.1 0.2
-4.5999999 14.9 0.30000001
-4.5999999 -15.1 0.30000001
-4.5999999 14.9 0.40000001
-4.5999999 -15.1 0.40000001
-4.5999999 14.9 0.5
-4.5999999 -15.1 0.5
-4.5999999 14.9 0.60000002
-4.5999999 -15.1 0.60000002
-4.5999999 14.9 0.69999999
-4.5999999 -15.1 0.69999999
-4.5999999 14.9 0.80000001
-4.5999999 -15.1 0.80000001
-4.5999999 14.9 0.89999998
-4.5999999 -15.1 0.89999998
-4.5999999 15 0
-4.5999999 -15 0
-4.5999999 15 0.1
-4.5999999 -15 0.1
-4.5999999 15 0.2
-4.5999999 -15 0.2
-4.5999999 15 0.30000001
-4.5999999 -15 0.30000001
-4.5999999 15 0.40000001
-4.5999999 -15 0.40000001
-4.5999999 15 0.5
-4.5999999 -15 0.5
-4.5999999 15 0.60000002
-4.5999999 -15 0.60000002
-4.5999999 15 0.69999999
-4.5999999 -15 0.69999999
-4.5999999 15 0.80000001
-4.5999999 -15 0.80000001
-4.5999999 15 0.89999998
-4.5999999 -15 0.89999998
-4.4999995 14.9 0
-4.4999995 -15.1 0
-4.4999995 14.9 0.1
-4.4999995 -15.1 0.1
-4.4999995 14.9 0.2
-4.4999995 -15.1 0.2
-4.4999995 14.9 0.30000001
-4.4999995 -15.1 0.30000001
-4.4999995 14.9 0.40000001
-4.4999995 -15.1 0.40000001
-4.4999995 14.9 0.5
-4.4999995 -15.1 0.5
-4.4999995 14.9 0.60000002
-4.4999995 -15.1 0.60000002
-4.4999995 14.9 0.69999999
-4.4999995 -15.1 0.69999999
-4.4999995 14.9 0.80000001
-4.4999995 -15.1 0.80000001
-4.4999995 14.9 0.89999998
-4.4999995 -15.1 0.89999998
-4.4999995 15 0
-4.4999995 -15 0
-4.4999995 15 0.1
-4.4999995 -15 0.1
-4.4999995 15 0.2
-4.4999995 -15 0.2
-4.4999995 15 0.30000001
-4.4999995 -15 0.30000001
-4.4999995 15 0.40000001
-4.4999995 -15 0.40000001
-4.4999995 15 0.5
-4.4999995 -15 0.5
-4.4999995 15 0.60000002
-4.4999995 -15 0.60000002
-4.4999995 15 0.69999999
-4.4999995 -15 0.69999999
-4.4999995 15 0.80000001
-4.4999995 -15 0.80000001
-4.4999995 15 0.89999998
-4.4999995 -15 0.89999998
-4.4000001 14.9 0
-4.4000001 -15.1 0
-4.4000001 14.9 0.1
-4.4000001 -15.1 0.1
-4.4000001 14.9 0.2
-4.4000001 -15.1 0.2
-4.4000001 14.9 0.30000001
-4.4000001 -15.1 0.30000001
-4.4000001 14.9 0.40000001
-4.4000001 -15.1 0.40000001
-4.4000001 14.9 0.5
-4.4000001 -15.1 0.5
-4.4000001 14.9 0.60000002
-4.4000001 -15.1 0.60000002
-4.4000001 14.9 0.69999999
-4.4000001 -15.1 0.69999999
-4.4000001 14.9 0.80000001
-4.4000001 -15.1 0.80000001
-4.4000001 14.9 0.89999998
-4.4000001 -15.1 0.89999998
-4.4000001 15 0
-4.4000001 -15 0
-4.4000001 15 0.1
-4.4000001 -15 0.1
-4.4000001 15 0.2
-4.4000001 -15 0.2
-4.4000001 15 0.30000001
-4.4000001 -15 0.30000001
-4.4000001 15 0.40000001
-4.4000001 -15 0.40000001
-4.4000001 15 0.5
-4.4000001 -15 0.5
-4.4000001 15 0.60000002
-4.4000001 -15 0.60000002
-4.4000001 15 0.69999999
-4.4000001 -15 0.69999999
-4.4000001 15 0.80000001
-4.4000001 -15 0.80000001
-4.4000001 15 0.89999998
-4.4000001 -15 0.89999998
-4.2999997 14.9 0
-4.2999997 -15.1 0
-4.2999997 14.9 0.1
-4.2999997 -15.1 0.1
-4.2999997 14.9 0.2
-4.2999997 -15.1 0.2
-4.2999997 14.9 0.30000001
-4.2999997 -15.1 0.30000001
-4.2999997 14.9 0.40000001
-4.2999997 -15.1 0.40000001
-4.2999997 14.9 0.5
-4.2999997 -15.1 0.5
-4.2999997 14.9 0.60000002
-4.2999997 -15.1 0.60000002
-4.2999997 14.9 0.69999999
-4.2999997 -15.1 0.69999999
-4.2999997 14.9 0.80000001
-4.2999997 -15.1 0.80000001
-4.2999997 14.9 0.89999998
-4.2999997 -15.1 0.89999998
-4.2999997 15 0
-4.2999997 -15 0
-4.2999997 15 0.1
-4.2999997 -15 0.1
-4.2999997 15 0.2
-4.2999997 -15 0.2
-4.2999997 15 0.30000001
-4.2999997 -15 0.30000001
-4.2999997 15 0.40000001
-4.2999997 -15 0.40000001
-4.2999997 15 0.5
-4.2999997 -15 0.5
-4.2999997 15 0.60000002
-4.2999997 -15 0.60000002
-4.2999997 15 0.69999999
-4.2999997 -15 0.69999999
-4.2999997 15 0.80000001
-4.2999997 -15 0.80000001
-4.2999997 15 0.89999998
-4.2999997 -15 0.89999998
-4.2000003 14.9 0
-4.2000003 -15.1 0
-4.2000003 14.9 0.1
-4.2000003 -15.1 0.1
-4.2000003 14.9 0.2
-4.2000003 -15.1 0.2
-4.2000003 14.9 0.30000001
-4.2000003 -15.1 0.30000001
-4.2000003 14.9 0.40000001
-4.2000003 -15.1 0.40000001
-4.2000003 14.9 0.5
-4.2000003 -15.1 0.5
-4.2000003 14.9 0.60000002
-4.2000003 -15.1 0.60000002
-4.2000003 14.9 0.69999999
-4.2000003 -15.1 0.69999999
-4.2000003 14.9 0.80000001
-4.2000003 -15.1 0.80000001
-4.2000003 14.9 0.89999998
-4.2000003 -15.1 0.89999998
-4.2000003 15 0
-4.2000003 -15 0
-4.2000003 15 0.1
-4.2000003 -15 0.1
-4.2000003 15 0.2
-4.2000003 -15 0.2
-4.2000003 15 0.30000001
-4.2000003 -15 0.30000001
-4.2000003 15 0.40000001
-4.2000003 -15 0.40000001
-4.2000003 15 0.5
-4.2000003 -15 0.5
-4.2000003 15 0.60000002
-4.2000003 -15 0.60000002
-4.2000003 15 0.69999999
-4.2000003 -15 0.69999999
-4.2000003 15 0.80000001
-4.2000003 -15 0.80000001
-4.2000003 15 0.89999998
-4.2000003 -15 0.89999998
-4.0999999 14.9 0
-4.0999999 -15.1 0
-4.0999999 14.9 0.1
-4.0999999 -15.1 0.1
-4.0999999 14.9 0.2
-4.0999999 -15.1 0.2
-4.0999999 14.9 0.30000001
-4.0999999 -15.1 0.30000001
-4.0999999 14.9 0.40000001
-4.0999999 -15.1 0.40000001
-4.0999999 14.9 0.5
-4.0999999 -15.1 0.5
-4.0999999 14.9 0.60000002
-4.0999999 -15.1 0.60000002
-4.0999999 14.9 0.69999999
-4.0999999 -15.1 0.69999999
-4.0999999 14.9 0.80000001
-4.0999999 -15.1 0.80000001
-4.0999999 14.9 0.89999998
-4.0999999 -15.1 0.89999998
-4.0999999 15 0
-4.0999999 -15 0
-4.0999999 15 0.1
-4.0999999 -15 0.1
-4.0999999 15 0.2
-4.0999999 -15 0.2
-4.0999999 15 0.30000001
-4.0999999 -15 0.30000001
-4.0999999 15 0.40000001
-4.0999999 -15 0.40000001
-4.0999999 15 0.5
-4.0999999 -15 0.5
-4.0999999 15 0.60000002
-4.0999999 -15 0.60000002
-4.0999999 15 0.69999999
-4.0999999 -15 0.69999999
-4.0999999 15 0.80000001
-4.0999999 -15 0.80000001
-4.0999999 15 0.89999998
-4.0999999 -15 0.89999998
-3.9999995 14.9 0
-3.9999995 -15.1 0
-3.9999995 14.9 0.1
-3.9999995 -15.1 0.1
-3.9999995 14.9 0.2
-3.9999995 -15.1 0.2
-3.9999995 14.9 0.30000001
-3.9999995 -15.1 0.30000001
-3.9999995 14.9 0.40000001
-3.9999995 -15.1 0.40000001
-3.9999995 14.9 0.5
-3.9999995 -15.1 0.5
-3.9999995 14.9 0.60000002
-3.9999995 -15.1 0.60000002
-3.9999995 14.9 0.69999999
-3.9999995 -15.1 0.69999999
-3.9999995 14.9 0.80000001
-3.9999995 -15.1 0.80000001
-3.9999995 14.9 0.89999998
-3.9999995 -15.1 0.89999998
-3.9999995 15 0
-3.9999995 -15 0
-3.9999995 15 0.1
-3.9999995 -15 0.1
-3.9999995 15 0.2
-3.9999995 -15 0.2
-3.9999995 15 0.30000001
-3.9999995 -15 0.30000001
-3.9999995 15 0.40000001
-3.9999995 -15 0.40000001
-3.9999995 15 0.5
-3.9999995 -15 0.5
-3.9999995 15 0.60000002
-3.9999995 -15 0.60000002
-3.9999995 15 0.69999999
-3.9999995 -15 0.69999999
-3.9999995 15 0.80000001
-3.9999995 -15 0.80000001
-3.9999995 15 0.89999998
-3.9999995 -15 0.89999998
-3.9000001 14.9 0
-3.9000001 -15.1 0
-3.9000001 14.9 0.1
-3.9000001 -15.1 0.1
-3.9000001 14.9 0.2
-3.9000001 -15.1 0.2
-3.9000001 14.9 0.30000001
-3.9000001 -15.1 0.30000001
-3.9000001 14.9 0.40000001
-3.9000001 -15.1 0.40000001
-3.9000001 14.9 0.5
-3.9000001 -15.1 0.5
-3.9000001 14.9 0.60000002
-3.9000001 -15.1 0.60000002
-3.9000001 14.9 0.69999999
-3.9000001 -15.1 0.69999999
-3.9000001 14.9 0.80000001
-3.9000001 -15.1 0.80000001
-3.9000001 14.9 0.89999998
-3.9000001 -15.1 0.89999998
-3.9000001 15 0
-3.9000001 -15 0
-3.9000001 15 0.1
-3.9000001 -15 0.1
-3.9000001 15 0.2
-3.9000001 -15 0.2
-3.9000001 15 0.30000001
-3.9000001 -15 0.30000001
-3.9000001 15 0.40000001
-3.9000001 -15 0.40000001
-3.9000001 15 0.5
-3.9000001 -15 0.5
-3.9000001 15 0.60000002
-3.9000001 -15 0.60000002
-3.9000001 15 0.69999999
-3.9000001 -15 0.69999999
-3.9000001 15 0.80000001
-3.9000001 -15 0.80000001
-3.9000001 15 0.89999998
-3.9000001 -15 0.89999998
-3.7999997 14.9 0
-3.7999997 -15.1 0
-3.7999997 14.9 0.1
-3.7999997 -15.1 0.1
-3.7999997 14.9 0.2
-3.7999997 -15.1 0.2
-3.7999997 14.9 0.30000001
-3.7999997 -15.1 0.30000001
-3.7999997 14.9 0.40000001
-3.7999997 -15.1 0.40000001
-3.7999997 14.9 0.5
-3.7999997 -15.1 0.5
-3.7999997 14.9 0.60000002
-3.7999997 -15.1 0.60000002
-3.7999997 14.9 0.69999999
-3.7999997 -15.1 0.69999999
-3.7999997 14.9 0.80000001
-3.7999997 -15.1 0.80000001
-3.7999997 14.9 0.89999998
-3.7999997 -15.1 0.89999998
-3.7999997 15 0
-3.7999997 -15 0
-3.7999997 15 0.1
-3.7999997 -15 0.1
-3.7999997 15 0.2
-3.7999997 -15 0.2
-3.7999997 15 0.30000001
-3.7999997 -15 0.30000001
-3.7999997 15 0.40000001
-3.7999997 -15 0.40000001
-3.7999997 15 0.5
-3.7999997 -15 0.5
-3.7999997 15 0.60000002
-3.7999997 -15 0.60000002
-3.7999997 15 0.69999999
-3.7999997 -15 0.69999999
-3.7999997 15 0.80000001
-3.7999997 -15 0.80000001
-3.7999997 15 0.89999998
-3.7999997 -15 0.89999998
-3.7000003 14.9 0
-3.7000003 -15.1 0
-3.7000003 14.9 0.1
-3.7000003 -15.1 0.1
-3.7000003 14.9 0.2
-3.7000003 -15.1 0.2
-3.7000003 14.9 0.30000001
-3.7000003 -15.1 0.30000001
-3.7000003 14.9 0.40000001
-3.7000003 -15.1 0.40000001
-3.7000003 14.9 0.5
-3.7000003 -15.1 0.5
-3.7000003 14.9 0.60000002
-3.7000003 -15.1 0.60000002
-3.7000003 14.9 0.69999999
-3.7000003 -15.1 0.69999999
-3.7000003 14.9 0.80000001
-3.7000003 -15.1 0.80000001
-3.7000003 14.9 0.89999998
-3.7000003 -15.1 0.89999998
-3.7000003 15 0
-3.7000003 -15 0
-3.7000003 15 0.1
-3.7000003 -15 0.1
-3.7000003 15 0.2
-3.7000003 -15 0.2
-3.7000003 15 0.30000001
-3.7000003 -15 0.30000001
-3.7000003 15 0.40000001
-3.7000003 -15 0.40000001
-3.7000003 15 0.5
-3.7000003 -15 0.5
-3.7000003 15 0.60000002
-3.7000003 -15 0.60000002
-3.7000003 15 0.69999999
-3.7000003 -15 0.69999999
-3.7000003 15 0.80000001
-3.7000003 -15 0.80000001
-3.7000003 15 0.89999998
-3.7000003 -15 0.89999998
-3.5999999 14.9 0
-3.5999999 -15.1 0
-3.5999999 14.9 0.1
-3.5999999 -15.1 0.1
-3.5999999 14.9 0.2
-3.5999999 -15.1 0.2
-3.5999999 14.9 0.30000001
-3.5999999 -15.1 0.30000001
-3.5999999 14.9 0.40000001
-3.5999999 -15.1 0.40000001
-3.5999999 14.9 0.5
-3.5999999 -15.1 0.5
-3.5999999 14.9 0.60000002
-3.5999999 -15.1 0.60000002
-3.5999999 14.9 0.69999999
-3.5999999 -15.1 0.69999999
-3.5999999 14.9 0.80000001
-3.5999999 -15.1 0.80000001
-3.5999999 14.9 0.89999998
-3.5999999 -15.1 0.89999998
-3.5999999 15 0
-3.5999999 -15 0
-3.5999999 15 0.1
-3.5999999 -15 0.1
-3.5999999 15 0.2
-3.5999999 -15 0.2
-3.5999999 15 0.30000001
-3.5999999 -15 0.30000001
-3.5999999 15 0.40000001
-3.5999999 -15 0.40000001
-3.5999999 15 0.5
-3.5999999 -15 0.5
-3.5999999 15 0.60000002
-3.5999999 -15 0.60000002
-3.5999999 15 0.69999999
-3.5999999 -15 0.69999999
-3.5999999 15 0.80000001
-3.5999999 -15 0.80000001
-3.5999999 15 0.89999998
-3.5999999 -15 0.89999998
-3.4999995 14.9 0
-3.4999995 -15.1 0
-3.4999995 14.9 0.1
-3.4999995 -15.1 0.1
-3.4999995 14.9 0.2
-3.4999995 -15.1 0.2
-3.4999995 14.9 0.30000001
-3.4999995 -15.1 0.30000001
-3.4999995 14.9 0.40000001
-3.4999995 -15.1 0.40000001
-3.4999995 14.9 0.5
-3.4999995 -15.1 0.5
-3.4999995 14.9 0.60000002
-3.4999995 -15.1 0.60000002
-3.4999995 14.9 0.69999999
-3.4999995 -15.1 0.69999999
-3.4999995 14.9 0.80000001
-3.4999995 -15.1 0.80000001
-3.4999995 14.9 0.89999998
-3.4999995 -15.1 0.89999998
-3.4999995 15 0
-3.4999995 -15 0
-3.4999995 15 0.1
-3.4999995 -15 0.1
-3.4999995 15 0.2
-3.4999995 -15 0.2
-3.4999995 15 0.30000001
-3.4999995 -15 0.30000001
-3.4999995 15 0.40000001
-3.4999995 -15 0.40000001
-3.4999995 15 0.5
-3.4999995 -15 0.5
-3.4999995 15 0.60000002
-3.4999995 -15 0.60000002
-3.4999995 15 0.69999999
-3.4999995 -15 0.69999999
-3.4999995 15 0.80000001
-3.4999995 -15 0.80000001
-3.4999995 15 0.89999998
-3.4999995 -15 0.89999998
-3.4000001 14.9 0
-3.4000001 -15.1 0
-3.4000001 14.9 0.1
-3.4000001 -15.1 0.1
-3.4000001 14.9 0.2
-3.4000001 -15.1 0.2
-3.4000001 14.9 0.30000001
-3.4000001 -15.1 0.30000001
-3.4000001 14.9 0.40000001
-3.4000001 -15.1 0.40000001
-3.4000001 14.9 0.5
-3.4000001 -15.1 0.5
-3.4000001 14.9 0.60000002
-3.4000001 -15.1 0.60000002
-3.4000001 14.9 0.69999999
-3.4000001 -15.1 0.69999999
-3.4000001 14.9 0.80000001
-3.4000001 -15.1 0.80000001
-3.4000001 14.9 0.89999998
-3.4000001 -15.1 0.89999998
-3.4000001 15 0
-3.4000001 -15 0
-3.4000001 15 0.1
-3.4000001 -15 0.1
-3.4000001 15 0.2
-3.4000001 -15 0.2
-3.4000001 15 0.30000001
-3.4000001 -15 0.30000001
-3.4000001 15 0.40000001
-3.4000001 -15 0.40000001
-3.4000001 15 0.5
-3.4000001 -15 0.5
-3.4000001 15 0.60000002
-3.4000001 -15 0.60000002
-3.4000001 15 0.69999999
-3.4000001 -15 0.69999999
-3.4000001 15 0.80000001
-3.4000001 -15 0.80000001
-3.4000001 15 0.89999998
-3.4000001 -15 0.89999998
-3.2999997 14.9 0
-3.2999997 -15.1 0
-3.2999997 14.9 0.1
-3.2999997 -15.1 0.1
-3.2999997 14.9 0.2
-3.2999997 -15.1 0.2
-3.2999997 14.9 0.30000001
-3.2999997 -15.1 0.30000001
-3.2999997 14.9 0.40000001
-3.2999997 -15.1 0.40000001
-3.2999997 14.9 0.5
-3.2999997 -15.1 0.5
-3.2999997 14.9 0.60000002
-3.2999997 -15.1 0.60000002
-3.2999997 14.9 0.69999999
-3.2999997 -15.1 0.69999999
-3.2999997 14.9 0.80000001
-3.2999997 -15.1 0.80000001
-3.2999997 14.9 0.89999998
-3.2999997 -15.1 0.89999998
-3.2999997 15 0
-3.2999997 -15 0
-3.2999997 15 0.1
-3.2999997 -15 0.1
-3.2999997 15 0.2
-3.2999997 -15 0.2
-3.2999997 15 0.30000001
-3.2999997 -15 0.30000001
-3.2999997 15 0.40000001
-3.2999997 -15 0.40000001
-3.2999997 15 0.5
-3.2999997 -15 0.5
-3.2999997 15 0.60000002
-3.2999997 -15 0.60000002
-3.2999997 15 0.69999999
-3.2999997 -15 0.69999999
-3.2999997 15 0.80000001
-3.2999997 -15 0.80000001
-3.2999997 15 0.89999998
-3.2999997 -15 0.89999998
-3.2000003 14.9 0
-3.2000003 -15.1 0
-3.2000003 14.9 0.1
-3.2000003 -15.1 0.1
-3.2000003 14.9 0.2
-3.2000003 -15.1 0.2
-3.2000003 14.9 0.30000001
-3.2000003 -15.1 0.30000001
-3.2000003 14.9 0.40000001
-3.2000003 -15.1 0.40000001
-3.2000003 14.9 0.5
-3.2000003 -15.1 0.5
-3.2000003 14.9 0.60000002
-3.2000003 -15.1 0.60000002
-3.2000003 14.9 0.69999999
-3.2000003 -15.1 0.69999999
-3.2000003 14.9 0.80000001
-3.2000003 -15.1 0.80000001
-3.2000003 14.9 0.89999998
-3.2000003 -15.1 0.89999998
-3.2000003 15 0
-3.2000003 -15 0
-3.2000003 15 0.1
-3.2000003 -15 0.1
-3.2000003 15 0.2
-3.2000003 -15 0.2
-3.2000003 15 0.30000001
-3.2000003 -15 0.30000001
-3.2000003 15 0.40000001
-3.2000003 -15 0.40000001
-3.2000003 15 0.5
-3.2000003 -15 0.5
-3.2000003 15 0.60000002
-3.2000003 -15 0.60000002
-3.2000003 15 0.69999999
-3.2000003 -15 0.69999999
-3.2000003 15 0.80000001
-3.2000003 -15 0.80000001
-3.2000003 15 0.89999998
-3.2000003 -15 0.89999998
-3.0999999 14.9 0
-3.0999999 -15.1 0
-3.0999999 14.9 0.1
-3.0999999 -15.1 0.1
-3.0999999 14.9 0.2
-3.0999999 -15.1 0.2
-3.0999999 14.9 0.30000001
-3.0999999 -15.1 0.30000001
-3.0999999 14.9 0.40000001
-3.0999999 -15.1 0.40000001
-3.0999999 14.9 0.5
-3.0999999 -15.1 0.5
-3.0999999 14.9 0.60000002
-3.0999999 -15.1 0.60000002
-3.0999999 14.9 0.69999999
-3.0999999 -15.1 0.69999999
-3.0999999 14.9 0.80000001
-3.0999999 -15.1 0.80000001
-3.0999999 14.9 0.89999998
-3.0999999 -15.1 0.89999998
-3.0999999 15 0
-3.0999999 -15 0
-3.0999999 15 0.1
-3.0999999 -15 0.1
-3.0999999 15 0.2
-3.0999999 -15 0.2
-3.0999999 15 0.30000001
-3.0999999 -15 0.30000001
-3.0999999 15 0.40000001
-3.0999999 -15 0.40000001
-3.0999999 15 0.5
-3.0999999 -15 0.5
-3.0999999 15 0.60000002
-3.0999999 -15 0.60000002
-3.0999999 15 0.69999999
-3.0999999 -15 0.69999999
-3.0999999 15 0.80000001
-3.0999999 -15 0.80000001
-3.0999999 15 0.89999998
-3.0999999 -15 0.89999998
-2.9999995 14.9 0
-2.9999995 -15.1 0
-2.9999995 14.9 0.1
-2.9999995 -15.1 0.1
-2.9999995 14.9 0.2
-2.9999995 -15.1 0.2
-2.9999995 14.9 0.30000001
-2.9999995 -15.1 0.30000001
-2.9999995 14.9 0.40000001
-2.9999995 -15.1 0.40000001
-2.9999995 14.9 0.5
-2.9999995 -15.1 0.5
-2.9999995 14.9 0.60000002
-2.9999995 -15.1 0.60000002
-2.9999995 14.9 0.69999999
-2.9999995 -15.1 0.69999999
-2.9999995 14.9 0.80000001
-2.9999995 -15.1 0.80000001
-2.9999995 14.9 0.89999998
-2.9999995 -15.1 0.89999998
-2.9999995 15 0
-2.9999995 -15 0
-2.9999995 15 0.1
-2.9999995 -15 0.1
-2.9999995 15 0.2
-2.9999995 -15 0.2
-2.9999995 15 0.30000001
-2.9999995 -15 0.30000001
-2.9999995 15 0.40000001
-2.9999995 -15 0.40000001
-2.9999995 15 0.5
-2.9999995 -15 0.5
-2.9999995 15 0.60000002
-2.9999995 -15 0.60000002
-2.9999995 15 0.69999999
-2.9999995 -15 0.69999999
-2.9999995 15 0.80000001
-2.9999995 -15 0.80000001
-2.9999995 15 0.89999998
-2.9999995 -15 0.89999998
-2.9000001 14.9 0
-2.9000001 -15.1 0
-2.9000001 14.9 0.1
-2.9000001 -15.1 0.1
-2.9000001 14.9 0.2
-2.9000001 -15.1 0.2
-2.9000001 14.9 0.30000001
-2.9000001 -15.1 0.30000001
-2.9000001 14.9 0.40000001
-2.9000001 -15.1 0.40000001
-2.9000001 14.9 0.5
-2.9000001 -15.1 0.5
-2.9000001 14.9 0.60000002
-2.9000001 -15.1 0.60000002
-2.9000001 14.9 0.69999999
-2.9000001 -15.1 0.69999999
-2.9000001 14.9 0.80000001
-2.9000001 -15.1 0.80000001
-2.9000001 14.9 0.89999998
-2.9000001 -15.1 0.89999998
-2.9000001 15 0
-2.9000001 -15 0
-2.9000001 15 0.1
-2.9000001 -15 0.1
-2.9000001 15 0.2
-2.9000001 -15 0.2
-2.9000001 15 0.30000001
-2.9000001 -15 0.30000001
-2.9000001 15 0.40000001
-2.9000001 -15 0.40000001
-2.9000001 15 0.5
-2.9000001 -15 0.5
-2.9000001 15 0.60000002
-2.9000001 -15 0.60000002
-2.9000001 15 0.69999999
-2.9000001 -15 0.69999999
-2.9000001 15 0.80000001
-2.9000001 -15 0.80000001
-2.9000001 15 0.89999998
-2.9000001 -15 0.89999998
-2.7999997 14.9 0
-2.7999997 -15.1 0
-2.7999997 14.9 0.1
-2.7999997 -15.1 0.1
-2.7999997 14.9 0.2
-2.7999997 -15.1 0.2
-2.7999997 14.9 0.30000001
-2.7999997 -15.1 0.30000001
-2.7999997 14.9 0.40000001
-2.7999997 -15.1 0.40000001
-2.7999997 14.9 0.5
-2.7999997 -15.1 0.5
-2.7999997 14.9 0.60000002
-2.7999997 -15.1 0.60000002
-2.7999997 14.9 0.69999999
-2.7999997 -15.1 0.69999999
-2.7999997 14.9 0.80000001
-2.7999997 -15.1 0.80000001
-2.7999997 14.9 0.89999998
-2.7999997 -15.1 0.89999998
-2.7999997 15 0
-2.7999997 -15 0
-2.7999997 15 0.1
-2.7999997 -15 0.1
-2.7999997 15 0.2
-2.7999997 -15 0.2
-2.7999997 15 0.30000001
-2.7999997 -15 0.30000001
-2.7999997 15 0.40000001
-2.7999997 -15 0.40000001
-2.7999997 15 0.5
-2.7999997 -15 0.5
-2.7999997 15 0.60000002
-2.7999997 -15 0.60000002
-2.7999997 15 0.69999999
-2.7999997 -15 0.69999999
-2.7999997 15 0.80000001
-2.7999997 -15 0.80000001
-2.7999997 15 0.89999998
-2.7999997 -15 0.89999998
-2.7000003 14.9 0
-2.7000003 -15.1 0
-2.7000003 14.9 0.1
-2.7000003 -15.1 0.1
-2.7000003 14.9 0.2
-2.7000003 -15.1 0.2
-2.7000003 14.9 0.30000001
-2.7000003 -15.1 0.30000001
-2.7000003 14.9 0.40000001
-2.7000003 -15.1 0.40000001
-2.7000003 14.9 0.5
-2.7000003 -15.1 0.5
-2.7000003 14.9 0.60000002
-2.7000003 -15.1 0.60000002
-2.7000003 14.9 0.69999999
-2.7000003 -15.1 0.69999999
-2.7000003 14.9 0.80000001
-2.7000003 -15.1 0.80000001
-2.7000003 14.9 0.89999998
-2.7000003 -15.1 0.89999998
-2.7000003 15 0
-2.7000003 -15 0
-2.7000003 15 0.1
-2.7000003 -15 0.1
-2.7000003 15 0.2
-2.7000003 -15 0.2
-2.7000003 15 0.30000001
-2.7000003 -15 0.30000001
-2.7000003 15 0.40000001
-2.7000003 -15 0.40000001
-2.7000003 15 0.5
-2.7000003 -15 0.5
-2.7000003 15 0.60000002
-2.7000003 -15 0.60000002
-2.7000003 15 0.69999999
-2.7000003 -15 0.69999999
-2.7000003 15 0.80000001
-2.7000003 -15 0.80000001
-2.7000003 15 0.89999998
-2.7000003 -15 0.89999998
-2.5999999 14.9 0
-2.5999999 -15.1 0
-2.5999999 14.9 0.1
-2.5999999 -15.1 0.1
-2.5999999 14.9 0.2
-2.5999999 -15.1 0.2
-2.5999999 14.9 0.30000001
-2.5999999 -15.1 0.30000001
-2.5999999 14.9 0.40000001
-2.5999999 -15.1 0.40000001
-2.5999999 14.9 0.5
-2.5999999 -15.1 0.5
-2.5999999 14.9 0.60000002
-2.5999999 -15.1 0.60000002
-2.5999999 14.9 0.69999999
-2.5999999 -15.1 0.69999999
-2.5999999 14.9 0.80000001
-2.5999999 -15.1 0.80000001
-2.5999999 14.9 0.89999998
-2.5999999 -15.1 0.89999998
-2.5999999 15 0
-2.5999999 -15 0
-2.5999999 15 0.1
-2.5999999 -15 0.1
-2.5999999 15 0.2
-2.5999999 -15 0.2
-2.5999999 15 0.30000001
-2.5999999 -15 0.30000001
-2.5999999 15 0.40000001
-2.5999999 -15 0.40000001
-2.5999999 15 0.5
-2.5999999 -15 0.5
-2.5999999 15 0.60000002
-2.5999999 -15 0.60000002
-2.5999999 15 0.69999999
-2.5999999 -15 0.69999999
-2.5999999 15 0.80000001
-2.5999999 -15 0.80000001
-2.5999999 15 0.89999998
-2.5999999 -15 0.89999998
-2.4999995 14.9 0
-2.4999995 -15.1 0
-2.4999995 14.9 0.1
-2.4999995 -15.1 0.1
-2.4999995 14.9 0.2
-2.4999995 -15.1 0.2
-2.4999995 14.9 0.30000001
-2.4999995 -15.1 0.30000001
-2.4999995 14.9 0.40000001
-2.4999995 -15.1 0.40000001
-2.4999995 14.9 0.5
-2.4999995 -15.1 0.5
-2.4999995 14.9 0.60000002
-2.4999995 -15.1 0.60000002
-2.4999995 14.9 0.69999999
-2.4999995 -15.1 0.69999999
-2.4999995 14.9 0.80000001
-2.4999995 -15.1 0.80000001
-2.4999995 14.9 0.89999998
-2.4999995 -15.1 0.89999998
-2.4999995 15 0
-2.4999995 -15 0
-2.4999995 15 0.1
-2.4999995 -15 0.1
-2.4999995 15 0.2
-2.4999995 -15 0.2
-2.4999995 15 0.30000001
-2.4999995 -15 0.30000001
-2.4999995 15 0.40000001
-2.4999995 -15 0.40000001
-2.4999995 15 0.5
-2.4999995 -15 0.5
-2.4999995 15 0.60000002
-2.4999995 -15 0.60000002
-2.4999995 15 0.69999999
-2.4999995 -15 0.69999999
-2.4999995 15 0.80000001
-2.4999995 -15 0.80000001
-2.4999995 15 0.89999998
-2.4999995 -15 0.89999998
-2.4000001 14.9 0
-2.4000001 -15.1 0
-2.4000001 14.9 0.1
-2.4000001 -15.1 0.1
-2.4000001 14.9 0.2
-2.4000001 -15.1 0.2
-2.4000001 14.9 0.30000001
-2.4000001 -15.1 0.30000001
-2.4000001 14.9 0.40000001
-2.4000001 -15.1 0.40000001
-2.4000001 14.9 0.5
-2.4000001 -15.1 0.5
-2.4000001 14.9 0.60000002
-2.4000001 -15.1 0.60000002
-2.4000001 14.9 0.69999999
-2.4000001 -15.1 0.69999999
-2.4000001 14.9 0.80000001
-2.4000001 -15.1 0.80000001
-2.4000001 14.9 0.89999998
-2.4000001 -15.1 0.89999998
-2.4000001 15 0
-2.4000001 -15 0
-2.4000001 15 0.1
-2.4000001 -15 0.1
-2.4000001 15 0.2
-2.4000001 -15 0.2
-2.4000001 15 0.30000001
-2.4000001 -15 0.30000001
-2.4000001 15 0.40000001
-2.4000001 -15 0.40000001
-2.4000001 15 0.5
-2.4000001 -15 0.5
-2.4000001 15 0.60000002
-2.4000001 -15 0.60000002
-2.4000001 15 0.69999999
-2.4000001 -15 0.69999999
-2.4000001 15 0.80000001
-2.4000001 -15 0.80000001
-2.4000001 15 0.89999998
-2.4000001 -15 0.89999998
-2.2999997 14.9 0
-2.2999997 -15.1 0
-2.2999997 14.9 0.1
-2.2999997 -15.1 0.1
-2.2999997 14.9 0.2
-2.2999997 -15.1 0.2
-2.2999997 14.9 0.30000001
-2.2999997 -15.1 0.30000001
-2.2999997 14.9 0.40000001
-2.2999997 -15.1 0.40000001
-2.2999997 14.9 0.5
-2.2999997 -15.1 0.5
-2.2999997 14.9 0.60000002
-2.2999997 -15.1 0.60000002
-2.2999997 14.9 0.69999999
-2.2999997 -15.1 0.69999999
-2.2999997 14.9 0.80000001
-2.2999997 -15.1 0.80000001
-2.2999997 14.9 0.89999998
-2.2999997 -15.1 0.89999998
-2.2999997 15 0
-2.2999997 -15 0
-2.2999997 15 0.1
-2.2999997 -15 0.1
-2.2999997 15 0.2
-2.2999997 -15 0.2
-2.2999997 15 0.30000001
-2.2999997 -15 0.30000001
-2.2999997 15 0.40000001
-2.2999997 -15 0.40000001
-2.2999997 15 0.5
-2.2999997 -15 0.5
-2.2999997 15 0.60000002
-2.2999997 -15 0.60000002
-2.2999997 15 0.69999999
-2.2999997 -15 0.69999999
-2.2999997 15 0.80000001
-2.2999997 -15 0.80000001
-2.2999997 15 0.89999998
-2.2999997 -15 0.89999998
-2.2000003 14.9 0
-2.2000003 -15.1 0
-2.2000003 14.9 0.1
-2.2000003 -15.1 0.1
-2.2000003 14.9 0.2
-2.2000003 -15.1 0.2
-2.2000003 14.9 0.30000001
-2.2000003 -15.1 0.30000001
-2.2000003 14.9 0.40000001
-2.2000003 -15.1 0.40000001
-2.2000003 14.9 0.5
-2.2000003 -15.1 0.5
-2.2000003 14.9 0.60000002
-2.2000003 -15.1 0.60000002
-2.2000003 14.9 0.69999999
-2.2000003 -15.1 0.69999999
-2.2000003 14.9 0.80000001
-2.2000003 -15.1 0.80000001
-2.2000003 14.9 0.89999998
-2.2000003 -15.1 0.89999998
-2.2000003 15 0
-2.2000003 -15 0
-2.2000003 15 0.1
-2.2000003 -15 0.1
-2.2000003 15 0.2
-2.2000003 -15 0.2
-2.2000003 15 0.30000001
-2.2000003 -15 0.30000001
-2.2000003 15 0.40000001
-2.2000003 -15 0.40000001
-2.2000003 15 0.5
-2.2000003 -15 0.5
-2.2000003 15 0.60000002
-2.2000003 -15 0.60000002
-2.2000003 15 0.69999999
-2.2000003 -15 0.69999999
-2.2000003 15 0.80000001
-2.2000003 -15 0.80000001
-2.2000003 15 0.89999998
-2.2000003 -15 0.89999998
-2.0999999 14.9 0
-2.0999999 -15.1 0
-2.0999999 14.9 0.1
-2.0999999 -15.1 0.1
-2.0999999 14.9 0.2
-2.0999999 -15.1 0.2
-2.0999999 14.9 0.30000001
-2.0999999 -15.1 0.30000001
-2.0999999 14.9 0.40000001
-2.0999999 -15.1 0.40000001
-2.0999999 14.9 0.5
-2.0999999 -15.1 0.5
-2.0999999 14.9 0.60000002
-2.0999999 -15.1 0.60000002
-2.0999999 14.9 0.69999999
-2.0999999 -15.1 0.69999999
-2.0999999 14.9 0.80000001
-2.0999999 -15.1 0.80000001
-2.0999999 14.9 0.89999998
-2.0999999 -15.1 0.89999998
-2.0999999 15 0
-2.0999999 -15 0
-2.0999999 15 0.1
-2.0999999 -15 0.1
-2.0999999 15 0.2
-2.0999999 -15 0.2
-2.0999999 15 0.30000001
-2.0999999 -15 0.30000001
-2.0999999 15 0.40000001
-2.0999999 -15 0.40000001
-2.0999999 15 0.5
-2.0999999 -15 0.5
-2.0999999 15 0.60000002
-2.0999999 -15 0.60000002
-2.0999999 15 0.69999999
-2.0999999 -15 0.69999999
-2.0999999 15 0.80000001
-2.0999999 -15 0.80000001
-2.0999999 15 0.89999998
-2.0999999 -15 0.89999998
-1.9999996 14.9 0
-1.9999996 -15.1 0
-1.9999996 14.9 0.1
-1.9999996 -15.1 0.1
-1.9999996 14.9 0.2
-1.9999996 -15.1 0.2
-1.9999996 14.9 0.30000001
-1.9999996 -15.1 0.30000001
-1.9999996 14.9 0.40000001
-1.9999996 -15.1 0.40000001
-1.9999996 14.9 0.5
-1.9999996 -15.1 0.5
-1.9999996 14.9 0.60000002
-1.9999996 -15.1 0.60000002
-1.9999996 14.9 0.69999999
-1.9999996 -15.1 0.69999999
-1.9999996 14.9 0.80000001
-1.9999996 -15.1 0.80000001
-1.9999996 14.9 0.89999998
-1.9999996 -15.1 0.89999998
-1.9999996 15 0
-1.9999996 -15 0
-1.9999996 15 0.1
-1.9999996 -15 0.1
-1.9999996 15 0.2
-1.9999996 -15 0.2
-1.9999996 15 0.30000001
-1.9999996 -15 0.30000001
-1.9999996 15 0.40000001
-1.9999996 -15 0.40000001
-1.9999996 15 0.5
-1.9999996 -15 0.5
-1.9999996 15 0.60000002
-1.9999996 -15 0.60000002
-1.9999996 15 0.69999999
-1.9999996 -15 0.69999999
-1.9999996 15 0.80000001
-1.9999996 -15 0.80000001
-1.9999996 15 0.89999998
-1.9999996 -15 0.89999998
-1.9000002 14.9 0
-1.9000002 -15.1 0
-1.9000002 14.9 0.1
-1.9000002 -15.1 0.1
-1.9000002 14.9 0.2
-1.9000002 -15.1 0.2
-1.9000002 14.9 0.30000001
-1.9000002 -15.1 0.30000001
-1.9000002 14.9 0.40000001
-1.9000002 -15.1 0.40000001
-1.9000002 14.9 0.5
-1.9000002 -15.1 0.5
-1.9000002 14.9 0.60000002
-1.9000002 -15.1 0.60000002
-1.9000002 14.9 0.69999999
-1.9000002 -15.1 0.69999999
-1.9000002 14.9 0.80000001
-1.9000002 -15.1 0.80000001
-1.9000002 14.9 0.89999998
-1.9000002 -15.1 0.89999998
-1.9000002 15 0
-1.9000002 -15 0
-1.9000002 15 0.1
-1.9000002 -15 0.1
-1.9000002 15 0.2
-1.9000002 -15 0.2
-1.9000002 15 0.30000001
-1.9000002 -15 0.30000001
-1.9000002 15 0.40000001
-1.9000002 -15 0.40000001
-1.9000002 15 0.5
-1.9000002 -15 0.5
-1.9000002 15 0.60000002
-1.9000002 -15 0.60000002
-1.9000002 15 0.69999999
-1.9000002 -15 0.69999999
-1.9000002 15 0.80000001
-1.9000002 -15 0.80000001
-1.9000002 15 0.89999998
-1.9000002 -15 0.89999998
-1.7999998 14.9 0
-1.7999998 -15.1 0
-1.7999998 14.9 0.1
-1.7999998 -15.1 0.1
-1.7999998 14.9 0.2
-1.7999998 -15.1 0.2
-1.7999998 14.9 0.30000001
-1.7999998 -15.1 0.30000001
-1.7999998 14.9 0.40000001
-1.7999998 -15.1 0.40000001
-1.7999998 14.9 0.5
-1.7999998 -15.1 0.5
-1.7999998 14.9 0.60000002
-1.7999998 -15.1 0.60000002
-1.7999998 14.9 0.69999999
-1.7999998 -15.1 0.69999999
-1.7999998 14.9 0.80000001
-1.7999998 -15.1 0.80000001
-1.7999998 14.9 0.89999998
-1.7999998 -15.1 0.89999998
-1.7999998 15 0
-1.7999998 -15 0
-1.7999998 15 0.1
-1.7999998 -15 0.1
-1.7999998 15 0.2
-1.7999998 -15 0.2
-1.7999998 15 0.30000001
-1.7999998 -15 0.30000001
-1.7999998 15 0.40000001
-1.7999998 -15 0.40000001
-1.7999998 15 0.5
-1.7999998 -15 0.5
-1.7999998 15 0.60000002
-1.7999998 -15 0.60000002
-1.7999998 15 0.69999999
-1.7999998 -15 0.69999999
-1.7999998 15 0.80000001
-1.7999998 -15 0.80000001
-1.7999998 15 0.89999998
-1.7999998 -15 0.89999998
-1.7000004 14.9 0
-1.7000004 -15.1 0
-1.7000004 14.9 0.1
-1.7000004 -15.1 0.1
-1.7000004 14.9 0.2
-1.7000004 -15.1 0.2
-1.7000004 14.9 0.30000001
-1.7000004 -15.1 0.30000001
-1.7000004 14.9 0.40000001
-1.7000004 -15.1 0.40000001
-1.7000004 14.9 0.5
-1.7000004 -15.1 0.5
-1.7000004 14.9 0.60000002
-1.7000004 -15.1 0.60000002
-1.7000004 14.9 0.69999999
-1.7000004 -15.1 0.69999999
-1.7000004 14.9 0.80000001
-1.7000004 -15.1 0.80000001
-1.7000004 14.9 0.89999998
-1.7000004 -15.1 0.89999998
-1.7000004 15 0
-1.7000004 -15 0
-1.7000004 15 0.1
-1.7000004 -15 0.1
-1.7000004 15 0.2
-1.7000004 -15 0.2
-1.7000004 15 0.30000001
-1.7000004 -15 0.30000001
-1.7000004 15 0.40000001
-1.7000004 -15 0.40000001
-1.7000004 15 0.5
-1.7000004 -15 0.5
-1.7000004 15 0.60000002
-1.7000004 -15 0.60000002
-1.7000004 15 0.69999999
-1.7000004 -15 0.69999999
-1.7000004 15 0.80000001
-1.7000004 -15 0.80000001
-1.7000004 15 0.89999998
-1.7000004 -15 0.89999998
-1.6 14.9 0
-1.6 -15.1 0
-1.6 14.9 0.1
-1.6 -15.1 0.1
-1.6 14.9 0.2
-1.6 -15.1 0.2
-1.6 14.9 0.30000001
-1.6 -15.1 0.30000001
-1.6 14.9 0.40000001
-1.6 -15.1 0.40000001
-1.6 14.9 0.5
-1.6 -15.1 0.5
-1.6 14.9 0.60000002
-1.6 -15.1 0.60000002
-1.6 14.9 0.69999999
-1.6 -15.1 0.69999999
-1.6 14.9 0.80000001
-1.6 -15.1 0.80000001
-1.6 14.9 0.89999998
-1.6 -15.1 0.89999998
-1.6 15 0
-1.6 -15 0
-1.6 15 0.1
-1.6 -15 0.1
-1.6 15 0.2
-1.6 -15 0.2
-1.6 15 0.30000001
-1.6 -15 0.30000001
-1.6 15 0.40000001
-1.6 -15 0.40000001
-1.6 15 0.5
-1.6 -15 0.5
-1.6 15 0.60000002
-1.6 -15 0.60000002
-1.6 15 0.69999999
-1.6 -15 0.69999999
-1.6 15 0.80000001
-1.6 -15 0.80000001
-1.6 15 0.89999998
-1.6 -15 0.89999998
-1.4999996 14.9 0
-1.4999996 -15.1 0
-1.4999996 14.9 0.1
-1.4999996 -15.1 0.1
-1.4999996 14.9 0.2
-1.4999996 -15.1 0.2
-1.4999996 14.9 0.30000001
-1.4999996 -15.1 0.30000001
-1.4999996 14.9 0.40000001
-1.4999996 -15.1 0.40000001
-1.4999996 14.9 0.5
-1.4999996 -15.1 0.5
-1.4999996 14.9 0.60000002
-1.4999996 -15.1 0.60000002
-1.4999996 14.9 0.69999999
-1.4999996 -15.1 0.69999999
-1.4999996 14.9 0.80000001
-1.4999996 -15.1 0.80000001
-1.4999996 14.9 0.89999998
-1.4999996 -15.1 0.89999998
-1.4999996 15 0
-1.4999996 -15 0
-1.4999996 15 0.1
-1.4999996 -15 0.1
-1.4999996 15 0.2
-1.4999996 -15 0.2
-1.4999996 15 0.30000001
-1.4999996 -15 0.30000001
-1.4999996 15 0.40000001
-1.4999996 -15 0.40000001
-1.4999996 15 0.5
-1.4999996 -15 0.5
-1.4999996 15 0.60000002
-1.4999996 -15 0.60000002
-1.4999996 15 0.69999999
-1.4999996 -15 0.69999999
-1.4999996 15 0.80000001
-1.4999996 -15 0.80000001
-1.4999996 15 0.89999998
-1.4999996 -15 0.89999998
-1.4000002 14.9 0
-1.4000002 -15.1 0
-1.4000002 14.9 0.1
-1.4000002 -15.1 0.1
-1.4000002 14.9 0.2
-1.4000002 -15.1 0.2
-1.4000002 14.9 0.30000001
-1.4000002 -15.1 0.30000001
-1.4000002 14.9 0.40000001
-1.4000002 -15.1 0.40000001
-1.4000002 14.9 0.5
-1.4000002 -15.1 0.5
-1.4000002 14.9 0.60000002
-1.4000002 -15.1 0.60000002
-1.4000002 14.9 0.69999999
-1.4000002 -15.1 0.69999999
-1.4000002 14.9 0.80000001
-1.4000002 -15.1 0.80000001
-1.4000002 14.9 0.89999998
-1.4000002 -15.1 0.89999998
-1.4000002 15 0
-1.4000002 -15 0
-1.4000002 15 0.1
-1.4000002 -15 0.1
-1.4000002 15 0.2
-1.4000002 -15 0.2
-1.4000002 15 0.30000001
-1.4000002 -15 0.30000001
-1.4000002 15 0.40000001
-1.4000002 -15 0.40000001
-1.4000002 15 0.5
-1.4000002 -15 0.5
-1.4000002 15 0.60000002
-1.4000002 -15 0.60000002
-1.4000002 15 0.69999999
-1.4000002 -15 0.69999999
-1.4000002 15 0.80000001
-1.4000002 -15 0.80000001
-1.4000002 15 0.89999998
-1.4000002 -15 0.89999998
-1.2999998 14.9 0
-1.2999998 -15.1 0
-1.2999998 14.9 0.1
-1.2999998 -15.1 0.1
-1.2999998 14.9 0.2
-1.2999998 -15.1 0.2
-1.2999998 14.9 0.30000001
-1.2999998 -15.1 0.30000001
-1.2999998 14.9 0.40000001
-1.2999998 -15.1 0.40000001
-1.2999998 14.9 0.5
-1.2999998 -15.1 0.5
-1.2999998 14.9 0.60000002
-1.2999998 -15.1 0.60000002
-1.2999998 14.9 0.69999999
-1.2999998 -15.1 0.69999999
-1.2999998 14.9 0.80000001
-1.2999998 -15.1 0.80000001
-1.2999998 14.9 0.89999998
-1.2999998 -15.1 0.89999998
-1.2999998 15 0
-1.2999998 -15 0
-1.2999998 15 0.1
-1.2999998 -15 0.1
-1.2999998 15 0.2
-1.2999998 -15 0.2
-1.2999998 15 0.30000001
-1.2999998 -15 0.30000001
-1.2999998 15 0.40000001
-1.2999998 -15 0.40000001
-1.2999998 15 0.5
-1.2999998 -15 0.5
-1.2999998 15 0.60000002
-1.2999998 -15 0.60000002
-1.2999998 15 0.69999999
-1.2999998 -15 0.69999999
-1.2999998 15 0.80000001
-1.2999998 -15 0.80000001
-1.2999998 15 0.89999998
-1.2999998 -15 0.89999998
-1.2000004 14.9 0
-1.2000004 -15.1 0
-1.2000004 14.9 0.1
-1.2000004 -15.1 0.1
-1.2000004 14.9 0.2
-1.2000004 -15.1 0.2
-1.2000004 14.9 0.30000001
-1.2000004 -15.1 0.30000001
-1.2000004 14.9 0.40000001
-1.2000004 -15.1 0.40000001
-1.2000004 14.9 0.5
-1.2000004 -15.1 0.5
-1.2000004 14.9 0.60000002
-1.2000004 -15.1 0.60000002
-1.2000004 14.9 0.69999999
-1.2000004 -15.1 0.69999999
-1.2000004 14.9 0.80000001
-1.2000004 -15.1 0.80000001
-1.2000004 14.9 0.89999998
-1.2000004 -15.1 0.89999998
-1.2000004 15 0
-1.2000004 -15 0
-1.2000004 15 0.1
-1.2000004 -15 0.1
-1.2000004 15 0.2
-1.2000004 -15 0.2
-1.2000004 15 0.30000001
-1.2000004 -15 0.30000001
-1.2000004 15 0.40000001
-1.2000004 -15 0.40000001
-1.2000004 15 0.5
-1.2000004 -15 0.5
-1.2000004 15 0.60000002
-1.2000004 -15 0.60000002
-1.2000004 15 0.69999999
-1.2000004 -15 0.69999999
-1.2000004 15 0.80000001
-1.2000004 -15 0.80000001
-1.2000004 15 0.89999998
-1.2000004 -15 0.89999998
-1.1 14.9 0
-1.1 -15.1 0
-1.1 14.9 0.1
-1.1 -15.1 0.1
-1.1 14.9 0.2
-1.1 -15.1 0.2
-1.1 14.9 0.30000001
-1.1 -15.1 0.30000001
-1.1 14.9 0.40000001
-1.1 -15.1 0.40000001
-1.1 14.9 0.5
-1.1 -15.1 0.5
-1.1 14.9 0.60000002
-1.1 -15.1 0.60000002
-1.1 14.9 0.69999999
-1.1 -15.1 0.69999999
-1.1 14.9 0.80000001
-1.1 -15.1 0.80000001
-1.1 14.9 0.89999998
-1.1 -15.1 0.89999998
-1.1 15 0
-1.1 -15 0
-1.1 15 0.1
-1.1 -15 0.1
-1.1 15 0.2
-1.1 -15 0.2
-1.1 15 0.30000001
-1.1 -15 0.30000001
-1.1 15 0.40000001
-1.1 -15 0.40000001
-1.1 15 0.5
-1.1 -15 0.5
-1.1 15 0.60000002
-1.1 -15 0.60000002
-1.1 15 0.69999999
-1.1 -15 0.69999999
-1.1 15 0.80000001
-1.1 -15 0.80000001
-1.1 15 0.89999998
-1.1 -15 0.89999998
-0.99999964 14.9 0
-0.99999964 -15.1 0
-0.99999964 14.9 0.1
-0.99999964 -15.1 0.1
-0.99999964 14.9 0.2
-0.99999964 -15.1 0.2
-0.99999964 14.9 0.30000001
-0.99999964 -15.1 0.30000001
-0.99999964 14.9 0.40000001
-0.99999964 -15.1 0.40000001
-0.99999964 14.9 0.5
-0.99999964 -15.1 0.5
-0.99999964 14.9 0.60000002
-0.99999964 -15.1 0.60000002
-0.99999964 14.9 0.69999999
-0.99999964 -15.1 0.69999999
-0.99999964 14.9 0.80000001
-0.99999964 -15.1 0.80000001
-0.99999964 14.9 0.89999998
-0.99999964 -15.1 0.89999998
-0.99999964 15 0
-0.99999964 -15 0
-0.99999964 15 0.1
-0.99999964 -15 0.1
-0.99999964 15 0.2
-0.99999964 -15 0.2
-0.99999964 15 0.30000001
-0.99999964 -15 0.30000001
-0.99999964 15 0.40000001
-0.99999964 -15 0.40000001
-0.99999964 15 0.5
-0.99999964 -15 0.5
-0.99999964 15 0.60000002
-0.99999964 -15 0.60000002
-0.99999964 15 0.69999999
-0.99999964 -15 0.69999999
-0.99999964 15 0.80000001
-0.99999964 -15 0.80000001
-0.99999964 15 0.89999998
-0.99999964 -15 0.89999998
-0.90000021 14.9 0
-0.90000021 -15.1 0
-0.90000021 14.9 0.1
-0.90000021 -15.1 0.1
-0.90000021 14.9 0.2
-0.90000021 -15.1 0.2
-0.90000021 14.9 0.30000001
-0.90000021 -15.1 0.30000001
-0.90000021 14.9 0.40000001
-0.90000021 -15.1 0.40000001
-0.90000021 14.9 0.5
-0.90000021 -15.1 0.5
-0.90000021 14.9 0.60000002
-0.90000021 -15.1 0.60000002
-0.90000021 14.9 0.69999999
-0.90000021 -15.1 0.69999999
-0.90000021 14.9 0.80000001
-0.90000021 -15.1 0.80000001
-0.90000021 14.9 0.89999998
-0.90000021 -15.1 0.89999998
-0.90000021 15 0
-0.90000021 -15 0
-0.90000021 15 0.1
-0.90000021 -15 0.1
-0.90000021 15 0.2
-0.90000021 -15 0.2
-0.90000021 15 0.30000001
-0.90000021 -15 0.30000001
-0.90000021 15 0.40000001
-0.90000021 -15 0.40000001
-0.90000021 15 0.5
-0.90000021 -15 0.5
-0.90000021 15 0.60000002
-0.90000021 -15 0.60000002
-0.90000021 15 0.69999999
-0.90000021 -15 0.69999999
-0.90000021 15 0.80000001
-0.90000021 -15 0.80000001
-0.90000021 15 0.89999998
-0.90000021 -15 0.89999998
-0.79999983 14.9 0
-0.79999983 -15.1 0
-0.79999983 14.9 0.1
-0.79999983 -15.1 0.1
-0.79999983 14.9 0.2
-0.79999983 -15.1 0.2
-0.79999983 14.9 0.30000001
-0.79999983 -15.1 0.30000001
-0.79999983 14.9 0.40000001
-0.79999983 -15.1 0.40000001
-0.79999983 14.9 0.5
-0.79999983 -15.1 0.5
-0.79999983 14.9 0.60000002
-0.79999983 -15.1 0.60000002
-0.79999983 14.9 0.69999999
-0.79999983 -15.1 0.69999999
-0.79999983 14.9 0.80000001
-0.79999983 -15.1 0.80000001
-0.79999983 14.9 0.89999998
-0.79999983 -15.1 0.89999998
-0.79999983 15 0
-0.79999983 -15 0
-0.79999983 15 0.1
-0.79999983 -15 0.1
-0.79999983 15 0.2
-0.79999983 -15 0.2
-0.79999983 15 0.30000001
-0.79999983 -15 0.30000001
-0.79999983 15 0.40000001
-0.79999983 -15 0.40000001
-0.79999983 15 0.5
-0.79999983 -15 0.5
-0.79999983 15 0.60000002
-0.79999983 -15 0.60000002
-0.79999983 15 0.69999999
-0.79999983 -15 0.69999999
-0.79999983 15 0.80000001
-0.79999983 -15 0.80000001
-0.79999983 15 0.89999998
-0.79999983 -15 0.89999998
-0.70000041 14.9 0
-0.70000041 -15.1 0
-0.70000041 14.9 0.1
-0.70000041 -15.1 0.1
-0.70000041 14.9 0.2
-0.70000041 -15.1 0.2
-0.70000041 14.9 0.30000001
-0.70000041 -15.1 0.30000001
-0.70000041 14.9 0.40000001
-0.70000041 -15.1 0.40000001
-0.70000041 14.9 0.5
-0.70000041 -15.1 0.5
-0.70000041 14.9 0.60000002
-0.70000041 -15.1 0.60000002
-0.70000041 14.9 0.69999999
-0.70000041 -15.1 0.69999999
-0.70000041 14.9 0.80000001
-0.70000041 -15.1 0.80000001
-0.70000041 14.9 0.89999998
-0.70000041 -15.1 0.89999998
-0.70000041 15 0
-0.70000041 -15 0
-0.70000041 15 0.1
-0.70000041 -15 0.1
-0.70000041 15 0.2
-0.70000041 -15 0.2
-0.70000041 15 0.30000001
-0.70000041 -15 0.30000001
-0.70000041 15 0.40000001
-0.70000041 -15 0.40000001
-0.70000041 15 0.5
-0.70000041 -15 0.5
-0.70000041 15 0.60000002
-0.70000041 -15 0.60000002
-0.70000041 15 0.69999999
-0.70000041 -15 0.69999999
-0.70000041 15 0.80000001
-0.70000041 -15 0.80000001
-0.70000041 15 0.89999998
-0.70000041 -15 0.89999998
-0.60000002 14.9 0
-0.60000002 -15.1 0
-0.60000002 14.9 0.1
-0.60000002 -15.1 0.1
-0.60000002 14.9 0.2
-0.60000002 -15.1 0.2
-0.60000002 14.9 0.30000001
-0.60000002 -15.1 0.30000001
-0.60000002 14.9 0.40000001
-0.60000002 -15.1 0.40000001
-0.60000002 14.9 0.5
-0.60000002 -15.1 0.5
-0.60000002 14.9 0.60000002
-0.60000002 -15.1 0.60000002
-0.60000002 14.9 0.69999999
-0.60000002 -15.1 0.69999999
-0.60000002 14.9 0.80000001
-0.60000002 -15.1 0.80000001
-0.60000002 14.9 0.89999998
-0.60000002 -15.1 0.89999998
-0.60000002 15 0
-0.60000002 -15 0
-0.60000002 15 0.1
-0.60000002 -15 0.1
-0.60000002 15 0.2
-0.60000002 -15 0.2
-0.60000002 15 0.30000001
-0.60000002 -15 0.30000001
-0.60000002 15 0.40000001
-0.60000002 -15 0.40000001
-0.60000002 15 0.5
-0.60000002 -15 0.5
-0.60000002 15 0.60000002
-0.60000002 -15 0.60000002
-0.60000002 15 0.69999999
-0.60000002 -15 0.69999999
-0.60000002 15 0.80000001
-0.60000002 -15 0.80000001
-0.60000002 15 0.89999998
-0.60000002 -15 0.89999998
-0.49999961 14.9 0
-0.49999961 -15.1 0
-0.49999961 14.9 0.1
-0.49999961 -15.1 0.1
-0.49999961 14.9 0.2
-0.49999961 -15.1 0.2
-0.49999961 14.9 0.30000001
-0.49999961 -15.1 0.30000001
-0.49999961 14.9 0.40000001
-0.49999961 -15.1 0.40000001
-0.49999961 14.9 0.5
-0.49999961 -15.1 0.5
-0.49999961 14.9 0.60000002
-0.49999961 -15.1 0.60000002
-0.49999961 14.9 0.69999999
-0.49999961 -15.1 0.69999999
-0.49999961 14.9 0.80000001
-0.49999961 -15.1 0.80000001
-0.49999961 14.9 0.89999998
-0.49999961 -15.1 0.89999998
-0.49999961 15 0
-0.49999961 -15 0
-0.49999961 15 0.1
-0.49999961 -15 0.1
-0.49999961 15 0.2
-0.49999961 -15 0.2
-0.49999961 15 0.30000001
-0.49999961 -15 0.30000001
-0.49999961 15 0.40000001
-0.49999961 -15 0.40000001
-0.49999961 15 0.5
-0.49999961 -15 0.5
-0.49999961 15 0.60000002
-0.49999961 -15 0.60000002
-0.49999961 15 0.69999999
-0.49999961 -15 0.69999999
-0.49999961 15 0.80000001
-0.49999961 -15 0.80000001
-0.49999961 15 0.89999998
-0.49999961 -15 0.89999998
-0.40000018 14.9 0
-0.40000018 -15.1 0
-0.40000018 14.9 0.1
-0.40000018 -15.1 0.1
-0.40000018 14.9 0.2
-0.40000018 -15.1 0.2
-0.40000018 14.9 0.30000001
-0.40000018 -15.1 0.30000001
-0.40000018 14.9 0.40000001
-0.40000018 -15.1 0.40000001
-0.40000018 14.9 0.5
-0.40000018 -15.1 0.5
-0.40000018 14.9 0.60000002
-0.40000018 -15.1 0.60000002
-0.40000018 14.9 0.69999999
-0.40000018 -15.1 0.69999999
-0.40000018 14.9 0.80000001
-0.40000018 -15.1 0.80000001
-0.40000018 14.9 0.89999998
-0.40000018 -15.1 0.89999998
-0.40000018 15 0
-0.40000018 -15 0
-0.40000018 15 0.1
-0.40000018 -15 0.1
-0.40000018 15 0.2
-0.40000018 -15 0.2
-0.40000018 15 0.30000001
-0.40000018 -15 0.30000001
-0.40000018 15 0.40000001
-0.40000018 -15 0.40000001
-0.40000018 15 0.5
-0.40000018 -15 0.5
-0.40000018 15 0.60000002
-0.40000018 -15 0.60000002
-0.40000018 15 0.69999999
-0.40000018 -15 0.69999999
-0.40000018 15 0.80000001
-0.40000018 -15 0.80000001
-0.40000018 15 0.89999998
-0.40000018 -15 0.89999998
-0.2999998 14.9 0
-0.2999998 -15.1 0
-0.2999998 14.9 0.1
-0.2999998 -15.1 0.1
-0.2999998 14.9 0.2
-0.2999998 -15.1 0.2
-0.2999998 14.9 0.30000001
-0.2999998 -15.1 0.30000001
-0.2999998 14.9 0.40000001
-0.2999998 -15.1 0.40000001
-0.2999998 14.9 0.5
-0.2999998 -15.1 0.5
-0.2999998 14.9 0.60000002
-0.2999998 -15.1 0.60000002
-0.2999998 14.9 0.69999999
-0.2999998 -15.1 0.69999999
-0.2999998 14.9 0.80000001
-0.2999998 -15.1 0.80000001
-0.2999998 14.9 0.89999998
-0.2999998 -15.1 0.89999998
-0.2999998 15 0
-0.2999998 -15 0
-0.2999998 15 0.1
-0.2999998 -15 0.1
-0.2999998 15 0.2
-0.2999998 -15 0.2
-0.2999998 15 0.30000001
-0.2999998 -15 0.30000001
-0.2999998 15 0.40000001
-0.2999998 -15 0.40000001
-0.2999998 15 0.5
-0.2999998 -15 0.5
-0.2999998 15 0.60000002
-0.2999998 -15 0.60000002
-0.2999998 15 0.69999999
-0.2999998 -15 0.69999999
-0.2999998 15 0.80000001
-0.2999998 -15 0.80000001
-0.2999998 15 0.89999998
-0.2999998 -15 0.89999998
-0.20000038 14.9 0
-0.20000038 -15.1 0
-0.20000038 14.9 0.1
-0.20000038 -15.1 0.1
-0.20000038 14.9 0.2
-0.20000038 -15.1 0.2
-0.20000038 14.9 0.30000001
-0.20000038 -15.1 0.30000001
-0.20000038 14.9 0.40000001
-0.20000038 -15.1 0.40000001
-0.20000038 14.9 0.5
-0.20000038 -15.1 0.5
-0.20000038 14.9 0.60000002
-0.20000038 -15.1 0.60000002
-0.20000038 14.9 0.69999999
-0.20000038 -15.1 0.69999999
-0.20000038 14.9 0.80000001
-0.20000038 -15.1 0.80000001
-0.20000038 14.9 0.89999998
-0.20000038 -15.1 0.89999998
-0.20000038 15 0
-0.20000038 -15 0
-0.20000038 15 0.1
-0.20000038 -15 0.1
-0.20000038 15 0.2
-0.20000038 -15 0.2
-0.20000038 15 0.30000001
-0.20000038 -15 0.30000001
-0.20000038 15 0.40000001
-0.20000038 -15 0.40000001
-0.20000038 15 0.5
-0.20000038 -15 0.5
-0.20000038 15 0.60000002
-0.20000038 -15 0.60000002
-0.20000038 15 0.69999999
-0.20000038 -15 0.69999999
-0.20000038 15 0.80000001
-0.20000038 -15 0.80000001
-0.20000038 15 0.89999998
-0.20000038 -15 0.89999998
-0.1 14.9 0
-0.1 -15.1 0
-0.1 14.9 0.1
-0.1 -15.1 0.1
-0.1 14.9 0.2
-0.1 -15.1 0.2
-0.1 14.9 0.30000001
-0.1 -15.1 0.30000001
-0.1 14.9 0.40000001
-0.1 -15.1 0.40000001
-0.1 14.9 0.5
-0.1 -15.1 0.5
-0.1 14.9 0.60000002
-0.1 -15.1 0.60000002
-0.1 14.9 0.69999999
-0.1 -15.1 0.69999999
-0.1 14.9 0.80000001
-0.1 -15.1 0.80000001
-0.1 14.9 0.89999998
-0.1 -15.1 0.89999998
-0.1 15 0
-0.1 -15 0
-0.1 15 0.1
-0.1 -15 0.1
-0.1 15 0.2
-0.1 -15 0.2
-0.1 15 0.30000001
-0.1 -15 0.30000001
-0.1 15 0.40000001
-0.1 -15 0.40000001
-0.1 15 0.5
-0.1 -15 0.5
-0.1 15 0.60000002
-0.1 -15 0.60000002
-0.1 15 0.69999999
-0.1 -15 0.69999999
-0.1 15 0.80000001
-0.1 -15 0.80000001
-0.1 15 0.89999998
-0.1 -15 0.89999998
3.8146973e-07 14.9 0
3.8146973e-07 -15.1 0
3.8146973e-07 14.9 0.1
3.8146973e-07 -15.1 0.1
3.8146973e-07 14.9 0.2
3.8146973e-07 -15.1 0.2
3.8146973e-07 14.9 0.30000001
3.8146973e-07 -15.1 0.30000001
3.8146973e-07 14.9 0.40000001
3.8146973e-07 -15.1 0.40000001
3.8146973e-07 14.9 0.5
3.8146973e-07 -15.1 0.5
3.8146973e-07 14.9 0.60000002
3.8146973e-07 -15.1 0.60000002
3.8146973e-07 14.9 0.69999999
3.8146973e-07 -15.1 0.69999999
3.8146973e-07 14.9 0.80000001
3.8146973e-07 -15.1 0.80000001
3.8146973e-07 14.9 0.89999998
3.8146973e-07 -15.1 0.89999998
3.8146973e-07 15 0
3.8146973e-07 -15 0
3.8146973e-07 15 0.1
3.8146973e-07 -15 0.1
3.8146973e-07 15 0.2
3.8146973e-07 -15 0.2
3.8146973e-07 15 0.30000001
3.8146973e-07 -15 0.30000001
3.8146973e-07 15 0.40000001
3.8146973e-07 -15 0.40000001
3.8146973e-07 15 0.5
3.8146973e-07 -15 0.5
3.8146973e-07 15 0.60000002
3.8146973e-07 -15 0.60000002
3.8146973e-07 15 0.69999999
3.8146973e-07 -15 0.69999999
3.8146973e-07 15 0.80000001
3.8146973e-07 -15 0.80000001
3.8146973e-07 15 0.89999998
3.8146973e-07 -15 0.89999998
0.099999808 14.9 0
0.099999808 -15.1 0
0.099999808 14.9 0.1
0.099999808 -15.1 0.1
0.099999808 14.9 0.2
0.099999808 -15.1 0.2
0.099999808 14.9 0.30000001
0.099999808 -15.1 0.30000001
0.099999808 14.9 0.40000001
0.099999808 -15.1 0.40000001
0.099999808 14.9 0.5
0.099999808 -15.1 0.5
0.099999808 14.9 0.60000002
0.099999808 -15.1 0.60000002
0.099999808 14.9 0.69999999
0.099999808 -15.1 0.69999999
0.099999808 14.9 0.80000001
0.099999808 -15.1 0.80000001
0.099999808 14.9 0.89999998
0.099999808 -15.1 0.89999998
0.099999808 15 0
0.099999808 -15 0
0.099999808 15 0.1
0.099999808 -15 0.1
0.099999808 15 0.2
0.099999808 -15 0.2
0.099999808 15 0.30000001
0.099999808 -15 0.30000001
0.099999808 15 0.40000001
0.099999808 -15 0.40000001
0.099999808 15 0.5
0.099999808 -15 0.5
0.099999808 15 0.60000002
0.099999808 -15 0.60000002
0.099999808 15 0.69999999
0.099999808 -15 0.69999999
0.099999808 15 0.80000001
0.099999808 -15 0.80000001
0.099999808 15 0.89999998
0.099999808 -15 0.89999998
0.2000002 14.9 0
0.2000002 -15.1 0
0.2000002 14.9 0.1
0.2000002 -15.1 0.1
0.2000002 14.9 0.2
0.2000002 -15.1 0.2
0.2000002 14.9 0.30000001
0.2000002 -15.1 0.30000001
0.2000002 14.9 0.40000001
0.2000002 -15.1 0.40000001
0.2000002 14.9 0.5
0.2000002 -15.1 0.5
0.2000002 14.9 0.60000002
0.2000002 -15.1 0.60000002
0.2000002 14.9 0.69999999
0.2000002 -15.1 0.69999999
0.2000002 14.9 0.80000001
0.2000002 -15.1 0.80000001
0.2000002 14.9 0.89999998
0.2000002 -15.1 0.89999998
0.2000002 15 0
0.2000002 -15 0
0.2000002 15 0.1
0.2000002 -15 0.1
0.2000002 15 0.2
0.2000002 -15 0.2
0.2000002 15 0.30000001
0.2000002 -15 0.30000001
0.2000002 15 0.40000001
0.2000002 -15 0.40000001
0.2000002 15 0.5
0.2000002 -15 0.5
0.2000002 15 0.60000002
0.2000002 -15 0.60000002
0.2000002 15 0.69999999
0.2000002 -15 0.69999999
0.2000002 15 0.80000001
0.2000002 -15 0.80000001
0.2000002 15 0.89999998
0.2000002 -15 0.89999998
0.29999962 14.9 0
0.29999962 -15.1 0
0.29999962 14.9 0.1
0.29999962 -15.1 0.1
0.29999962 14.9 0.2
0.29999962 -15.1 0.2
0.29999962 14.9 0.30000001
0.29999962 -15.1 0.30000001
0.29999962 14.9 0.40000001
0.29999962 -15.1 0.40000001
0.29999962 14.9 0.5
0.29999962 -15.1 0.5
0.29999962 14.9 0.60000002
0.29999962 -15.1 0.60000002
0.29999962 14.9 0.69999999
0.29999962 -15.1 0.69999999
0.29999962 14.9 0.80000001
0.29999962 -15.1 0.80000001
0.29999962 14.9 0.89999998
0.29999962 -15.1 0.89999998
0.29999962 15 0
0.29999962 -15 0
0.29999962 15 0.1
0.29999962 -15 0.1
0.29999962 15 0.2
0.29999962 -15 0.2
0.29999962 15 0.30000001
0.29999962 -15 0.30000001
0.29999962 15 0.40000001
0.29999962 -15 0.40000001
0.29999962 15 0.5
0.29999962 -15 0.5
0.29999962 15 0.60000002
0.29999962 -15 0.60000002
0.29999962 15 0.69999999
0.29999962 -15 0.69999999
0.29999962 15 0.80000001
0.29999962 -15 0.80000001
0.29999962 15 0.89999998
0.29999962 -15 0.89999998
0.40000001 14.9 0
0.40000001 -15.1 0
0.40000001 14.9 0.1
0.40000001 -15.1 0.1
0.40000001 14.9 0.2
0.40000001 -15.1 0.2
0.40000001 14.9 0.30000001
0.40000001 -15.1 0.30000001
0.40000001 14.9 0.40000001
0.40000001 -15.1 0.40000001
0.40000001 14.9 0.5
0.40000001 -15.1 0.5
0.40000001 14.9 0.60000002
0.40000001 -15.1 0.60000002
0.40000001 14.9 0.69999999
0.40000001 -15.1 0.69999999
0.40000001 14.9 0.80000001
0.40000001 -15.1 0.80000001
0.40000001 14.9 0.89999998
0.40000001 -15.1 0.89999998
0.40000001 15 0
0.40000001 -15 0
0.40000001 15 0.1
0.40000001 -15 0.1
0.40000001 15 0.2
0.40000001 -15 0.2
0.40000001 15 0.30000001
0.40000001 -15 0.30000001
0.40000001 15 0.40000001
0.40000001 -15 0.40000001
0.40000001 15 0.5
0.40000001 -15 0.5
0.40000001 15 0.60000002
0.40000001 -15 0.60000002
0.40000001 15 0.69999999
0.40000001 -15 0.69999999
0.40000001 15 0.80000001
0.40000001 -15 0.80000001
0.40000001 15 0.89999998
0.40000001 -15 0.89999998
0.50000036 14.9 0
0.50000036 -15.1 0
0.50000036 14.9 0.1
0.50000036 -15.1 0.1
0.50000036 14.9 0.2
0.50000036 -15.1 0.2
0.50000036 14.9 0.30000001
0.50000036 -15.1 0.30000001
0.50000036 14.9 0.40000001
0.50000036 -15.1 0.40000001
0.50000036 14.9 0.5
0.50000036 -15.1 0.5
0.50000036 14.9 0.60000002
0.50000036 -15.1 0.60000002
0.50000036 14.9 0.69999999
0.50000036 -15.1 0.69999999
0.50000036 14.9 0.80000001
0.50000036 -15.1 0.80000001
0.50000036 14.9 0.89999998
0.50000036 -15.1 0.89999998
0.50000036 15 0
0.50000036 -15 0
0.50000036 15 0.1
0.50000036 -15 0.1
0.50000036 15 0.2
0.50000036 -15 0.2
0.50000036 15 0.30000001
0.50000036 -15 0.30000001
0.50000036 15 0.40000001
0.50000036 -15 0.40000001
0.50000036 15 0.5
0.50000036 -15 0.5
0.50000036 15 0.60000002
0.50000036 -15 0.60000002
0.50000036 15 0.69999999
0.50000036 -15 0.69999999
0.50000036 15 0.80000001
0.50000036 -15 0.80000001
0.50000036 15 0.89999998
0.50000036 -15 0.89999998
0.59999979 14.9 0
0.59999979 -15.1 0
0.59999979 14.9 0.1
0.59999979 -15.1 0.1
0.59999979 14.9 0.2
0.59999979 -15.1 0.2
0.59999979 14.9 0.30000001
0.59999979 -15.1 0.30000001
0.59999979 14.9 0.40000001
0.59999979 -15.1 0.40000001
0.59999979 14.9 0.5
0.59999979 -15.1 0.5
0.59999979 14.9 0.60000002
0.59999979 -15.1 0.60000002
0.59999979 14.9 0.69999999
0.59999979 -15.1 0.69999999
0.59999979 14.9 0.80000001
0.59999979 -15.1 0.80000001
0.59999979 14.9 0.89999998
0.59999979 -15.1 0.89999998
0.59999979 15 0
0.59999979 -15 0
0.59999979 15 0.1
0.59999979 -15 0.1
0.59999979 15 0.2
0.59999979 -15 0.2
0.59999979 15 0.30000001
0.59999979 -15 0.30000001
0.59999979 15 0.40000001
0.59999979 -15 0.40000001
0.59999979 15 0.5
0.59999979 -15 0.5
0.59999979 15 0.60000002
0.59999979 -15 0.60000002
0.59999979 15 0.69999999
0.59999979 -15 0.69999999
0.59999979 15 0.80000001
0.59999979 -15 0.80000001
0.59999979 15 0.89999998
0.59999979 -15 0.89999998
0.70000017 14.9 0
0.70000017 -15.1 0
0.70000017 14.9 0.1
0.70000017 -15.1 0.1
0.70000017 14.9 0.2
0.70000017 -15.1 0.2
0.70000017 14.9 0.30000001
0.70000017 -15.1 0.30000001
0.70000017 14.9 0.40000001
0.70000017 -15.1 0.40000001
0.70000017 14.9 0.5
0.70000017 -15.1 0.5
0.70000017 14.9 0.60000002
0.70000017 -15.1 0.60000002
0.70000017 14.9 0.69999999
0.70000017 -15.1 0.69999999
0.70000017 14.9 0.80000001
0.70000017 -15.1 0.80000001
0.70000017 14.9 0.89999998
0.70000017 -15.1 0.89999998
0.70000017 15 0
0.70000017 -15 0
0.70000017 15 0.1
0.70000017 -15 0.1
0.70000017 15 0.2
0.70000017 -15 0.2
0.70000017 15 0.30000001
0.70000017 -15 0.30000001
0.70000017 15 0.40000001
0.70000017 -15 0.40000001
0.70000017 15 0.5
0.70000017 -15 0.5
0.70000017 15 0.60000002
0.70000017 -15 0.60000002
0.70000017 15 0.69999999
0.70000017 -15 0.69999999
0.70000017 15 0.80000001
0.70000017 -15 0.80000001
0.70000017 15 0.89999998
0.70000017 -15 0.89999998
0.79999959 14.9 0
0.79999959 -15.1 0
0.79999959 14.9 0.1
0.79999959 -15.1 0.1
0.79999959 14.9 0.2
0.79999959 -15.1 0.2
0.79999959 14.9 0.30000001
0.79999959 -15.1 0.30000001
0.79999959 14.9 0.40000001
0.79999959 -15.1 0.40000001
0.79999959 14.9 0.5
0.79999959 -15.1 0.5
0.79999959 14.9 0.60000002
0.79999959 -15.1 0.60000002
0.79999959 14.9 0.69999999
0.79999959 -15.1 0.69999999
0.79999959 14.9 0.80000001
0.79999959 -15.1 0.80000001
0.79999959 14.9 0.89999998
0.79999959 -15.1 0.89999998
0.79999959 15 0
0.79999959 -15 0
0.79999959 15 0.1
0.79999959 -15 0.1
0.79999959 15 0.2
0.79999959 -15 0.2
0.79999959 15 0.30000001
0.79999959 -15 0.30000001
0.79999959 15 0.40000001
0.79999959 -15 0.40000001
0.79999959 15 0.5
0.79999959 -15 0.5
0.79999959 15 0.60000002
0.79999959 -15 0.60000002
0.79999959 15 0.69999999
0.79999959 -15 0.69999999
0.79999959 15 0.80000001
0.79999959 -15 0.80000001
0.79999959 15 0.89999998
0.79999959 -15 0.89999998
0.89999998 14.9 0
0.89999998 -15.1 0
0.89999998 14.9 0.1
0.89999998 -15.1 0.1
0.89999998 14.9 0.2
0.89999998 -15.1 0.2
0.89999998 14.9 0.30000001
0.89999998 -15.1 0.30000001
0.89999998 14.9 0.40000001
0.89999998 -15.1 0.40000001
0.89999998 14.9 0.5
0.89999998 -15.1 0.5
0.89999998 14.9 0.60000002
0.89999998 -15.1 0.60000002
0.89999998 14.9 0.69999999
0.89999998 -15.1 0.69999999
0.89999998 14.9 0.80000001
0.89999998 -15.1 0.80000001
0.89999998 14.9 0.89999998
0.89999998 -15.1 0.89999998
0.89999998 15 0
0.89999998 -15 0
0.89999998 15 0.1
0.89999998 -15 0.1
0.89999998 15 0.2
0.89999998 -15 0.2
0.89999998 15 0.30000001
0.89999998 -15 0.30000001
0.89999998 15 0.40000001
0.89999998 -15 0.40000001
0.89999998 15 0.5
0.89999998 -15 0.5
0.89999998 15 0.60000002
0.89999998 -15 0.60000002
0.89999998 15 0.69999999
0.89999998 -15 0.69999999
0.89999998 15 0.80000001
0.89999998 -15 0.80000001
0.89999998 15 0.89999998
0.89999998 -15 0.89999998
1.0000004 14.9 0
1.0000004 -15.1 0
1.0000004 14.9 0.1
1.0000004 -15.1 0.1
1.0000004 14.9 0.2
1.0000004 -15.1 0.2
1.0000004 14.9 0.30000001
1.0000004 -15.1 0.30000001
1.0000004 14.9 0.40000001
1.0000004 -15.1 0.40000001
1.0000004 14.9 0.5
1.0000004 -15.1 0.5
1.0000004 14.9 0.60000002
1.0000004 -15.1 0.60000002
1.0000004 14.9 0.69999999
1.0000004 -15.1 0.69999999
1.0000004 14.9 0.80000001
1.0000004 -15.1 0.80000001
1.0000004 14.9 0.89999998
1.0000004 -15.1 0.89999998
1.0000004 15 0
1.0000004 -15 0
1.0000004 15 0.1
1.0000004 -15 0.1
1.0000004 15 0.2
1.0000004 -15 0.2
1.0000004 15 0.30000001
1.0000004 -15 0.30000001
1.0000004 15 0.40000001
1.0000004 -15 0.40000001
1.0000004 15 0.5
1.0000004 -15 0.5
1.0000004 15 0.60000002
1.0000004 -15 0.60000002
1.0000004 15 0.69999999
1.0000004 -15 0.69999999
1.0000004 15 0.80000001
1.0000004 -15 0.80000001
1.0000004 15 0.89999998
1.0000004 -15 0.89999998
1.1000007 14.9 0
1.1000007 -15.1 0
1.1000007 14.9 0.1
1.1000007 -15.1 0.1
1.1000007 14.9 0.2
1.1000007 -15.1 0.2
1.1000007 14.9 0.30000001
1.1000007 -15.1 0.30000001
1.1000007 14.9 0.40000001
1.1000007 -15.1 0.40000001
1.1000007 14.9 0.5
1.1000007 -15.1 0.5
1.1000007 14.9 0.60000002
1.1000007 -15.1 0.60000002
1.1000007 14.9 0.69999999
1.1000007 -15.1 0.69999999
1.1000007 14.9 0.80000001
1.1000007 -15.1 0.80000001
1.1000007 14.9 0.89999998
1.1000007 -15.1 0.89999998
1.1000007 15 0
1.1000007 -15 0
1.1000007 15 0.1
1.1000007 -15 0.1
1.1000007 15 0.2
1.1000007 -15 0.2
1.1000007 15 0.30000001
1.1000007 -15 0.30000001
1.1000007 15 0.40000001
1.1000007 -15 0.40000001
1.1000007 15 0.5
1.1000007 -15 0.5
1.1000007 15 0.60000002
1.1000007 -15 0.60000002
1.1000007 15 0.69999999
1.1000007 -15 0.69999999
1.1000007 15 0.80000001
1.1000007 -15 0.80000001
1.1000007 15 0.89999998
1.1000007 -15 0.89999998
1.1999992 14.9 0
1.1999992 -15.1 0
1.1999992 14.9 0.1
1.1999992 -15.1 0.1
1.1999992 14.9 0.2
1.1999992 -15.1 0.2
1.1999992 14.9 0.30000001
1.1999992 -15.1 0.30000001
1.1999992 14.9 0.40000001
1.1999992 -15.1 0.40000001
1.1999992 14.9 0.5
1.1999992 -15.1 0.5
1.1999992 14.9 0.60000002
1.1999992 -15.1 0.60000002
1.1999992 14.9 0.69999999
1.1999992 -15.1 0.69999999
1.1999992 14.9 0.80000001
1.1999992 -15.1 0.80000001
1.1999992 14.9 0.89999998
1.1999992 -15.1 0.89999998
1.1999992 15 0
1.1999992 -15 0
1.1999992 15 0.1
1.1999992 -15 0.1
1.1999992 15 0.2
1.1999992 -15 0.2
1.1999992 15 0.30000001
1.1999992 -15 0.30000001
1.1999992 15 0.40000001
1.1999992 -15 0.40000001
1.1999992 15 0.5
1.1999992 -15 0.5
1.1999992 15 0.60000002
1.1999992 -15 0.60000002
1.1999992 15 0.69999999
1.1999992 -15 0.69999999
1.1999992 15 0.80000001
1.1999992 -15 0.80000001
1.1999992 15 0.89999998
1.1999992 -15 0.89999998
1.2999996 14.9 0
1.2999996 -15.1 0
1.2999996 14.9 0.1
1.2999996 -15.1 0.1
1.2999996 14.9 0.2
1.2999996 -15.1 0.2
1.2999996 14.9 0.30000001
1.2999996 -15.1 0.30000001
1.2999996 14.9 0.40000001
1.2999996 -15.1 0.40000001
1.2999996 14.9 0.5
1.2999996 -15.1 0.5
1.2999996 14.9 0.60000002
1.2999996 -15.1 0.60000002
1.2999996 14.9 0.69999999
1.2999996 -15.1 0.69999999
1.2999996 14.9 0.80000001
1.2999996 -15.1 0.80000001
1.2999996 14.9 0.89999998
1.2999996 -15.1 0.89999998
1.2999996 15 0
1.2999996 -15 0
1.2999996 15 0.1
1.2999996 -15 0.1
1.2999996 15 0.2
1.2999996 -15 0.2
1.2999996 15 0.30000001
1.2999996 -15 0.30000001
1.2999996 15 0.40000001
1.2999996 -15 0.40000001
1.2999996 15 0.5
1.2999996 -15 0.5
1.2999996 15 0.60000002
1.2999996 -15 0.60000002
1.2999996 15 0.69999999
1.2999996 -15 0.69999999
1.2999996 15 0.80000001
1.2999996 -15 0.80000001
1.2999996 15 0.89999998
1.2999996 -15 0.89999998
1.4 14.9 0
1.4 -15.1 0
1.4 14.9 0.1
1.4 -15.1 0.1
1.4 14.9 0.2
1.4 -15.1 0.2
1.4 14.9 0.30000001
1.4 -15.1 0.30000001
1.4 14.9 0.40000001
1.4 -15.1 0.40000001
1.4 14.9 0.5
1.4 -15.1 0.5
1.4 14.9 0.60000002
1.4 -15.1 0.60000002
1.4 14.9 0.69999999
1.4 -15.1 0.69999999
1.4 14.9 0.80000001
1.4 -15.1 0.80000001
1.4 14.9 0.89999998
1.4 -15.1 0.89999998
1.4 15 0
1.4 -15 0
1.4 15 0.1
1.4 -15 0.1
1.4 15 0.2
1.4 -15 0.2
1.4 15 0.30000001
1.4 -15 0.30000001
1.4 15 0.40000001
1.4 -15 0.40000001
1.4 15 0.5
1.4 -15 0.5
1.4 15 0.60000002
1.4 -15 0.60000002
1.4 15 0.69999999
1.4 -15 0.69999999
1.4 15 0.80000001
1.4 -15 0.80000001
1.4 15 0.89999998
1.4 -15 0.89999998
1.5000004 14.9 0
1.5000004 -15.1 0
1.5000004 14.9 0.1
1.5000004 -15.1 0.1
1.5000004 14.9 0.2
1.5000004 -15.1 0.2
1.5000004 14.9 0.30000001
1.5000004 -15.1 0.30000001
1.5000004 14.9 0.40000001
1.5000004 -15.1 0.40000001
1.5000004 14.9 0.5
1.5000004 -15.1 0.5
1.5000004 14.9 0.60000002
1.5000004 -15.1 0.60000002
1.5000004 14.9 0.69999999
1.5000004 -15.1 0.69999999
1.5000004 14.9 0.80000001
1.5000004 -15.1 0.80000001
1.5000004 14.9 0.89999998
1.5000004 -15.1 0.89999998
1.5000004 15 0
1.5000004 -15 0
1.5000004 15 0.1
1.5000004 -15 0.1
1.5000004 15 0.2
1.5000004 -15 0.2
1.5000004 15 0.30000001
1.5000004 -15 0.30000001
1.5000004 15 0.40000001
1.5000004 -15 0.40000001
1.5000004 15 0.5
1.5000004 -15 0.5
1.5000004 15 0.60000002
1.5000004 -15 0.60000002
1.5000004 15 0.69999999
1.5000004 -15 0.69999999
1.5000004 15 0.80000001
1.5000004 -15 0.80000001
1.5000004 15 0.89999998
1.5000004 -15 0.89999998
1.6000007 14.9 0
1.6000007 -15.1 0
1.6000007 14.9 0.1
1.6000007 -15.1 0.1
1.6000007 14.9 0.2
1.6000007 -15.1 0.2
1.6000007 14.9 0.30000001
1.6000007 -15.1 0.30000001
1.6000007 14.9 0.40000001
1.6000007 -15.1 0.40000001
1.6000007 14.9 0.5
1.6000007 -15.1 0.5
1.6000007 14.9 0.60000002
1.6000007 -15.1 0.60000002
1.6000007 14.9 0.69999999
1.6000007 -15.1 0.69999999
1.6000007 14.9 0.80000001
1.6000007 -15.1 0.80000001
1.6000007 14.9 0.89999998
1.6000007 -15.1 0.89999998
1.6000007 15 0
1.6000007 -15 0
1.6000007 15 0.1
1.6000007 -15 0.1
1.6000007 15 0.2
1.6000007 -15 0.2
1.6000007 15 0.30000001
1.6000007 -15 0.30000001
1.6000007 15 0.40000001
1.6000007 -15 0.40000001
1.6000007 15 0.5
1.6000007 -15 0.5
1.6000007 15 0.60000002
1.6000007 -15 0.60000002
1.6000007 15 0.69999999
1.6000007 -15 0.69999999
1.6000007 15 0.80000001
1.6000007 -15 0.80000001
1.6000007 15 0.89999998
1.6000007 -15 0.89999998
1.6999992 14.9 0
1.6999992 -15.1 0
1.6999992 14.9 0.1
1.6999992 -15.1 0.1
1.6999992 14.9 0.2
1.6999992 -15.1 0.2
1.6999992 14.9 0.30000001
1.6999992 -15.1 0.30000001
1.6999992 14.9 0.40000001
1.6999992 -15.1 0.40000001
1.6999992 14.9 0.5
1.6999992 -15.1 0.5
1.6999992 14.9 0.60000002
1.6999992 -15.1 0.60000002
1.6999992 14.9 0.69999999
1.6999992 -15.1 0.69999999
1.6999992 14.9 0.80000001
1.6999992 -15.1 0.80000001
1.6999992 14.9 0.89999998
1.6999992 -15.1 0.89999998
1.6999992 15 0
1.6999992 -15 0
1.6999992 15 0.1
1.6999992 -15 0.1
1.6999992 15 0.2
1.6999992 -15 0.2
1.6999992 15 0.30000001
1.6999992 -15 0.30000001
1.6999992 15 0.40000001
1.6999992 -15 0.40000001
1.6999992 15 0.5
1.6999992 -15 0.5
1.6999992 15 0.60000002
1.6999992 -15 0.60000002
1.6999992 15 0.69999999
1.6999992 -15 0.69999999
1.6999992 15 0.80000001
1.6999992 -15 0.80000001
1.6999992 15 0.89999998
1.6999992 -15 0.89999998
1.7999996 14.9 0
1.7999996 -15.1 0
1.7999996 14.9 0.1
1.7999996 -15.1 0.1
1.7999996 14.9 0.2
1.7999996 -15.1 0.2
1.7999996 14.9 0.30000001
1.7999996 -15.1 0.30000001
1.7999996 14.9 0.40000001
1.7999996 -15.1 0.40000001
1.7999996 14.9 0.5
1.7999996 -15.1 0.5
1.7999996 14.9 0.60000002
1.7999996 -15.1 0.60000002
1.7999996 14.9 0.69999999
1.7999996 -15.1 0.69999999
1.7999996 14.9 0.80000001
1.7999996 -15.1 0.80000001
1.7999996 14.9 0.89999998
1.7999996 -15.1 0.89999998
1.7999996 15 0
1.7999996 -15 0
1.7999996 15 0.1
1.7999996 -15 0.1
1.7999996 15 0.2
1.7999996 -15 0.2
1.7999996 15 0.30000001
1.7999996 -15 0.30000001
1.7999996 15 0.40000001
1.7999996 -15 0.40000001
1.7999996 15 0.5
1.7999996 -15 0.5
1.7999996 15 0.60000002
1.7999996 -15 0.60000002
1.7999996 15 0.69999999
1.7999996 -15 0.69999999
1.7999996 15 0.80000001
1.7999996 -15 0.80000001
1.7999996 15 0.89999998
1.7999996 -15 0.89999998
1.9 14.9 0
1.9 -15.1 0
1.9 14.9 0.1
1.9 -15.1 0.1
1.9 14.9 0.2
1.9 -15.1 0.2
1.9 14.9 0.30000001
1.9 -15.1 0.30000001
1.9 14.9 0.40000001
1.9 -15.1 0.40000001
1.9 14.9 0.5
1.9 -15.1 0.5
1.9 14.9 0.60000002
1.9 -15.1 0.60000002
1.9 14.9 0.69999999
1.9 -15.1 0.69999999
1.9 14.9 0.80000001
1.9 -15.1 0.80000001
1.9 14.9 0.89999998
1.9 -15.1 0.89999998
1.9 15 0
1.9 -15 0
1.9 15 0.1
1.9 -15 0.1
1.9 15 0.2
1.9 -15 0.2
1.9 15 0.30000001
1.9 -15 0.30000001
1.9 15 0.40000001
1.9 -15 0.40000001
1.9 15 0.5
1.9 -15 0.5
1.9 15 0.60000002
1.9 -15 0.60000002
1.9 15 0.69999999
1.9 -15 0.69999999
1.9 15 0.80000001
1.9 -15 0.80000001
1.9 15 0.89999998
1.9 -15 0.89999998
2.0000005 14.9 0
2.0000005 -15.1 0
2.0000005 14.9 0.1
2.0000005 -15.1 0.1
2.0000005 14.9 0.2
2.0000005 -15.1 0.2
2.0000005 14.9 0.30000001
2.0000005 -15.1 0.30000001
2.0000005 14.9 0.40000001
2.0000005 -15.1 0.40000001
2.0000005 14.9 0.5
2.0000005 -15.1 0.5
2.0000005 14.9 0.60000002
2.0000005 -15.1 0.60000002
2.0000005 14.9 0.69999999
2.0000005 -15.1 0.69999999
2.0000005 14.9 0.80000001
2.0000005 -15.1 0.80000001
2.0000005 14.9 0.89999998
2.0000005 -15.1 0.89999998
2.0000005 15 0
2.0000005 -15 0
2.0000005 15 0.1
2.0000005 -15 0.1
2.0000005 15 0.2
2.0000005 -15 0.2
2.0000005 15 0.30000001
2.0000005 -15 0.30000001
2.0000005 15 0.40000001
2.0000005 -15 0.40000001
2.0000005 15 0.5
2.0000005 -15 0.5
2.0000005 15 0.60000002
2.0000005 -15 0.60000002
2.0000005 15 0.69999999
2.0000005 -15 0.69999999
2.0000005 15 0.80000001
2.0000005 -15 0.80000001
2.0000005 15 0.89999998
2.0000005 -15 0.89999998
2.1000009 14.9 0
2.1000009 -15.1 0
2.1000009 14.9 0.1
2.1000009 -15.1 0.1
2.1000009 14.9 0.2
2.1000009 -15.1 0.2
2.1000009 14.9 0.30000001
2.1000009 -15.1 0.30000001
2.1000009 14.9 0.40000001
2.1000009 -15.1 0.40000001
2.1000009 14.9 0.5
2.1000009 -15.1 0.5
2.1000009 14.9 0.60000002
2.1000009 -15.1 0.60000002
2.1000009 14.9 0.69999999
2.1000009 -15.1 0.69999999
2.1000009 14.9 0.80000001
2.1000009 -15.1 0.80000001
2.1000009 14.9 0.89999998
2.1000009 -15.1 0.89999998
2.1000009 15 0
2.1000009 -15 0
2.1000009 15 0.1
2.1000009 -15 0.1
2.1000009 15 0.2
2.1000009 -15 0.2
2.1000009 15 0.30000001
2.1000009 -15 0.30000001
2.1000009 15 0.40000001
2.1000009 -15 0.40000001
2.1000009 15 0.5
2.1000009 -15 0.5
2.1000009 15 0.60000002
2.1000009 -15 0.60000002
2.1000009 15 0.69999999
2.1000009 -15 0.69999999
2.1000009 15 0.80000001
2.1000009 -15 0.80000001
2.1000009 15 0.89999998
2.1000009 -15 0.89999998
2.1999993 14.9 0
2.1999993 -15.1 0
2.1999993 14.9 0.1
2.1999993 -15.1 0.1
2.1999993 14.9 0.2
2.1999993 -15.1 0.2
2.1999993 14.9 0.30000001
2.1999993 -15.1 0.30000001
2.1999993 14.9 0.40000001
2.1999993 -15.1 0.40000001
2.1999993 14.9 0.5
2.1999993 -15.1 0.5
2.1999993 14.9 0.60000002
2.1999993 -15.1 0.60000002
2.1999993 14.9 0.69999999
2.1999993 -15.1 0.69999999
2.1999993 14.9 0.80000001
2.1999993 -15.1 0.80000001
2.1999993 14.9 0.89999998
2.1999993 -15.1 0.89999998
2.1999993 15 0
2.1999993 -15 0
2.1999993 15 0.1
2.1999993 -15 0.1
2.1999993 15 0.2
2.1999993 -15 0.2
2.1999993 15 0.30000001
2.1999993 -15 0.30000001
2.1999993 15 0.40000001
2.1999993 -15 0.40000001
2.1999993 15 0.5
2.1999993 -15 0.5
2.1999993 15 0.60000002
2.1999993 -15 0.60000002
2.1999993 15 0.69999999
2.1999993 -15 0.69999999
2.1999993 15 0.80000001
2.1999993 -15 0.80000001
2.1999993 15 0.89999998
2.1999993 -15 0.89999998
2.2999997 14.9 0
2.2999997 -15.1 0
2.2999997 14.9 0.1
2.2999997 -15.1 0.1
2.2999997 14.9 0.2
2.2999997 -15.1 0.2
2.2999997 14.9 0.30000001
2.2999997 -15.1 0.30000001
2.2999997 14.9 0.40000001
2.2999997 -15.1 0.40000001
2.2999997 14.9 0.5
2.2999997 -15.1 0.5
2.2999997 14.9 0.60000002
2.2999997 -15.1 0.60000002
2.2999997 14.9 0.69999999
2.2999997 -15.1 0.69999999
2.2999997 14.9 0.80000001
2.2999997 -15.1 0.80000001
2.2999997 14.9 0.89999998
2.2999997 -15.1 0.89999998
2.2999997 15 0
2.2999997 -15 0
2.2999997 15 0.1
2.2999997 -15 0.1
2.2999997 15 0.2
2.2999997 -15 0.2
2.2999997 15 0.30000001
2.2999997 -15 0.30000001
2.2999997 15 0.40000001
2.2999997 -15 0.40000001
2.2999997 15 0.5
2.2999997 -15 0.5
2.2999997 15 0.60000002
2.2999997 -15 0.60000002
2.2999997 15 0.69999999
2.2999997 -15 0.69999999
2.2999997 15 0.80000001
2.2999997 -15 0.80000001
2.2999997 15 0.89999998
2.2999997 -15 0.89999998
2.4000001 14.9 0
2.4000001 -15.1 0
2.4000001 14.9 0.1
2.4000001 -15.1 0.1
2.4000001 14.9 0.2
2.4000001 -15.1 0.2
2.4000001 14.9 0.30000001
2.4000001 -15.1 0.30000001
2.4000001 14.9 0.40000001
2.4000001 -15.1 0.40000001
2.4000001 14.9 0.5
2.4000001 -15.1 0.5
2.4000001 14.9 0.60000002
2.4000001 -15.1 0.60000002
2.4000001 14.9 0.69999999
2.4000001 -15.1 0.69999999
2.4000001 14.9 0.80000001
2.4000001 -15.1 0.80000001
2.4000001 14.9 0.89999998
2.4000001 -15.1 0.89999998
2.4000001 15 0
2.4000001 -15 0
2.4000001 15 0.1
2.4000001 -15 0.1
2.4000001 15 0.2
2.4000001 -15 0.2
2.4000001 15 0.30000001
2.4000001 -15 0.30000001
2.4000001 15 0.40000001
2.4000001 -15 0.40000001
2.4000001 15 0.5
2.4000001 -15 0.5
2.4000001 15 0.60000002
2.4000001 -15 0.60000002
2.4000001 15 0.69999999
2.4000001 -15 0.69999999
2.4000001 15 0.80000001
2.4000001 -15 0.80000001
2.4000001 15 0.89999998
2.4000001 -15 0.89999998
2.5000005 14.9 0
2.5000005 -15.1 0
2.5000005 14.9 0.1
2.5000005 -15.1 0.1
2.5000005 14.9 0.2
2.5000005 -15.1 0.2
2.5000005 14.9 0.30000001
2.5000005 -15.1 0.30000001
2.5000005 14.9 0.40000001
2.5000005 -15.1 0.40000001
2.5000005 14.9 0.5
2.5000005 -15.1 0.5
2.5000005 14.9 0.60000002
2.5000005 -15.1 0.60000002
2.5000005 14.9 0.69999999
2.5000005 -15.1 0.69999999
2.5000005 14.9 0.80000001
2.5000005 -15.1 0.80000001
2.5000005 14.9 0.89999998
2.5000005 -15.1 0.89999998
2.5000005 15 0
2.5000005 -15 0
2.5000005 15 0.1
2.5000005 -15 0.1
2.5000005 15 0.2
2.5000005 -15 0.2
2.5000005 15 0.30000001
2.5000005 -15 0.30000001
2.5000005 15 0.40000001
2.5000005 -15 0.40000001
2.5000005 15 0.5
2.5000005 -15 0.5
2.5000005 15 0.60000002
2.5000005 -15 0.60000002
2.5000005 15 0.69999999
2.5000005 -15 0.69999999
2.5000005 15 0.80000001
2.5000005 -15 0.80000001
2.5000005 15 0.89999998
2.5000005 -15 0.89999998
2.6000009 14.9 0
2.6000009 -15.1 0
2.6000009 14.9 0.1
2.6000009 -15.1 0.1
2.6000009 14.9 0.2
2.6000009 -15.1 0.2
2.6000009 14.9 0.30000001
2.6000009 -15.1 0.30000001
2.6000009 14.9 0.40000001
2.6000009 -15.1 0.40000001
2.6000009 14.9 0.5
2.6000009 -15.1 0.5
2.6000009 14.9 0.60000002
2.6000009 -15.1 0.60000002
2.6000009 14.9 0.69999999
2.6000009 -15.1 0.69999999
2.6000009 14.9 0.80000001
2.6000009 -15.1 0.80000001
2.6000009 14.9 0.89999998
2.6000009 -15.1 0.89999998
2.6000009 15 0
2.6000009 -15 0
2.6000009 15 0.1
2.6000009 -15 0.1
2.6000009 15 0.2
2.6000009 -15 0.2
2.6000009 15 0.30000001
2.6000009 -15 0.30000001
2.6000009 15 0.40000001
2.6000009 -15 0.40000001
2.6000009 15 0.5
2.6000009 -15 0.5
2.6000009 15 0.60000002
2.6000009 -15 0.60000002
2.6000009 15 0.69999999
2.6000009 -15 0.69999999
2.6000009 15 0.80000001
2.6000009 -15 0.80000001
2.6000009 15 0.89999998
2.6000009 -15 0.89999998
2.6999993 14.9 0
2.6999993 -15.1 0
2.6999993 14.9 0.1
2.6999993 -15.1 0.1
2.6999993 14.9 0.2
2.6999993 -15.1 0.2
2.6999993 14.9 0.30000001
2.6999993 -15.1 0.30000001
2.6999993 14.9 0.40000001
2.6999993 -15.1 0.40000001
2.6999993 14.9 0.5
2.6999993 -15.1 0.5
2.6999993 14.9 0.60000002
2.6999993 -15.1 0.60000002
2.6999993 14.9 0.69999999
2.6999993 -15.1 0.69999999
2.6999993 14.9 0.80000001
2.6999993 -15.1 0.80000001
2.6999993 14.9 0.89999998
2.6999993 -15.1 0.89999998
2.6999993 15 0
2.6999993 -15 0
2.6999993 15 0.1
2.6999993 -15 0.1
2.6999993 15 0.2
2.6999993 -15 0.2
2.6999993 15 0.30000001
2.6999993 -15 0.30000001
2.6999993 15 0.40000001
2.6999993 -15 0.40000001
2.6999993 15 0.5
2.6999993 -15 0.5
2.6999993 15 0.60000002
2.6999993 -15 0.60000002
2.6999993 15 0.69999999
2.6999993 -15 0.69999999
2.6999993 15 0.80000001
2.6999993 -15 0.80000001
2.6999993 15 0.89999998
2.6999993 -15 0.89999998
2.7999997 14.9 0
2.7999997 -15.1 0
2.7999997 14.9 0.1
2.7999997 -15.1 0.1
2.7999997 14.9 0.2
2.7999997 -15.1 0.2
2.7999997 14.9 0.30000001
2.7999997 -15.1 0.30000001
2.7999997 14.9 0.40000001
2.7999997 -15.1 0.40000001
2.7999997 14.9 0.5
2.7999997 -15.1 0.5
2.7999997 14.9 0.60000002
2.7999997 -15.1 0.60000002
2.7999997 14.9 0.69999999
2.7999997 -15.1 0.69999999
2.7999997 14.9 0.80000001
2.7999997 -15.1 0.80000001
2.7999997 14.9 0.89999998
2.7999997 -15.1 0.89999998
2.7999997 15 0
2.7999997 -15 0
2.7999997 15 0.1
2.7999997 -15 0.1
2.7999997 15 0.2
2.7999997 -15 0.2
2.7999997 15 0.30000001
2.7999997 -15 0.30000001
2.7999997 15 0.40000001
2.7999997 -15 0.40000001
2.7999997 15 0.5
2.7999997 -15 0.5
2.7999997 15 0.60000002
2.7999997 -15 0.60000002
2.7999997 15 0.69999999
2.7999997 -15 0.69999999
2.7999997 15 0.80000001
2.7999997 -15 0.80000001
2.7999997 15 0.89999998
2.7999997 -15 0.89999998
2.9000001 14.9 0
2.9000001 -15.1 0
2.9000001 14.9 0.1
2.9000001 -15.1 0.1
2.9000001 14.9 0.2
2.9000001 -15.1 0.2
2.9000001 14.9 0.30000001
2.9000001 -15.1 0.30000001
2.9000001 14.9 0.40000001
2.9000001 -15.1 0.40000001
2.9000001 14.9 0.5
2.9000001 -15.1 0.5
2.9000001 14.9 0.60000002
2.9000001 -15.1 0.60000002
2.9000001 14.9 0.69999999
2.9000001 -15.1 0.69999999
2.9000001 14.9 0.80000001
2.9000001 -15.1 0.80000001
2.9000001 14.9 0.89999998
2.9000001 -15.1 0.89999998
2.9000001 15 0
2.9000001 -15 0
2.9000001 15 0.1
2.9000001 -15 0.1
2.9000001 15 0.2
2.9000001 -15 0.2
2.9000001 15 0.30000001
2.9000001 -15 0.30000001
2.9000001 15 0.40000001
2.9000001 -15 0.40000001
2.9000001 15 0.5
2.9000001 -15 0.5
2.9000001 15 0.60000002
2.9000001 -15 0.60000002
2.9000001 15 0.69999999
2.9000001 -15 0.69999999
2.9000001 15 0.80000001
2.9000001 -15 0.80000001
2.9000001 15 0.89999998
2.9000001 -15 0.89999998
3.0000005 14.9 0
3.0000005 -15.1 0
3.0000005 14.9 0.1
3.0000005 -15.1 0.1
3.0000005 14.9 0.2
3.0000005 -15.1 0.2
3.0000005 14.9 0.30000001
3.0000005 -15.1 0.30000001
3.0000005 14.9 0.40000001
3.0000005 -15.1 0.40000001
3.0000005 14.9 0.5
3.0000005 -15.1 0.5
3.0000005 14.9 0.60000002
3.0000005 -15.1 0.60000002
3.0000005 14.9 0.69999999
3.0000005 -15.1 0.69999999
3.0000005 14.9 0.80000001
3.0000005 -15.1 0.80000001
3.0000005 14.9 0.89999998
3.0000005 -15.1 0.89999998
3.0000005 15 0
3.0000005 -15 0
3.0000005 15 0.1
3.0000005 -15 0.1
3.0000005 15 0.2
3.0000005 -15 0.2
3.0000005 15 0.30000001
3.0000005 -15 0.30000001
3.0000005 15 0.40000001
3.0000005 -15 0.40000001
3.0000005 15 0.5
3.0000005 -15 0.5
3.0000005 15 0.60000002
3.0000005 -15 0.60000002
3.0000005 15 0.69999999
3.0000005 -15 0.69999999
3.0000005 15 0.80000001
3.0000005 -15 0.80000001
3.0000005 15 0.89999998
3.0000005 -15 0.89999998
3.1000009 14.9 0
3.1000009 -15.1 0
3.1000009 14.9 0.1
3.1000009 -15.1 0.1
3.1000009 14.9 0.2
3.1000009 -15.1 0.2
3.1000009 14.9 0.30000001
3.1000009 -15.1 0.30000001
3.1000009 14.9 0.40000001
3.1000009 -15.1 0.40000001
3.1000009 14.9 0.5
3.1000009 -15.1 0.5
3.1000009 14.9 0.60000002
3.1000009 -15.1 0.60000002
3.1000009 14.9 0.69999999
3.1000009 -15.1 0.69999999
3.1000009 14.9 0.80000001
3.1000009 -15.1 0.80000001
3.1000009 14.9 0.89999998
3.1000009 -15.1 0.89999998
3.1000009 15 0
3.1000009 -15 0
3.1000009 15 0.1
3.1000009 -15 0.1
3.1000009 15 0.2
3.1000009 -15 0.2
3.1000009 15 0.30000001
3.1000009 -15 0.30000001
3.1000009 15 0.40000001
3.1000009 -15 0.40000001
3.1000009 15 0.5
3.1000009 -15 0.5
3.1000009 15 0.60000002
3.1000009 -15 0.60000002
3.1000009 15 0.69999999
3.1000009 -15 0.69999999
3.1000009 15 0.80000001
3.1000009 -15 0.80000001
3.1000009 15 0.89999998
3.1000009 -15 0.89999998
3.1999993 14.9 0
3.1999993 -15.1 0
3.1999993 14.9 0.1
3.1999993 -15.1 0.1
3.1999993 14.9 0.2
3.1999993 -15.1 0.2
3.1999993 14.9 0.30000001
3.1999993 -15.1 0.30000001
3.1999993 14.9 0.40000001
3.1999993 -15.1 0.40000001
3.1999993 14.9 0.5
3.1999993 -15.1 0.5
3.1999993 14.9 0.60000002
3.1999993 -15.1 0.60000002
3.1999993 14.9 0.69999999
3.1999993 -15.1 0.69999999
3.1999993 14.9 0.80000001
3.1999993 -15.1 0.80000001
3.1999993 14.9 0.89999998
3.1999993 -15.1 0.89999998
3.1999993 15 0
3.1999993 -15 0
3.1999993 15 0.1
3.1999993 -15 0.1
3.1999993 15 0.2
3.1999993 -15 0.2
3.1999993 15 0.30000001
3.1999993 -15 0.30000001
3.1999993 15 0.40000001
3.1999993 -15 0.40000001
3.1999993 15 0.5
3.1999993 -15 0.5
3.1999993 15 0.60000002
3.1999993 -15 0.60000002
3.1999993 15 0.69999999
3.1999993 -15 0.69999999
3.1999993 15 0.80000001
3.1999993 -15 0.80000001
3.1999993 15 0.89999998
3.1999993 -15 0.89999998
3.2999997 14.9 0
3.2999997 -15.1 0
3.2999997 14.9 0.1
3.2999997 -15.1 0.1
3.2999997 14.9 0.2
3.2999997 -15.1 0.2
3.2999997 14.9 0.30000001
3.2999997 -15.1 0.30000001
3.2999997 14.9 0.40000001
3.2999997 -15.1 0.40000001
3.2999997 14.9 0.5
3.2999997 -15.1 0.5
3.2999997 14.9 0.60000002
3.2999997 -15.1 0.60000002
3.2999997 14.9 0.69999999
3.2999997 -15.1 0.69999999
3.2999997 14.9 0.80000001
3.2999997 -15.1 0.80000001
3.2999997 14.9 0.89999998
3.2999997 -15.1 0.89999998
3.2999997 15 0
3.2999997 -15 0
3.2999997 15 0.1
3.2999997 -15 0.1
3.2999997 15 0.2
3.2999997 -15 0.2
3.2999997 15 0.30000001
3.2999997 -15 0.30000001
3.2999997 15 0.40000001
3.2999997 -15 0.40000001
3.2999997 15 0.5
3.2999997 -15 0.5
3.2999997 15 0.60000002
3.2999997 -15 0.60000002
3.2999997 15 0.69999999
3.2999997 -15 0.69999999
3.2999997 15 0.80000001
3.2999997 -15 0.80000001
3.2999997 15 0.89999998
3.2999997 -15 0.89999998
3.4000001 14.9 0
3.4000001 -15.1 0
3.4000001 14.9 0.1
3.4000001 -15.1 0.1
3.4000001 14.9 0.2
3.4000001 -15.1 0.2
3.4000001 14.9 0.30000001
3.4000001 -15.1 0.30000001
3.4000001 14.9 0.40000001
3.4000001 -15.1 0.40000001
3.4000001 14.9 0.5
3.4000001 -15.1 0.5
3.4000001 14.9 0.60000002
3.4000001 -15.1 0.60000002
3.4000001 14.9 0.69999999
3.4000001 -15.1 0.69999999
3.4000001 14.9 0.80000001
3.4000001 -15.1 0.80000001
3.4000001 14.9 0.89999998
3.4000001 -15.1 0.89999998
3.4000001 15 0
3.4000001 -15 0
3.4000001 15 0.1
3.4000001 -15 0.1
3.4000001 15 0.2
3.4000001 -15 0.2
3.4000001 15 0.30000001
3.4000001 -15 0.30000001
3.4000001 15 0.40000001
3.4000001 -15 0.40000001
3.4000001 15 0.5
3.4000001 -15 0.5
3.4000001 15 0.60000002
3.4000001 -15 0.60000002
3.4000001 15 0.69999999
3.4000001 -15 0.69999999
3.4000001 15 0.80000001
3.4000001 -15 0.80000001
3.4000001 15 0.89999998
3.4000001 -15 0.89999998
3.5000005 14.9 0
3.5000005 -15.1 0
3.5000005 14.9 0.1
3.5000005 -15.1 0.1
3.5000005 14.9 0.2
3.5000005 -15.1 0.2
3.5000005 14.9 0.30000001
3.5000005 -15.1 0.30000001
3.5000005 14.9 0.40000001
3.5000005 -15.1 0.40000001
3.5000005 14.9 0.5
3.5000005 -15.1 0.5
3.5000005 14.9 0.60000002
3.5000005 -15.1 0.60000002
3.5000005 14.9 0.69999999
3.5000005 -15.1 0.69999999
3.5000005 14.9 0.80000001
3.5000005 -15.1 0.80000001
3.5000005 14.9 0.89999998
3.5000005 -15.1 0.89999998
3.5000005 15 0
3.5000005 -15 0
3.5000005 15 0.1
3.5000005 -15 0.1
3.5000005 15 0.2
3.5000005 -15 0.2
3.5000005 15 0.30000001
3.5000005 -15 0.30000001
3.5000005 15 0.40000001
3.5000005 -15 0.40000001
3.5000005 15 0.5
3.5000005 -15 0.5
3.5000005 15 0.60000002
3.5000005 -15 0.60000002
3.5000005 15 0.69999999
3.5000005 -15 0.69999999
3.5000005 15 0.80000001
3.5000005 -15 0.80000001
3.5000005 15 0.89999998
3.5000005 -15 0.89999998
3.6000009 14.9 0
3.6000009 -15.1 0
3.6000009 14.9 0.1
3.6000009 -15.1 0.1
3.6000009 14.9 0.2
3.6000009 -15.1 0.2
3.6000009 14.9 0.30000001
3.6000009 -15.1 0.30000001
3.6000009 14.9 0.40000001
3.6000009 -15.1 0.40000001
3.6000009 14.9 0.5
3.6000009 -15.1 0.5
3.6000009 14.9 0.60000002
3.6000009 -15.1 0.60000002
3.6000009 14.9 0.69999999
3.6000009 -15.1 0.69999999
3.6000009 14.9 0.80000001
3.6000009 -15.1 0.80000001
3.6000009 14.9 0.89999998
3.6000009 -15.1 0.89999998
3.6000009 15 0
3.6000009 -15 0
3.6000009 15 0.1
3.6000009 -15 0.1
3.6000009 15 0.2
3.6000009 -15 0.2
3.6000009 15 0.30000001
3.6000009 -15 0.30000001
3.6000009 15 0.40000001
3.6000009 -15 0.40000001
3.6000009 15 0.5
3.6000009 -15 0.5
3.6000009 15 0.60000002
3.6000009 -15 0.60000002
3.6000009 15 0.69999999
3.6000009 -15 0.69999999
3.6000009 15 0.80000001
3.6000009 -15 0.80000001
3.6000009 15 0.89999998
3.6000009 -15 0.89999998
3.6999993 14.9 0
3.6999993 -15.1 0
3.6999993 14.9 0.1
3.6999993 -15.1 0.1
3.6999993 14.9 0.2
3.6999993 -15.1 0.2
3.6999993 14.9 0.30000001
3.6999993 -15.1 0.30000001
3.6999993 14.9 0.40000001
3.6999993 -15.1 0.40000001
3.6999993 14.9 0.5
3.6999993 -15.1 0.5
3.6999993 14.9 0.60000002
3.6999993 -15.1 0.60000002
3.6999993 14.9 0.69999999
3.6999993 -15.1 0.69999999
3.6999993 14.9 0.80000001
3.6999993 -15.1 0.80000001
3.6999993 14.9 0.89999998
3.6999993 -15.1 0.89999998
3.6999993 15 0
3.6999993 -15 0
3.6999993 15 0.1
3.6999993 -15 0.1
3.6999993 15 0.2
3.6999993 -15 0.2
3.6999993 15 0.30000001
3.6999993 -15 0.30000001
3.6999993 15 0.40000001
3.6999993 -15 0.40000001
3.6999993 15 0.5
3.6999993 -15 0.5
3.6999993 15 0.60000002
3.6999993 -15 0.60000002
3.6999993 15 0.69999999
3.6999993 -15 0.69999999
3.6999993 15 0.80000001
3.6999993 -15 0.80000001
3.6999993 15 0.89999998
3.6999993 -15 0.89999998
3.7999997 14.9 0
3.7999997 -15.1 0
3.7999997 14.9 0.1
3.7999997 -15.1 0.1
3.7999997 14.9 0.2
3.7999997 -15.1 0.2
3.7999997 14.9 0.30000001
3.7999997 -15.1 0.30000001
3.7999997 14.9 0.40000001
3.7999997 -15.1 0.40000001
3.7999997 14.9 0.5
3.7999997 -15.1 0.5
3.7999997 14.9 0.60000002
3.7999997 -15.1 0.60000002
3.7999997 14.9 0.69999999
3.7999997 -15.1 0.69999999
3.7999997 14.9 0.80000001
3.7999997 -15.1 0.80000001
3.7999997 14.9 0.89999998
3.7999997 -15.1 0.89999998
3.7999997 15 0
3.7999997 -15 0
3.7999997 15 0.1
3.7999997 -15 0.1
3.7999997 15 0.2
3.7999997 -15 0.2
3.7999997 15 0.30000001
3.7999997 -15 0.30000001
3.7999997 15 0.40000001
3.7999997 -15 0.40000001
3.7999997 15 0.5
3.7999997 -15 0.5
3.7999997 15 0.60000002
3.7999997 -15 0.60000002
3.7999997 15 0.69999999
3.7999997 -15 0.69999999
3.7999997 15 0.80000001
3.7999997 -15 0.80000001
3.7999997 15 0.89999998
3.7999997 -15 0.89999998
3.9000001 14.9 0
3.9000001 -15.1 0
3.9000001 14.9 0.1
3.9000001 -15.1 0.1
3.9000001 14.9 0.2
3.9000001 -15.1 0.2
3.9000001 14.9 0.30000001
3.9000001 -15.1 0.30000001
3.9000001 14.9 0.40000001
3.9000001 -15.1 0.40000001
3.9000001 14.9 0.5
3.9000001 -15.1 0.5
3.9000001 14.9 0.60000002
3.9000001 -15.1 0.60000002
3.9000001 14.9 0.69999999
3.9000001 -15.1 0.69999999
3.9000001 14.9 0.80000001
3.9000001 -15.1 0.80000001
3.9000001 14.9 0.89999998
3.9000001 -15.1 0.89999998
3.9000001 15 0
3.9000001 -15 0
3.9000001 15 0.1
3.9000001 -15 0.1
3.9000001 15 0.2
3.9000001 -15 0.2
3.9000001 15 0.30000001
3.9000001 -15 0.30000001
3.9000001 15 0.40000001
3.9000001 -15 0.40000001
3.9000001 15 0.5
3.9000001 -15 0.5
3.9000001 15 0.60000002
3.9000001 -15 0.60000002
3.9000001 15 0.69999999
3.9000001 -15 0.69999999
3.9000001 15 0.80000001
3.9000001 -15 0.80000001
3.9000001 15 0.89999998
3.9000001 -15 0.89999998
4.0000005 14.9 0
4.0000005 -15.1 0
4.0000005 14.9 0.1
4.0000005 -15.1 0.1
4.0000005 14.9 0.2
4.0000005 -15.1 0.2
4.0000005 14.9 0.30000001
4.0000005 -15.1 0.30000001
4.0000005 14.9 0.40000001
4.0000005 -15.1 0.40000001
4.0000005 14.9 0.5
4.0000005 -15.1 0.5
4.0000005 14.9 0.60000002
4.0000005 -15.1 0.60000002
4.0000005 14.9 0.69999999
4.0000005 -15.1 0.69999999
4.0000005 14.9 0.80000001
4.0000005 -15.1 0.80000001
4.0000005 14.9 0.89999998
4.0000005 -15.1 0.89999998
4.0000005 15 0
4.0000005 -15 0
4.0000005 15 0.1
4.0000005 -15 0.1
4.0000005 15 0.2
4.0000005 -15 0.2
4.0000005 15 0.30000001
4.0000005 -15 0.30000001
4.0000005 15 0.40000001
4.0000005 -15 0.40000001
4.0000005 15 0.5
4.0000005 -15 0.5
4.0000005 15 0.60000002
4.0000005 -15 0.60000002
4.0000005 15 0.69999999
4.0000005 -15 0.69999999
4.0000005 15 0.80000001
4.0000005 -15 0.80000001
4.0000005 15 0.89999998
4.0000005 -15 0.89999998
4.1000009 14.9 0
4.1000009 -15.1 0
4.1000009 14.9 0.1
4.1000009 -15.1 0.1
4.1000009 14.9 0.2
4.1000009 -15.1 0.2
4.1000009 14.9 0.30000001
4.1000009 -15.1 0.30000001
4.1000009 14.9 0.40000001
4.1000009 -15.1 0.40000001
4.1000009 14.9 0.5
4.1000009 -15.1 0.5
4.1000009 14.9 0.60000002
4.1000009 -15.1 0.60000002
4.1000009 14.9 0.69999999
4.1000009 -15.1 0.69999999
4.1000009 14.9 0.80000001
4.1000009 -15.1 0.80000001
4.1000009 14.9 0.89999998
4.1000009 -15.1 0.89999998
4.1000009 15 0
4.1000009 -15 0
4.1000009 15 0.1
4.1000009 -15 0.1
4.1000009 15 0.2
4.1000009 -15 0.2
4.1000009 15 0.30000001
4.1000009 -15 0.30000001
4.1000009 15 0.40000001
4.1000009 -15 0.40000001
4.1000009 15 0.5
4.1000009 -15 0.5
4.1000009 15 0.60000002
4.1000009 -15 0.60000002
4.1000009 15 0.69999999
4.1000009 -15 0.69999999
4.1000009 15 0.80000001
4.1000009 -15 0.80000001
4.1000009 15 0.89999998
4.1000009 -15 0.89999998
4.1999993 14.9 0
4.1999993 -15.1 0
4.1999993 14.9 0.1
4.1999993 -15.1 0.1
4.1999993 14.9 0.2
4.1999993 -15.1 0.2
4.1999993 14.9 0.30000001
4.1999993 -15.1 0.30000001
4.1999993 14.9 0.40000001
4.1999993 -15.1 0.40000001
4.1999993 14.9 0.5
4.1999993 -15.1 0.5
4.1999993 14.9 0.60000002
4.1999993 -15.1 0.60000002
4.1999993 14.9 0.69999999
4.1999993 -15.1 0.69999999
4.1999993 14.9 0.80000001
4.1999993 -15.1 0.80000001
4.1999993 14.9 0.89999998
4.1999993 -15.1 0.89999998
4.1999993 15 0
4.1999993 -15 0
4.1999993 15 0.1
4.1999993 -15 0.1
4.1999993 15 0.2
4.1999993 -15 0.2
4.1999993 15 0.30000001
4.1999993 -15 0.30000001
4.1999993 15 0.40000001
4.1999993 -15 0.40000001
4.1999993 15 0.5
4.1999993 -15 0.5
4.1999993 15 0.60000002
4.1999993 -15 0.60000002
4.1999993 15 0.69999999
4.1999993 -15 0.69999999
4.1999993 15 0.80000001
4.1999993 -15 0.80000001
4.1999993 15 0.89999998
4.1999993 -15 0.89999998
4.2999997 14.9 0
4.2999997 -15.1 0
4.2999997 14.9 0.1
4.2999997 -15.1 0.1
4.2999997 14.9 0.2
4.2999997 -15.1 0.2
4.2999997 14.9 0.30000001
4.2999997 -15.1 0.30000001
4.2999997 14.9 0.40000001
4.2999997 -15.1 0.40000001
4.2999997 14.9 0.5
4.2999997 -15.1 0.5
4.2999997 14.9 0.60000002
4.2999997 -15.1 0.60000002
4.2999997 14.9 0.69999999
4.2999997 -15.1 0.69999999
4.2999997 14.9 0.80000001
4.2999997 -15.1 0.80000001
4.2999997 14.9 0.89999998
4.2999997 -15.1 0.89999998
4.2999997 15 0
4.2999997 -15 0
4.2999997 15 0.1
4.2999997 -15 0.1
4.2999997 15 0.2
4.2999997 -15 0.2
4.2999997 15 0.30000001
4.2999997 -15 0.30000001
4.2999997 15 0.40000001
4.2999997 -15 0.40000001
4.2999997 15 0.5
4.2999997 -15 0.5
4.2999997 15 0.60000002
4.2999997 -15 0.60000002
4.2999997 15 0.69999999
4.2999997 -15 0.69999999
4.2999997 15 0.80000001
4.2999997 -15 0.80000001
4.2999997 15 0.89999998
4.2999997 -15 0.89999998
4.4000001 14.9 0
4.4000001 -15.1 0
4.4000001 14.9 0.1
4.4000001 -15.1 0.1
4.4000001 14.9 0.2
4.4000001 -15.1 0.2
4.4000001 14.9 0.30000001
4.4000001 -15.1 0.30000001
4.4000001 14.9 0.40000001
4.4000001 -15.1 0.40000001
4.4000001 14.9 0.5
4.4000001 -15.1 0.5
4.4000001 14.9 0.60000002
4.4000001 -15.1 0.60000002
4.4000001 14.9 0.69999999
4.4000001 -15.1 0.69999999
4.4000001 14.9 0.80000001
4.4000001 -15.1 0.80000001
4.4000001 14.9 0.89999998
4.4000001 -15.1 0.89999998
4.4000001 15 0
4.4000001 -15 0
4.4000001 15 0.1
4.4000001 -15 0.1
4.4000001 15 0.2
4.4000001 -15 0.2
4.4000001 15 0.30000001
4.4000001 -15 0.30000001
4.4000001 15 0.40000001
4.4000001 -15 0.40000001
4.4000001 15 0.5
4.4000001 -15 0.5
4.4000001 15 0.60000002
4.4000001 -15 0.60000002
4.4000001 15 0.69999999
4.4000001 -15 0.69999999
4.4000001 15 0.80000001
4.4000001 -15 0.80000001
4.4000001 15 0.89999998
4.4000001 -15 0.89999998
4.5000005 14.9 0
4.5000005 -15.1 0
4.5000005 14.9 0.1
4.5000005 -15.1 0.1
4.5000005 14.9 0.2
4.5000005 -15.1 0.2
4.5000005 14.9 0.30000001
4.5000005 -15.1 0.30000001
4.5000005 14.9 0.40000001
4.5000005 -15.1 0.40000001
4.5000005 14.9 0.5
4.5000005 -15.1 0.5
4.5000005 14.9 0.60000002
4.5000005 -15.1 0.60000002
4.5000005 14.9 0.69999999
4.5000005 -15.1 0.69999999
4.5000005 14.9 0.80000001
4.5000005 -15.1 0.80000001
4.5000005 14.9 0.89999998
4.5000005 -15.1 0.89999998
4.5000005 15 0
4.5000005 -15 0
4.5000005 15 0.1
4.5000005 -15 0.1
4.5000005 15 0.2
4.5000005 -15 0.2
4.5000005 15 0.30000001
4.5000005 -15 0.30000001
4.5000005 15 0.40000001
4.5000005 -15 0.40000001
4.5000005 15 0.5
4.5000005 -15 0.5
4.5000005 15 0.60000002
4.5000005 -15 0.60000002
4.5000005 15 0.69999999
4.5000005 -15 0.69999999
4.5000005 15 0.80000001
4.5000005 -15 0.80000001
4.5000005 15 0.89999998
4.5000005 -15 0.89999998
4.6000009 14.9 0
4.6000009 -15.1 0
4.6000009 14.9 0.1
4.6000009 -15.1 0.1
4.6000009 14.9 0.2
4.6000009 -15.1 0.2
4.6000009 14.9 0.30000001
4.6000009 -15.1 0.30000001
4.6000009 14.9 0.40000001
4.6000009 -15.1 0.40000001
4.6000009 14.9 0.5
4.6000009 -15.1 0.5
4.6000009 14.9 0.60000002
4.6000009 -15.1 0.60000002
4.6000009 14.9 0.69999999
4.6000009 -15.1 0.69999999
4.6000009 14.9 0.80000001
4.6000009 -15.1 0.80000001
4.6000009 14.9 0.89999998
4.6000009 -15.1 0.89999998
4.6000009 15 0
4.6000009 -15 0
4.6000009 15 0.1
4.6000009 -15 0.1
4.6000009 15 0.2
4.6000009 -15 0.2
4.6000009 15 0.30000001
4.6000009 -15 0.30000001
4.6000009 15 0.40000001
4.6000009 -15 0.40000001
4.6000009 15 0.5
4.6000009 -15 0.5
4.6000009 15 0.60000002
4.6000009 -15 0.60000002
4.6000009 15 0.69999999
4.6000009 -15 0.69999999
4.6000009 15 0.80000001
4.6000009 -15 0.80000001
4.6000009 15 0.89999998
4.6000009 -15 0.89999998
4.6999993 14.9 0
4.6999993 -15.1 0
4.6999993 14.9 0.1
4.6999993 -15.1 0.1
4.6999993 14.9 0.2
4.6999993 -15.1 0.2
4.6999993 14.9 0.30000001
4.6999993 -15.1 0.30000001
4.6999993 14.9 0.40000001
4.6999993 -15.1 0.40000001
4.6999993 14.9 0.5
4.6999993 -15.1 0.5
4.6999993 14.9 0.60000002
4.6999993 -15.1 0.60000002
4.6999993 14.9 0.69999999
4.6999993 -15.1 0.69999999
4.6999993 14.9 0.80000001
4.6999993 -15.1 0.80000001
4.6999993 14.9 0.89999998
4.6999993 -15.1 0.89999998
4.6999993 15 0
4.6999993 -15 0
4.6999993 15 0.1
4.6999993 -15 0.1
4.6999993 15 0.2
4.6999993 -15 0.2
4.6999993 15 0.30000001
4.6999993 -15 0.30000001
4.6999993 15 0.40000001
4.6999993 -15 0.40000001
4.6999993 15 0.5
4.6999993 -15 0.5
4.6999993 15 0.60000002
4.6999993 -15 0.60000002
4.6999993 15 0.69999999
4.6999993 -15 0.69999999
4.6999993 15 0.80000001
4.6999993 -15 0.80000001
4.6999993 15 0.89999998
4.6999993 -15 0.89999998
4.7999997 14.9 0
4.7999997 -15.1 0
4.7999997 14.9 0.1
4.7999997 -15.1 0.1
4.7999997 14.9 0.2
4.7999997 -15.1 0.2
4.7999997 14.9 0.30000001
4.7999997 -15.1 0.30000001
4.7999997 14.9 0.40000001
4.7999997 -15.1 0.40000001
4.7999997 14.9 0.5
4.7999997 -15.1 0.5
4.7999997 14.9 0.60000002
4.7999997 -15.1 0.60000002
4.7999997 14.9 0.69999999
4.7999997 -15.1 0.69999999
4.7999997 14.9 0.80000001
4.7999997 -15.1 0.80000001
4.7999997 14.9 0.89999998
4.7999997 -15.1 0.89999998
4.7999997 15 0
4.7999997 -15 0
4.7999997 15 0.1
4.7999997 -15 0.1
4.7999997 15 0.2
4.7999997 -15 0.2
4.7999997 15 0.30000001
4.7999997 -15 0.30000001
4.7999997 15 0.40000001
4.7999997 -15 0.40000001
4.7999997 15 0.5
4.7999997 -15 0.5
4.7999997 15 0.60000002
4.7999997 -15 0.60000002
4.7999997 15 0.69999999
4.7999997 -15 0.69999999
4.7999997 15 0.80000001
4.7999997 -15 0.80000001
4.7999997 15 0.89999998
4.7999997 -15 0.89999998
4.9000001 14.9 0
4.9000001 -15.1 0
4.9000001 14.9 0.1
4.9000001 -15.1 0.1
4.9000001 14.9 0.2
4.9000001 -15.1 0.2
4.9000001 14.9 0.30000001
4.9000001 -15.1 0.30000001
4.9000001 14.9 0.40000001
4.9000001 -15.1 0.40000001
4.9000001 14.9 0.5
4.9000001 -15.1 0.5
4.9000001 14.9 0.60000002
4.9000001 -15.1 0.60000002
4.9000001 14.9 0.69999999
4.9000001 -15.1 0.69999999
4.9000001 14.9 0.80000001
4.9000001 -15.1 0.80000001
4.9000001 14.9 0.89999998
4.9000001 -15.1 0.89999998
4.9000001 15 0
4.9000001 -15 0
4.9000001 15 0.1
4.9000001 -15 0.1
4.9000001 15 0.2
4.9000001 -15 0.2
4.9000001 15 0.30000001
4.9000001 -15 0.30000001
4.9000001 15 0.40000001
4.9000001 -15 0.40000001
4.9000001 15 0.5
4.9000001 -15 0.5
4.9000001 15 0.60000002
4.9000001 -15 0.60000002
4.9000001 15 0.69999999
4.9000001 -15 0.69999999
4.9000001 15 0.80000001
4.9000001 -15 0.80000001
4.9000001 15 0.89999998
4.9000001 -15 0.89999998
5.0000005 14.9 0
5.0000005 -15.1 0
5.0000005 14.9 0.1
5.0000005 -15.1 0.1
5.0000005 14.9 0.2
5.0000005 -15.1 0.2
5.0000005 14.9 0.30000001
5.0000005 -15.1 0.30000001
5.0000005 14.9 0.40000001
5.0000005 -15.1 0.40000001
5.0000005 14.9 0.5
5.0000005 -15.1 0.5
5.0000005 14.9 0.60000002
5.0000005 -15.1 0.60000002
5.0000005 14.9 0.69999999
5.0000005 -15.1 0.69999999
5.0000005 14.9 0.80000001
5.0000005 -15.1 0.80000001
5.0000005 14.9 0.89999998
5.0000005 -15.1 0.89999998
5.0000005 15 0
5.0000005 -15 0
5.0000005 15 0.1
5.0000005 -15 0.1
5.0000005 15 0.2
5.0000005 -15 0.2
5.0000005 15 0.30000001
5.0000005 -15 0.30000001
5.0000005 15 0.40000001
5.0000005 -15 0.40000001
5.0000005 15 0.5
5.0000005 -15 0.5
5.0000005 15 0.60000002
5.0000005 -15 0.60000002
5.0000005 15 0.69999999
5.0000005 -15 0.69999999
5.0000005 15 0.80000001
5.0000005 -15 0.80000001
5.0000005 15 0.89999998
5.0000005 -15 0.89999998
5.1000009 14.9 0
5.1000009 -15.1 0
5.1000009 14.9 0.1
5.1000009 -15.1 0.1
5.1000009 14.9 0.2
5.1000009 -15.1 0.2
5.1000009 14.9 0.30000001
5.1000009 -15.1 0.30000001
5.1000009 14.9 0.40000001
5.1000009 -15.1 0.40000001
5.1000009 14.9 0.5
5.1000009 -15.1 0.5
5.1000009 14.9 0.60000002
5.1000009 -15.1 0.60000002
5.1000009 14.9 0.69999999
5.1000009 -15.1 0.69999999
5.1000009 14.9 0.80000001
5.1000009 -15.1 0.80000001
5.1000009 14.9 0.89999998
5.1000009 -15.1 0.89999998
5.1000009 15 0
5.1000009 -15 0
5.1000009 15 0.1
5.1000009 -15 0.1
5.1000009 15 0.2
5.1000009 -15 0.2
5.1000009 15 0.30000001
5.1000009 -15 0.30000001
5.1000009 15 0.40000001
5.1000009 -15 0.40000001
5.1000009 15 0.5
5.1000009 -15 0.5
5.1000009 15 0.60000002
5.1000009 -15 0.60000002
5.1000009 15 0.69999999
5.1000009 -15 0.69999999
5.1000009 15 0.80000001
5.1000009 -15 0.80000001
5.1000009 15 0.89999998
5.1000009 -15 0.89999998
5.1999993 14.9 0
5.1999993 -15.1 0
5.1999993 14.9 0.1
5.1999993 -15.1 0.1
5.1999993 14.9 0.2
5.1999993 -15.1 0.2
5.1999993 14.9 0.30000001
5.1999993 -15.1 0.30000001
5.1999993 14.9 0.40000001
5.1999993 -15.1 0.40000001
5.1999993 14.9 0.5
5.1999993 -15.1 0.5
5.1999993 14.9 0.60000002
5.1999993 -15.1 0.60000002
5.1999993 14.9 0.69999999
5.1999993 -15.1 0.69999999
5.1999993 14.9 0.80000001
5.1999993 -15.1 0.80000001
5.1999993 14.9 0.89999998
5.1999993 -15.1 0.89999998
5.1999993 15 0
5.1999993 -15 0
5.1999993 15 0.1
5.1999993 -15 0.1
5.1999993 15 0.2
5.1999993 -15 0.2
5.1999993 15 0.30000001
5.1999993 -15 0.30000001
5.1999993 15 0.40000001
5.1999993 -15 0.40000001
5.1999993 15 0.5
5.1999993 -15 0.5
5.1999993 15 0.60000002
5.1999993 -15 0.60000002
5.1999993 15 0.69999999
5.1999993 -15 0.69999999
5.1999993 15 0.80000001
5.1999993 -15 0.80000001
5.1999993 15 0.89999998
5.1999993 -15 0.89999998
5.2999997 14.9 0
5.2999997 -15.1 0
5.2999997 14.9 0.1
5.2999997 -15.1 0.1
5.2999997 14.9 0.2
5.2999997 -15.1 0.2
5.2999997 14.9 0.30000001
5.2999997 -15.1 0.30000001
5.2999997 14.9 0.40000001
5.2999997 -15.1 0.40000001
5.2999997 14.9 0.5
5.2999997 -15.1 0.5
5.2999997 14.9 0.60000002
5.2999997 -15.1 0.60000002
5.2999997 14.9 0.69999999
5.2999997 -15.1 0.69999999
5.2999997 14.9 0.80000001
5.2999997 -15.1 0.80000001
5.2999997 14.9 0.89999998
5.2999997 -15.1 0.89999998
5.2999997 15 0
5.2999997 -15 0
5.2999997 15 0.1
5.2999997 -15 0.1
5.2999997 15 0.2
5.2999997 -15 0.2
5.2999997 15 0.30000001
5.2999997 -15 0.30000001
5.2999997 15 0.40000001
5.2999997 -15 0.40000001
5.2999997 15 0.5
5.2999997 -15 0.5
5.2999997 15 0.60000002
5.2999997 -15 0.60000002
5.2999997 15 0.69999999
5.2999997 -15 0.69999999
5.2999997 15 0.80000001
5.2999997 -15 0.80000001
5.2999997 15 0.89999998
5.2999997 -15 0.89999998
5.4000001 14.9 0
5.4000001 -15.1 0
5.4000001 14.9 0.1
5.4000001 -15.1 0.1
5.4000001 14.9 0.2
5.4000001 -15.1 0.2
5.4000001 14.9 0.30000001
5.4000001 -15.1 0.30000001
5.4000001 14.9 0.40000001
5.4000001 -15.1 0.40000001
5.4000001 14.9 0.5
5.4000001 -15.1 0.5
5.4000001 14.9 0.60000002
5.4000001 -15.1 0.60000002
5.4000001 14.9 0.69999999
5.4000001 -15.1 0.69999999
5.4000001 14.9 0.80000001
5.4000001 -15.1 0.80000001
5.4000001 14.9 0.89999998
5.4000001 -15.1 0.89999998
5.4000001 15 0
5.4000001 -15 0
5.4000001 15 0.1
5.4000001 -15 0.1
5.4000001 15 0.2
5.4000001 -15 0.2
5.4000001 15 0.30000001
5.4000001 -15 0.30000001
5.4000001 15 0.40000001
5.4000001 -15 0.40000001
5.4000001 15 0.5
5.4000001 -15 0.5
5.4000001 15 0.60000002
5.4000001 -15 0.60000002
5.4000001 15 0.69999999
5.4000001 -15 0.69999999
5.4000001 15 0.80000001
5.4000001 -15 0.80000001
5.4000001 15 0.89999998
5.4000001 -15 0.89999998
5.5000005 14.9 0
5.5000005 -15.1 0
5.5000005 14.9 0.1
5.5000005 -15.1 0.1
5.5000005 14.9 0.2
5.5000005 -15.1 0.2
5.5000005 14.9 0.30000001
5.5000005 -15.1 0.30000001
5.5000005 14.9 0.40000001
5.5000005 -15.1 0.40000001
5.5000005 14.9 0.5
5.5000005 -15.1 0.5
5.5000005 14.9 0.60000002
5.5000005 -15.1 0.60000002
5.5000005 14.9 0.69999999
5.5000005 -15.1 0.69999999
5.5000005 14.9 0.80000001
5.5000005 -15.1 0.80000001
5.5000005 14.9 0.89999998
5.5000005 -15.1 0.89999998
5.5000005 15 0
5.5000005 -15 0
5.5000005 15 0.1
5.5000005 -15 0.1
5.5000005 15 0.2
5.5000005 -15 0.2
5.5000005 15 0.30000001
5.5000005 -15 0.30000001
5.5000005 15 0.40000001
5.5000005 -15 0.40000001
5.5000005 15 0.5
5.5000005 -15 0.5
5.5000005 15 0.60000002
5.5000005 -15 0.60000002
5.5000005 15 0.69999999
5.5000005 -15 0.69999999
5.5000005 15 0.80000001
5.5000005 -15 0.80000001
5.5000005 15 0.89999998
5.5000005 -15 0.89999998
5.6000009 14.9 0
5.6000009 -15.1 0
5.6000009 14.9 0.1
5.6000009 -15.1 0.1
5.6000009 14.9 0.2
5.6000009 -15.1 0.2
5.6000009 14.9 0.30000001
5.6000009 -15.1 0.30000001
5.6000009 14.9 0.40000001
5.6000009 -15.1 0.40000001
5.6000009 14.9 0.5
5.6000009 -15.1 0.5
5.6000009 14.9 0.60000002
5.6000009 -15.1 0.60000002
5.6000009 14.9 0.69999999
5.6000009 -15.1 0.69999999
5.6000009 14.9 0.80000001
5.6000009 -15.1 0.80000001
5.6000009 14.9 0.89999998
5.6000009 -15.1 0.89999998
5.6000009 15 0
5.6000009 -15 0
5.6000009 15 0.1
5.6000009 -15 0.1
5.6000009 15 0.2
5.6000009 -15 0.2
5.6000009 15 0.30000001
5.6000009 -15 0.30000001
5.6000009 15 0.40000001
5.6000009 -15 0.40000001
5.6000009 15 0.5
5.6000009 -15 0.5
5.6000009 15 0.60000002
5.6000009 -15 0.60000002
5.6000009 15 0.69999999
5.6000009 -15 0.69999999
5.6000009 15 0.80000001
5.6000009 -15 0.80000001
5.6000009 15 0.89999998
5.6000009 -15 0.89999998
5.6999993 14.9 0
5.6999993 -15.1 0
5.6999993 14.9 0.1
5.6999993 -15.1 0.1
5.6999993 14.9 0.2
5.6999993 -15.1 0.2
5.6999993 14.9 0.30000001
5.6999993 -15.1 0.30000001
5.6999993 14.9 0.40000001
5.6999993 -15.1 0.40000001
5.6999993 14.9 0.5
5.6999993 -15.1 0.5
5.6999993 14.9 0.60000002
5.6999993 -15.1 0.60000002
5.6999993 14.9 0.69999999
5.6999993 -15.1 0.69999999
5.6999993 14.9 0.80000001
5.6999993 -15.1 0.80000001
5.6999993 14.9 0.89999998
5.6999993 -15.1 0.89999998
5.6999993 15 0
5.6999993 -15 0
5.6999993 15 0.1
5.6999993 -15 0.1
5.6999993 15 0.2
5.6999993 -15 0.2
5.6999993 15 0.30000001
5.6999993 -15 0.30000001
5.6999993 15 0.40000001
5.6999993 -15 0.40000001
5.6999993 15 0.5
5.6999993 -15 0.5
5.6999993 15 0.60000002
5.6999993 -15 0.60000002
5.6999993 15 0.69999999
5.6999993 -15 0.69999999
5.6999993 15 0.80000001
5.6999993 -15 0.80000001
5.6999993 15 0.89999998
5.6999993 -15 0.89999998
5.7999997 14.9 0
5.7999997 -15.1 0
5.7999997 14.9 0.1
5.7999997 -15.1 0.1
5.7999997 14.9 0.2
5.7999997 -15.1 0.2
5.7999997 14.9 0.30000001
5.7999997 -15.1 0.30000001
5.7999997 14.9 0.40000001
5.7999997 -15.1 0.40000001
5.7999997 14.9 0.5
5.7999997 -15.1 0.5
5.7999997 14.9 0.60000002
5.7999997 -15.1 0.60000002
5.7999997 14.9 0.69999999
5.7999997 -15.1 0.69999999
5.7999997 14.9 0.80000001
5.7999997 -15.1 0.80000001
5.7999997 14.9 0.89999998
5.7999997 -15.1 0.89999998
5.7999997 15 0
5.7999997 -15 0
5.7999997 15 0.1
5.7999997 -15 0.1
5.7999997 15 0.2
5.7999997 -15 0.2
5.7999997 15 0.30000001
5.7999997 -15 0.30000001
5.7999997 15 0.40000001
5.7999997 -15 0.40000001
5.7999997 15 0.5
5.7999997 -15 0.5
5.7999997 15 0.60000002
5.7999997 -15 0.60000002
5.7999997 15 0.69999999
5.7999997 -15 0.69999999
5.7999997 15 0.80000001
5.7999997 -15 0.80000001
5.7999997 15 0.89999998
5.7999997 -15 0.89999998
5.9000001 14.9 0
5.9000001 -15.1 0
5.9000001 14.9 0.1
5.9000001 -15.1 0.1
5.9000001 14.9 0.2
5.9000001 -15.1 0.2
5.9000001 14.9 0.30000001
5.9000001 -15.1 0.30000001
5.9000001 14.9 0.40000001
5.9000001 -15.1 0.40000001
5.9000001 14.9 0.5
5.9000001 -15.1 0.5
5.9000001 14.9 0.60000002
5.9000001 -15.1 0.60000002
5.9000001 14.9 0.69999999
5.9000001 -15.1 0.69999999
5.9000001 14.9 0.80000001
5.9000001 -15.1 0.80000001
5.9000001 14.9 0.89999998
5.9000001 -15.1 0.89999998
5.9000001 15 0
5.9000001 -15 0
5.9000001 15 0.1
5.9000001 -15 0.1
5.9000001 15 0.2
5.9000001 -15 0.2
5.9000001 15 0.30000001
5.9000001 -15 0.30000001
5.9000001 15 0.40000001
5.9000001 -15 0.40000001
5.9000001 15 0.5
5.9000001 -15 0.5
5.9000001 15 0.60000002
5.9000001 -15 0.60000002
5.9000001 15 0.69999999
5.9000001 -15 0.69999999
5.9000001 15 0.80000001
5.9000001 -15 0.80000001
5.9000001 15 0.89999998
5.9000001 -15 0.89999998
6.0000005 14.9 0
6.0000005 -15.1 0
6.0000005 14.9 0.1
6.0000005 -15.1 0.1
6.0000005 14.9 0.2
6.0000005 -15.1 0.2
6.0000005 14.9 0.30000001
6.0000005 -15.1 0.30000001
6.0000005 14.9 0.40000001
6.0000005 -15.1 0.40000001
6.0000005 14.9 0.5
6.0000005 -15.1 0.5
6.0000005 14.9 0.60000002
6.0000005 -15.1 0.60000002
6.0000005 14.9 0.69999999
6.0000005 -15.1 0.69999999
6.0000005 14.9 0.80000001
6.0000005 -15.1 0.80000001
6.0000005 14.9 0.89999998
6.0000005 -15.1 0.89999998
6.0000005 15 0
6.0000005 -15 0
6.0000005 15 0.1
6.0000005 -15 0.1
6.0000005 15 0.2
6.0000005 -15 0.2
6.0000005 15 0.30000001
6.0000005 -15 0.30000001
6.0000005 15 0.40000001
6.0000005 -15 0.40000001
6.0000005 15 0.5
6.0000005 -15 0.5
6.0000005 15 0.60000002
6.0000005 -15 0.60000002
6.0000005 15 0.69999999
6.0000005 -15 0.69999999
6.0000005 15 0.80000001
6.0000005 -15 0.80000001
6.0000005 15 0.89999998
6.0000005 -15 0.89999998
6.1000009 14.9 0
6.1000009 -15.1 0
6.1000009 14.9 0.1
6.1000009 -15.1 0.1
6.1000009 14.9 0.2
6.1000009 -15.1 0.2
6.1000009 14.9 0.30000001
6.1000009 -15.1 0.30000001
6.1000009 14.9 0.40000001
6.1000009 -15.1 0.40000001
6.1000009 14.9 0.5
6.1000009 -15.1 0.5
6.1000009 14.9 0.60000002
6.1000009 -15.1 0.60000002
6.1000009 14.9 0.69999999
6.1000009 -15.1 0.69999999
6.1000009 14.9 0.80000001
6.1000009 -15.1 0.80000001
6.1000009 14.9 0.89999998
6.1000009 -15.1 0.89999998
6.1000009 15 0
6.1000009 -15 0
6.1000009 15 0.1
6.1000009 -15 0.1
6.1000009 15 0.2
6.1000009 -15 0.2
6.1000009 15 0.30000001
6.1000009 -15 0.30000001
6.1000009 15 0.40000001
6.1000009 -15 0.40000001
6.1000009 15 0.5
6.1000009 -15 0.5
6.1000009 15 0.60000002
6.1000009 -15 0.60000002
6.1000009 15 0.69999999
6.1000009 -15 0.69999999
6.1000009 15 0.80000001
6.1000009 -15 0.80000001
6.1000009 15 0.89999998
6.1000009 -15 0.89999998
6.1999993 14.9 0
6.1999993 -15.1 0
6.1999993 14.9 0.1
6.1999993 -15.1 0.1
6.1999993 14.9 0.2
6.1999993 -15.1 0.2
6.1999993 14.9 0.30000001
6.1999993 -15.1 0.30000001
6.1999993 14.9 0.40000001
6.1999993 -15.1 0.40000001
6.1999993 14.9 0.5
6.1999993 -15.1 0.5
6.1999993 14.9 0.60000002
6.1999993 -15.1 0.60000002
6.1999993 14.9 0.69999999
6.1999993 -15.1 0.69999999
6.1999993 14.9 0.80000001
6.1999993 -15.1 0.80000001
6.1999993 14.9 0.89999998
6.1999993 -15.1 0.89999998
6.1999993 15 0
6.1999993 -15 0
6.1999993 15 0.1
6.1999993 -15 0.1
6.1999993 15 0.2
6.1999993 -15 0.2
6.1999993 15 0.30000001
6.1999993 -15 0.30000001
6.1999993 15 0.40000001
6.1999993 -15 0.40000001
6.1999993 15 0.5
6.1999993 -15 0.5
6.1999993 15 0.60000002
6.1999993 -15 0.60000002
6.1999993 15 0.69999999
6.1999993 -15 0.69999999
6.1999993 15 0.80000001
6.1999993 -15 0.80000001
6.1999993 15 0.89999998
6.1999993 -15 0.89999998
6.2999997 14.9 0
6.2999997 -15.1 0
6.2999997 14.9 0.1
6.2999997 -15.1 0.1
6.2999997 14.9 0.2
6.2999997 -15.1 0.2
6.2999997 14.9 0.30000001
6.2999997 -15.1 0.30000001
6.2999997 14.9 0.40000001
6.2999997 -15.1 0.40000001
6.2999997 14.9 0.5
6.2999997 -15.1 0.5
6.2999997 14.9 0.60000002
6.2999997 -15.1 0.60000002
6.2999997 14.9 0.69999999
6.2999997 -15.1 0.69999999
6.2999997 14.9 0.80000001
6.2999997 -15.1 0.80000001
6.2999997 14.9 0.89999998
6.2999997 -15.1 0.89999998
6.2999997 15 0
6.2999997 -15 0
6.2999997 15 0.1
6.2999997 -15 0.1
6.2999997 15 0.2
6.2999997 -15 0.2
6.2999997 15 0.30000001
6.2999997 -15 0.30000001
6.2999997 15 0.40000001
6.2999997 -15 0.40000001
6.2999997 15 0.5
6.2999997 -15 0.5
6.2999997 15 0.60000002
6.2999997 -15 0.60000002
6.2999997 15 0.69999999
6.2999997 -15 0.69999999
6.2999997 15 0.80000001
6.2999997 -15 0.80000001
6.2999997 15 0.89999998
6.2999997 -15 0.89999998
6.4000001 14.9 0
6.4000001 -15.1 0
6.4000001 14.9 0.1
6.4000001 -15.1 0.1
6.4000001 14.9 0.2
6.4000001 -15.1 0.2
6.4000001 14.9 0.30000001
6.4000001 -15.1 0.30000001
6.4000001 14.9 0.40000001
6.4000001 -15.1 0.40000001
6.4000001 14.9 0.5
6.4000001 -15.1 0.5
6.4000001 14.9 0.60000002
6.4000001 -15.1 0.60000002
6.4000001 14.9 0.69999999
6.4000001 -15.1 0.69999999
6.4000001 14.9 0.80000001
6.4000001 -15.1 0.80000001
6.4000001 14.9 0.89999998
6.4000001 -15.1 0.89999998
6.4000001 15 0
6.4000001 -15 0
6.4000001 15 0.1
6.4000001 -15 0.1
6.4000001 15 0.2
6.4000001 -15 0.2
6.4000001 15 0.30000001
6.4000001 -15 0.30000001
6.4000001 15 0.40000001
6.4000001 -15 0.40000001
6.4000001 15 0.5
6.4000001 -15 0.5
6.4000001 15 0.60000002
6.4000001 -15 0.60000002
6.4000001 15 0.69999999
6.4000001 -15 0.69999999
6.4000001 15 0.80000001
6.4000001 -15 0.80000001
6.4000001 15 0.89999998
6.4000001 -15 0.89999998
6.5000005 14.9 0
6.5000005 -15.1 0
6.5000005 14.9 0.1
6.5000005 -15.1 0.1
6.5000005 14.9 0.2
6.5000005 -15.1 0.2
6.5000005 14.9 0.30000001
6.5000005 -15.1 0.30000001
6.5000005 14.9 0.40000001
6.5000005 -15.1 0.40000001
6.5000005 14.9 0.5
6.5000005 -15.1 0.5
6.5000005 14.9 0.60000002
6.5000005 -15.1 0.60000002
6.5000005 14.9 0.69999999
6.5000005 -15.1 0.69999999
6.5000005 14.9 0.80000001
6.5000005 -15.1 0.80000001
6.5000005 14.9 0.89999998
6.5000005 -15.1 0.89999998
6.5000005 15 0
6.5000005 -15 0
6.5000005 15 0.1
6.5000005 -15 0.1
6.5000005 15 0.2
6.5000005 -15 0.2
6.5000005 15 0.30000001
6.5000005 -15 0.30000001
6.5000005 15 0.40000001
6.5000005 -15 0.40000001
6.5000005 15 0.5
6.5000005 -15 0.5
6.5000005 15 0.60000002
6.5000005 -15 0.60000002
6.5000005 15 0.69999999
6.5000005 -15 0.69999999
6.5000005 15 0.80000001
6.5000005 -15 0.80000001
6.5000005 15 0.89999998
6.5000005 -15 0.89999998
6.6000009 14.9 0
6.6000009 -15.1 0
6.6000009 14.9 0.1
6.6000009 -15.1 0.1
6.6000009 14.9 0.2
6.6000009 -15.1 0.2
6.6000009 14.9 0.30000001
6.6000009 -15.1 0.30000001
6.6000009 14.9 0.40000001
6.6000009 -15.1 0.40000001
6.6000009 14.9 0.5
6.6000009 -15.1 0.5
6.6000009 14.9 0.60000002
6.6000009 -15.1 0.60000002
6.6000009 14.9 0.69999999
6.6000009 -15.1 0.69999999
6.6000009 14.9 0.80000001
6.6000009 -15.1 0.80000001
6.6000009 14.9 0.89999998
6.6000009 -15.1 0.89999998
6.6000009 15 0
6.6000009 -15 0
6.6000009 15 0.1
6.6000009 -15 0.1
6.6000009 15 0.2
6.6000009 -15 0.2
6.6000009 15 0.30000001
6.6000009 -15 0.30000001
6.6000009 15 0.40000001
6.6000009 -15 0.40000001
6.6000009 15 0.5
6.6000009 -15 0.5
6.6000009 15 0.60000002
6.6000009 -15 0.60000002
6.6000009 15 0.69999999
6.6000009 -15 0.69999999
6.6000009 15 0.80000001
6.6000009 -15 0.80000001
6.6000009 15 0.89999998
6.6000009 -15 0.89999998
6.6999993 14.9 0
6.6999993 -15.1 0
6.6999993 14.9 0.1
6.6999993 -15.1 0.1
6.6999993 14.9 0.2
6.6999993 -15.1 0.2
6.6999993 14.9 0.30000001
6.6999993 -15.1 0.30000001
6.6999993 14.9 0.40000001
6.6999993 -15.1 0.40000001
6.6999993 14.9 0.5
6.6999993 -15.1 0.5
6.6999993 14.9 0.60000002
6.6999993 -15.1 0.60000002
6.6999993 14.9 0.69999999
6.6999993 -15.1 0.69999999
6.6999993 14.9 0.80000001
6.6999993 -15.1 0.80000001
6.6999993 14.9 0.89999998
6.6999993 -15.1 0.89999998
6.6999993 15 0
6.6999993 -15 0
6.6999993 15 0.1
6.6999993 -15 0.1
6.6999993 15 0.2
6.6999993 -15 0.2
6.6999993 15 0.30000001
6.6999993 -15 0.30000001
6.6999993 15 0.40000001
6.6999993 -15 0.40000001
6.6999993 15 0.5
6.6999993 -15 0.5
6.6999993 15 0.60000002
6.6999993 -15 0.60000002
6.6999993 15 0.69999999
6.6999993 -15 0.69999999
6.6999993 15 0.80000001
6.6999993 -15 0.80000001
6.6999993 15 0.89999998
6.6999993 -15 0.89999998
6.7999997 14.9 0
6.7999997 -15.1 0
6.7999997 14.9 0.1
6.7999997 -15.1 0.1
6.7999997 14.9 0.2
6.7999997 -15.1 0.2
6.7999997 14.9 0.30000001
6.7999997 -15.1 0.30000001
6.7999997 14.9 0.40000001
6.7999997 -15.1 0.40000001
6.7999997 14.9 0.5
6.7999997 -15.1 0.5
6.7999997 14.9 0.60000002
6.7999997 -15.1 0.60000002
6.7999997 14.9 0.69999999
6.7999997 -15.1 0.69999999
6.7999997 14.9 0.80000001
6.7999997 -15.1 0.80000001
6.7999997 14.9 0.89999998
6.7999997 -15.1 0.89999998
6.7999997 15 0
6.7999997 -15 0
6.7999997 15 0.1
6.7999997 -15 0.1
6.7999997 15 0.2
6.7999997 -15 0.2
6.7999997 15 0.30000001
6.7999997 -15 0.30000001
6.7999997 15 0.40000001
6.7999997 -15 0.40000001
6.7999997 15 0.5
6.7999997 -15 0.5
6.7999997 15 0.60000002
6.7999997 -15 0.60000002
6.7999997 15 0.69999999
6.7999997 -15 0.69999999
6.7999997 15 0.80000001
6.7999997 -15 0.80000001
6.7999997 15 0.89999998
6.7999997 -15 0.89999998
6.9000001 14.9 0
6.9000001 -15.1 0
6.9000001 14.9 0.1
6.9000001 -15.1 0.1
6.9000001 14.9 0.2
6.9000001 -15.1 0.2
6.9000001 14.9 0.30000001
6.9000001 -15.1 0.30000001
6.9000001 14.9 0.40000001
6.9000001 -15.1 0.40000001
6.9000001 14.9 0.5
6.9000001 -15.1 0.5
6.9000001 14.9 0.60000002
6.9000001 -15.1 0.60000002
6.9000001 14.9 0.69999999
6.9000001 -15.1 0.69999999
6.9000001 14.9 0.80000001
6.9000001 -15.1 0.80000001
6.9000001 14.9 0.89999998
6.9000001 -15.1 0.89999998
6.9000001 15 0
6.9000001 -15 0
6.9000001 15 0.1
6.9000001 -15 0.1
6.9000001 15 0.2
6.9000001 -15 0.2
6.9000001 15 0.30000001
6.9000001 -15 0.30000001
6.9000001 15 0.40000001
6.9000001 -15 0.40000001
6.9000001 15 0.5
6.9000001 -15 0.5
6.9000001 15 0.60000002
6.9000001 -15 0.60000002
6.9000001 15 0.69999999
6.9000001 -15 0.69999999
6.9000001 15 0.80000001
6.9000001 -15 0.80000001
6.9000001 15 0.89999998
6.9000001 -15 0.89999998
7.0000005 14.9 0
7.0000005 -15.1 0
7.0000005 14.9 0.1
7.0000005 -15.1 0.1
7.0000005 14.9 0.2
7.0000005 -15.1 0.2
7.0000005 14.9 0.30000001
7.0000005 -15.1 0.30000001
7.0000005 14.9 0.40000001
7.0000005 -15.1 0.40000001
7.0000005 14.9 0.5
7.0000005 -15.1 0.5
7.0000005 14.9 0.60000002
7.0000005 -15.1 0.60000002
7.0000005 14.9 0.69999999
7.0000005 -15.1 0.69999999
7.0000005 14.9 0.80000001
7.0000005 -15.1 0.80000001
7.0000005 14.9 0.89999998
7.0000005 -15.1 0.89999998
7.0000005 15 0
7.0000005 -15 0
7.0000005 15 0.1
7.0000005 -15 0.1
7.0000005 15 0.2
7.0000005 -15 0.2
7.0000005 15 0.30000001
7.0000005 -15 0.30000001
7.0000005 15 0.40000001
7.0000005 -15 0.40000001
7.0000005 15 0.5
7.0000005 -15 0.5
7.0000005 15 0.60000002
7.0000005 -15 0.60000002
7.0000005 15 0.69999999
7.0000005 -15 0.69999999
7.0000005 15 0.80000001
7.0000005 -15 0.80000001
7.0000005 15 0.89999998
7.0000005 -15 0.89999998
7.1000009 14.9 0
7.1000009 -15.1 0
7.1000009 14.9 0.1
7.1000009 -15.1 0.1
7.1000009 14.9 0.2
7.1000009 -15.1 0.2
7.1000009 14.9 0.30000001
7.1000009 -15.1 0.30000001
7.1000009 14.9 0.40000001
7.1000009 -15.1 0.40000001
7.1000009 14.9 0.5
7.1000009 -15.1 0.5
7.1000009 14.9 0.60000002
7.1000009 -15.1 0.60000002
7.1000009 14.9 0.69999999
7.1000009 -15.1 0.69999999
7.1000009 14.9 0.80000001
7.1000009 -15.1 0.80000001
7.1000009 14.9 0.89999998
7.1000009 -15.1 0.89999998
7.1000009 15 0
7.1000009 -15 0
7.1000009 15 0.1
7.1000009 -15 0.1
7.1000009 15 0.2
7.1000009 -15 0.2
7.1000009 15 0.30000001
7.1000009 -15 0.30000001
7.1000009 15 0.40000001
7.1000009 -15 0.40000001
7.1000009 15 0.5
7.1000009 -15 0.5
7.1000009 15 0.60000002
7.1000009 -15 0.60000002
7.1000009 15 0.69999999
7.1000009 -15 0.69999999
7.1000009 15 0.80000001
7.1000009 -15 0.80000001
7.1000009 15 0.89999998
7.1000009 -15 0.89999998
7.1999993 14.9 0
7.1999993 -15.1 0
7.1999993 14.9 0.1
7.1999993 -15.1 0.1
7.1999993 14.9 0.2
7.1999993 -15.1 0.2
7.1999993 14.9 0.30000001
7.1999993 -15.1 0.30000001
7.1999993 14.9 0.40000001
7.1999993 -15.1 0.40000001
7.1999993 14.9 0.5
7.1999993 -15.1 0.5
7.1999993 14.9 0.60000002
7.1999993 -15.1 0.60000002
7.1999993 14.9 0.69999999
7.1999993 -15.1 0.69999999
7.1999993 14.9 0.80000001
7.1999993 -15.1 0.80000001
7.1999993 14.9 0.89999998
7.1999993 -15.1 0.89999998
7.1999993 15 0
7.1999993 -15 0
7.1999993 15 0.1
7.1999993 -15 0.1
7.1999993 15 0.2
7.1999993 -15 0.2
7.1999993 15 0.30000001
7.1999993 -15 0.30000001
7.1999993 15 0.40000001
7.1999993 -15 0.40000001
7.1999993 15 0.5
7.1999993 -15 0.5
7.1999993 15 0.60000002
7.1999993 -15 0.60000002
7.1999993 15 0.69999999
7.1999993 -15 0.69999999
7.1999993 15 0.80000001
7.1999993 -15 0.80000001
7.1999993 15 0.89999998
7.1999993 -15 0.89999998
7.2999997 14.9 0
7.2999997 -15.1 0
7.2999997 14.9 0.1
7.2999997 -15.1 0.1
7.2999997 14.9 0.2
7.2999997 -15.1 0.2
7.2999997 14.9 0.30000001
7.2999997 -15.1 0.30000001
7.2999997 14.9 0.40000001
7.2999997 -15.1 0.40000001
7.2999997 14.9 0.5
7.2999997 -15.1 0.5
7.2999997 14.9 0.60000002
7.2999997 -15.1 0.60000002
7.2999997 14.9 0.69999999
7.2999997 -15.1 0.69999999
7.2999997 14.9 0.80000001
7.2999997 -15.1 0.80000001
7.2999997 14.9 0.89999998
7.2999997 -15.1 0.89999998
7.2999997 15 0
7.2999997 -15 0
7.2999997 15 0.1
7.2999997 -15 0.1
7.2999997 15 0.2
7.2999997 -15 0.2
7.2999997 15 0.30000001
7.2999997 -15 0.30000001
7.2999997 15 0.40000001
7.2999997 -15 0.40000001
7.2999997 15 0.5
7.2999997 -15 0.5
7.2999997 15 0.60000002
7.2999997 -15 0.60000002
7.2999997 15 0.69999999
7.2999997 -15 0.69999999
7.2999997 15 0.80000001
7.2999997 -15 0.80000001
7.2999997 15 0.89999998
7.2999997 -15 0.89999998
7.4000001 14.9 0
7.4000001 -15.1 0
7.4000001 14.9 0.1
7.4000001 -15.1 0.1
7.4000001 14.9 0.2
7.4000001 -15.1 0.2
7.4000001 14.9 0.30000001
7.4000001 -15.1 0.30000001
7.4000001 14.9 0.40000001
7.4000001 -15.1 0.40000001
7.4000001 14.9 0.5
7.4000001 -15.1 0.5
7.4000001 14.9 0.60000002
7.4000001 -15.1 0.60000002
7.4000001 14.9 0.69999999
7.4000001 -15.1 0.69999999
7.4000001 14.9 0.80000001
7.4000001 -15.1 0.80000001
7.4000001 14.9 0.89999998
7.4000001 -15.1 0.89999998
7.4000001 15 0
7.4000001 -15 0
7.4000001 15 0.1
7.4000001 -15 0.1
7.4000001 15 0.2
7.4000001 -15 0.2
7.4000001 15 0.30000001
7.4000001 -15 0.30000001
7.4000001 15 0.40000001
7.4000001 -15 0.40000001
7.4000001 15 0.5
7.4000001 -15 0.5
7.4000001 15 0.60000002
7.4000001 -15 0.60000002
7.4000001 15 0.69999999
7.4000001 -15 0.69999999
7.4000001 15 0.80000001
7.4000001 -15 0.80000001
7.4000001 15 0.89999998
7.4000001 -15 0.89999998
7.5000005 14.9 0
7.5000005 -15.1 0
7.5000005 14.9 0.1
7.5000005 -15.1 0.1
7.5000005 14.9 0.2
7.5000005 -15.1 0.2
7.5000005 14.9 0.30000001
7.5000005 -15.1 0.30000001
7.5000005 14.9 0.40000001
7.5000005 -15.1 0.40000001
7.5000005 14.9 0.5
7.5000005 -15.1 0.5
7.5000005 14.9 0.60000002
7.5000005 -15.1 0.60000002
7.5000005 14.9 0.69999999
7.5000005 -15.1 0.69999999
7.5000005 14.9 0.80000001
7.5000005 -15.1 0.80000001
7.5000005 14.9 0.89999998
7.5000005 -15.1 0.89999998
7.5000005 15 0
7.5000005 -15 0
7.5000005 15 0.1
7.5000005 -15 0.1
7.5000005 15 0.2
7.5000005 -15 0.2
7.5000005 15 0.30000001
7.5000005 -15 0.30000001
7.5000005 15 0.40000001
7.5000005 -15 0.40000001
7.5000005 15 0.5
7.5000005 -15 0.5
7.5000005 15 0.60000002
7.5000005 -15 0.60000002
7.5000005 15 0.69999999
7.5000005 -15 0.69999999
7.5000005 15 0.80000001
7.5000005 -15 0.80000001
7.5000005 15 0.89999998
7.5000005 -15 0.89999998
7.6000009 14.9 0
7.6000009 -15.1 0
7.6000009 14.9 0.1
7.6000009 -15.1 0.1
7.6000009 14.9 0.2
7.6000009 -15.1 0.2
7.6000009 14.9 0.30000001
7.6000009 -15.1 0.30000001
7.6000009 14.9 0.40000001
7.6000009 -15.1 0.40000001
7.6000009 14.9 0.5
7.6000009 -15.1 0.5
7.6000009 14.9 0.60000002
7.6000009 -15.1 0.60000002
7.6000009 14.9 0.69999999
7.6000009 -15.1 0.69999999
7.6000009 14.9 0.80000001
7.6000009 -15.1 0.80000001
7.6000009 14.9 0.89999998
7.6000009 -15.1 0.89999998
7.6000009 15 0
7.6000009 -15 0
7.6000009 15 0.1
7.6000009 -15 0.1
7.6000009 15 0.2
7.6000009 -15 0.2
7.6000009 15 0.30000001
7.6000009 -15 0.30000001
7.6000009 15 0.40000001
7.6000009 -15 0.40000001
7.6000009 15 0.5
7.6000009 -15 0.5
7.6000009 15 0.60000002
7.6000009 -15 0.60000002
7.6000009 15 0.69999999
7.6000009 -15 0.69999999
7.6000009 15 0.80000001
7.6000009 -15 0.80000001
7.6000009 15 0.89999998
7.6000009 -15 0.89999998
7.6999993 14.9 0
7.6999993 -15.1 0
7.6999993 14.9 0.1
7.6999993 -15.1 0.1
7.6999993 14.9 0.2
7.6999993 -15.1 0.2
7.6999993 14.9 0.30000001
7.6999993 -15.1 0.30000001
7.6999993 14.9 0.40000001
7.6999993 -15.1 0.40000001
7.6999993 14.9 0.5
7.6999993 -15.1 0.5
7.6999993 14.9 0.60000002
7.6999993 -15.1 0.60000002
7.6999993 14.9 0.69999999
7.6999993 -15.1 0.69999999
7.6999993 14.9 0.80000001
7.6999993 -15.1 0.80000001
7.6999993 14.9 0.89999998
7.6999993 -15.1 0.89999998
7.6999993 15 0
7.6999993 -15 0
7.6999993 15 0.1
7.6999993 -15 0.1
7.6999993 15 0.2
7.6999993 -15 0.2
7.6999993 15 0.30000001
7.6999993 -15 0.30000001
7.6999993 15 0.40000001
7.6999993 -15 0.40000001
7.6999993 15 0.5
7.6999993 -15 0.5
7.6999993 15 0.60000002
7.6999993 -15 0.60000002
7.6999993 15 0.69999999
7.6999993 -15 0.69999999
7.6999993 15 0.80000001
7.6999993 -15 0.80000001
7.6999993 15 0.89999998
7.6999993 -15 0.89999998
7.7999997 14.9 0
7.7999997 -15.1 0
7.7999997 14.9 0.1
7.7999997 -15.1 0.1
7.7999997 14.9 0.2
7.7999997 -15.1 0.2
7.7999997 14.9 0.30000001
7.7999997 -15.1 0.30000001
7.7999997 14.9 0.40000001
7.7999997 -15.1 0.40000001
7.7999997 14.9 0.5
7.7999997 -15.1 0.5
7.7999997 14.9 0.60000002
7.7999997 -15.1 0.60000002
7.7999997 14.9 0.69999999
7.7999997 -15.1 0.69999999
7.7999997 14.9 0.80000001
7.7999997 -15.1 0.80000001
7.7999997 14.9 0.89999998
7.7999997 -15.1 0.89999998
7.7999997 15 0
7.7999997 -15 0
7.7999997 15 0.1
7.7999997 -15 0.1
7.7999997 15 0.2
7.7999997 -15 0.2
7.7999997 15 0.30000001
7.7999997 -15 0.30000001
7.7999997 15 0.40000001
7.7999997 -15 0.40000001
7.7999997 15 0.5
7.7999997 -15 0.5
7.7999997 15 0.60000002
7.7999997 -15 0.60000002
7.7999997 15 0.69999999
7.7999997 -15 0.69999999
7.7999997 15 0.80000001
7.7999997 -15 0.80000001
7.7999997 15 0.89999998
7.7999997 -15 0.89999998
7.9000001 14.9 0
7.9000001 -15.1 0
7.9000001 14.9 0.1
7.9000001 -15.1 0.1
7.9000001 14.9 0.2
7.9000001 -15.1 0.2
7.9000001 14.9 0.30000001
7.9000001 -15.1 0.30000001
7.9000001 14.9 0.40000001
7.9000001 -15.1 0.40000001
7.9000001 14.9 0.5
7.9000001 -15.1 0.5
7.9000001 14.9 0.60000002
7.9000001 -15.1 0.60000002
7.9000001 14.9 0.69999999
7.9000001 -15.1 0.69999999
7.9000001 14.9 0.80000001
7.9000001 -15.1 0.80000001
7.9000001 14.9 0.89999998
7.9000001 -15.1 0.89999998
7.9000001 15 0
7.9000001 -15 0
7.9000001 15 0.1
7.9000001 -15 0.1
7.9000001 15 0.2
7.9000001 -15 0.2
7.9000001 15 0.30000001
7.9000001 -15 0.30000001
7.9000001 15 0.40000001
7.9000001 -15 0.40000001
7.9000001 15 0.5
7.9000001 -15 0.5
7.9000001 15 0.60000002
7.9000001 -15 0.60000002
7.9000001 15 0.69999999
7.9000001 -15 0.69999999
7.9000001 15 0.80000001
7.9000001 -15 0.80000001
7.9000001 15 0.89999998
7.9000001 -15 0.89999998
8 14.9 0
8 -15.1 0
8 14.9 0.1
8 -15.1 0.1
8 14.9 0.2
8 -15.1 0.2
8 14.9 0.30000001
8 -15.1 0.30000001
8 14.9 0.40000001
8 -15.1 0.40000001
8 14.9 0.5
8 -15.1 0.5
8 14.9 0.60000002
8 -15.1 0.60000002
8 14.9 0.69999999
8 -15.1 0.69999999
8 14.9 0.80000001
8 -15.1 0.80000001
8 14.9 0.89999998
8 -15.1 0.89999998
8 15 0
8 -15 0
8 15 0.1
8 -15 0.1
8 15 0.2
8 -15 0.2
8 15 0.30000001
8 -15 0.30000001
8 15 0.40000001
8 -15 0.40000001
8 15 0.5
8 -15 0.5
8 15 0.60000002
8 -15 0.60000002
8 15 0.69999999
8 -15 0.69999999
8 15 0.80000001
8 -15 0.80000001
8 15 0.89999998
8 -15 0.89999998
8.1000004 14.9 0
8.1000004 -15.1 0
8.1000004 14.9 0.1
8.1000004 -15.1 0.1
8.1000004 14.9 0.2
8.1000004 -15.1 0.2
8.1000004 14.9 0.30000001
8.1000004 -15.1 0.30000001
8.1000004 14.9 0.40000001
8.1000004 -15.1 0.40000001
8.1000004 14.9 0.5
8.1000004 -15.1 0.5
8.1000004 14.9 0.60000002
8.1000004 -15.1 0.60000002
8.1000004 14.9 0.69999999
8.1000004 -15.1 0.69999999
8.1000004 14.9 0.80000001
8.1000004 -15.1 0.80000001
8.1000004 14.9 0.89999998
8.1000004 -15.1 0.89999998
8.1000004 15 0
8.1000004 -15 0
8.1000004 15 0.1
8.1000004 -15 0.1
8.1000004 15 0.2
8.1000004 -15 0.2
8.1000004 15 0.30000001
8.1000004 -15 0.30000001
8.1000004 15 0.40000001
8.1000004 -15 0.40000001
8.1000004 15 0.5
8.1000004 -15 0.5
8.1000004 15 0.60000002
8.1000004 -15 0.60000002
8.1000004 15 0.69999999
8.1000004 -15 0.69999999
8.1000004 15 0.80000001
8.1000004 -15 0.80000001
8.1000004 15 0.89999998
8.1000004 -15 0.89999998
8.1999989 14.9 0
8.1999989 -15.1 0
8.1999989 14.9 0.1
8.1999989 -15.1 0.1
8.1999989 14.9 0.2
8.1999989 -15.1 0.2
8.1999989 14.9 0.30000001
8.1999989 -15.1 0.30000001
8.1999989 14.9 0.40000001
8.1999989 -15.1 0.40000001
8.1999989 14.9 0.5
8.1999989 -15.1 0.5
8.1999989 14.9 0.60000002
8.1999989 -15.1 0.60000002
8.1999989 14.9 0.69999999
8.1999989 -15.1 0.69999999
8.1999989 14.9 0.80000001
8.1999989 -15.1 0.80000001
8.1999989 14.9 0.89999998
8.1999989 -15.1 0.89999998
8.1999989 15 0
8.1999989 -15 0
8.1999989 15 0.1
8.1999989 -15 0.1
8.1999989 15 0.2
8.1999989 -15 0.2
8.1999989 15 0.30000001
8.1999989 -15 0.30000001
8.1999989 15 0.40000001
8.1999989 -15 0.40000001
8.1999989 15 0.5
8.1999989 -15 0.5
8.1999989 15 0.60000002
8.1999989 -15 0.60000002
8.1999989 15 0.69999999
8.1999989 -15 0.69999999
8.1999989 15 0.80000001
8.1999989 -15 0.80000001
8.1999989 15 0.89999998
8.1999989 -15 0.89999998
8.2999992 14.9 0
8.2999992 -15.1 0
8.2999992 14.9 0.1
8.2999992 -15.1 0.1
8.2999992 14.9 0.2
8.2999992 -15.1 0.2
8.2999992 14.9 0.30000001
8.2999992 -15.1 0.30000001
8.2999992 14.9 0.40000001
8.2999992 -15.1 0.40000001
8.2999992 14.9 0.5
8.2999992 -15.1 0.5
8.2999992 14.9 0.60000002
8.2999992 -15.1 0.60000002
8.2999992 14.9 0.69999999
8.2999992 -15.1 0.69999999
8.2999992 14.9 0.80000001
8.2999992 -15.1 0.80000001
8.2999992 14.9 0.89999998
8.2999992 -15.1 0.89999998
8.2999992 15 0
8.2999992 -15 0
8.2999992 15 0.1
8.2999992 -15 0.1
8.2999992 15 0.2
8.2999992 -15 0.2
8.2999992 15 0.30000001
8.2999992 -15 0.30000001
8.2999992 15 0.40000001
8.2999992 -15 0.40000001
8.2999992 15 0.5
8.2999992 -15 0.5
8.2999992 15 0.60000002
8.2999992 -15 0.60000002
8.2999992 15 0.69999999
8.2999992 -15 0.69999999
8.2999992 15 0.80000001
8.2999992 -15 0.80000001
8.2999992 15 0.89999998
8.2999992 -15 0.89999998
8.3999996 14.9 0
8.3999996 -15.1 0
8.3999996 14.9 0.1
8.3999996 -15.1 0.1
8.3999996 14.9 0.2
8.3999996 -15.1 0.2
8.3999996 14.9 0.30000001
8.3999996 -15.1 0.30000001
8.3999996 14.9 0.40000001
8.3999996 -15.1 0.40000001
8.3999996 14.9 0.5
8.3999996 -15.1 0.5
8.3999996 14.9 0.60000002
8.3999996 -15.1 0.60000002
8.3999996 14.9 0.69999999
8.3999996 -15.1 0.69999999
8.3999996 14.9 0.80000001
8.3999996 -15.1 0.80000001
8.3999996 14.9 0.89999998
8.3999996 -15.1 0.89999998
8.3999996 15 0
8.3999996 -15 0
8.3999996 15 0.1
8.3999996 -15 0.1
8.3999996 15 0.2
8.3999996 -15 0.2
8.3999996 15 0.30000001
8.3999996 -15 0.30000001
8.3999996 15 0.40000001
8.3999996 -15 0.40000001
8.3999996 15 0.5
8.3999996 -15 0.5
8.3999996 15 0.60000002
8.3999996 -15 0.60000002
8.3999996 15 0.69999999
8.3999996 -15 0.69999999
8.3999996 15 0.80000001
8.3999996 -15 0.80000001
8.3999996 15 0.89999998
8.3999996 -15 0.89999998
8.5 14.9 0
8.5 -15.1 0
8.5 14.9 0.1
8.5 -15.1 0.1
8.5 14.9 0.2
8.5 -15.1 0.2
8.5 14.9 0.30000001
8.5 -15.1 0.30000001
8.5 14.9 0.40000001
8.5 -15.1 0.40000001
8.5 14.9 0.5
8.5 -15.1 0.5
8.5 14.9 0.60000002
8.5 -15.1 0.60000002
8.5 14.9 0.69999999
8.5 -15.1 0.69999999
8.5 14.9 0.80000001
8.5 -15.1 0.80000001
8.5 14.9 0.89999998
8.5 -15.1 0.89999998
8.5 15 0
8.5 -15 0
8.5 15 0.1
8.5 -15 0.1
8.5 15 0.2
8.5 -15 0.2
8.5 15 0.30000001
8.5 -15 0.30000001
8.5 15 0.40000001
8.5 -15 0.40000001
8.5 15 0.5
8.5 -15 0.5
8.5 15 0.60000002
8.5 -15 0.60000002
8.5 15 0.69999999
8.5 -15 0.69999999
8.5 15 0.80000001
8.5 -15 0.80000001
8.5 15 0.89999998
8.5 -15 0.89999998
8.6000004 14.9 0
8.6000004 -15.1 0
8.6000004 14.9 0.1
8.6000004 -15.1 0.1
8.6000004 14.9 0.2
8.6000004 -15.1 0.2
8.6000004 14.9 0.30000001
8.6000004 -15.1 0.30000001
8.6000004 14.9 0.40000001
8.6000004 -15.1 0.40000001
8.6000004 14.9 0.5
8.6000004 -15.1 0.5
8.6000004 14.9 0.60000002
8.6000004 -15.1 0.60000002
8.6000004 14.9 0.69999999
8.6000004 -15.1 0.69999999
8.6000004 14.9 0.80000001
8.6000004 -15.1 0.80000001
8.6000004 14.9 0.89999998
8.6000004 -15.1 0.89999998
8.6000004 15 0
8.6000004 -15 0
8.6000004 15 0.1
8.6000004 -15 0.1
8.6000004 15 0.2
8.6000004 -15 0.2
8.6000004 15 0.30000001
8.6000004 -15 0.30000001
8.6000004 15 0.40000001
8.6000004 -15 0.40000001
8.6000004 15 0.5
8.6000004 -15 0.5
8.6000004 15 0.60000002
8.6000004 -15 0.60000002
8.6000004 15 0.69999999
8.6000004 -15 0.69999999
8.6000004 15 0.80000001
8.6000004 -15 0.80000001
8.6000004 15 0.89999998
8.6000004 -15 0.89999998
8.6999989 14.9 0
8.6999989 -15.1 0
8.6999989 14.9 0.1
8.6999989 -15.1 0.1
8.6999989 14.9 0.2
8.6999989 -15.1 0.2
8.6999989 14.9 0.30000001
8.6999989 -15.1 0.30000001
8.6999989 14.9 0.40000001
8.6999989 -15.1 0.40000001
8.6999989 14.9 0.5
8.6999989 -15.1 0.5
8.6999989 14.9 0.60000002
8.6999989 -15.1 0.60000002
8.6999989 14.9 0.69999999
8.6999989 -15.1 0.69999999
8.6999989 14.9 0.80000001
8.6999989 -15.1 0.80000001
8.6999989 14.9 0.89999998
8.6999989 -15.1 0.89999998
8.6999989 15 0
8.6999989 -15 0
8.6999989 15 0.1
8.6999989 -15 0.1
8.6999989 15 0.2
8.6999989 -15 0.2
8.6999989 15 0.30000001
8.6999989 -15 0.30000001
8.6999989 15 0.40000001
8.6999989 -15 0.40000001
8.6999989 15 0.5
8.6999989 -15 0.5
8.6999989 15 0.60000002
8.6999989 -15 0.60000002
8.6999989 15 0.69999999
8.6999989 -15 0.69999999
8.6999989 15 0.80000001
8.6999989 -15 0.80000001
8.6999989 15 0.89999998
8.6999989 -15 0.89999998
8.7999992 14.9 0
8.7999992 -15.1 0
8.7999992 14.9 0.1
8.7999992 -15.1 0.1
8.7999992 14.9 0.2
8.7999992 -15.1 0.2
8.7999992 14.9 0.30000001
8.7999992 -15.1 0.30000001
8.7999992 14.9 0.40000001
8.7999992 -15.1 0.40000001
8.7999992 14.9 0.5
8.7999992 -15.1 0.5
8.7999992 14.9 0.60000002
8.7999992 -15.1 0.60000002
8.7999992 14.9 0.69999999
8.7999992 -15.1 0.69999999
8.7999992 14.9 0.80000001
8.7999992 -15.1 0.80000001
8.7999992 14.9 0.89999998
8.7999992 -15.1 0.89999998
8.7999992 15 0
8.7999992 -15 0
8.7999992 15 0.1
8.7999992 -15 0.1
8.7999992 15 0.2
8.7999992 -15 0.2
8.7999992 15 0.30000001
8.7999992 -15 0.30000001
8.7999992 15 0.40000001
8.7999992 -15 0.40000001
8.7999992 15 0.5
8.7999992 -15 0.5
8.7999992 15 0.60000002
8.7999992 -15 0.60000002
8.7999992 15 0.69999999
8.7999992 -15 0.69999999
8.7999992 15 0.80000001
8.7999992 -15 0.80000001
8.7999992 15 0.89999998
8.7999992 -15 0.89999998
8.8999996 14.9 0
8.8999996 -15.1 0
8.8999996 14.9 0.1
8.8999996 -15.1 0.1
8.8999996 14.9 0.2
8.8999996 -15.1 0.2
8.8999996 14.9 0.30000001
8.8999996 -15.1 0.30000001
8.8999996 14.9 0.40000001
8.8999996 -15.1 0.40000001
8.8999996 14.9 0.5
8.8999996 -15.1 0.5
8.8999996 14.9 0.60000002
8.8999996 -15.1 0.60000002
8.8999996 14.9 0.69999999
8.8999996 -15.1 0.69999999
8.8999996 14.9 0.80000001
8.8999996 -15.1 0.80000001
8.8999996 14.9 0.89999998
8.8999996 -15.1 0.89999998
8.8999996 15 0
8.8999996 -15 0
8.8999996 15 0.1
8.8999996 -15 0.1
8.8999996 15 0.2
8.8999996 -15 0.2
8.8999996 15 0.30000001
8.8999996 -15 0.30000001
8.8999996 15 0.40000001
8.8999996 -15 0.40000001
8.8999996 15 0.5
8.8999996 -15 0.5
8.8999996 15 0.60000002
8.8999996 -15 0.60000002
8.8999996 15 0.69999999
8.8999996 -15 0.69999999
8.8999996 15 0.80000001
8.8999996 -15 0.80000001
8.8999996 15 0.89999998
8.8999996 -15 0.89999998
9 14.9 0
9 -15.1 0
9 14.9 0.1
9 -15.1 0.1
9 14.9 0.2
9 -15.1 0.2
9 14.9 0.30000001
9 -15.1 0.30000001
9 14.9 0.40000001
9 -15.1 0.40000001
9 14.9 0.5
9 -15.1 0.5
9 14.9 0.60000002
9 -15.1 0.60000002
9 14.9 0.69999999
9 -15.1 0.69999999
9 14.9 0.80000001
9 -15.1 0.80000001
9 14.9 0.89999998
9 -15.1 0.89999998
9 15 0
9 -15 0
9 15 0.1
9 -15 0.1
9 15 0.2
9 -15 0.2
9 15 0.30000001
9 -15 0.30000001
9 15 0.40000001
9 -15 0.40000001
9 15 0.5
9 -15 0.5
9 15 0.60000002
9 -15 0.60000002
9 15 0.69999999
9 -15 0.69999999
9 15 0.80000001
9 -15 0.80000001
9 15 0.89999998
9 -15 0.89999998
9.1000004 14.9 0
9.1000004 -15.1 0
9.1000004 14.9 0.1
9.1000004 -15.1 0.1
9.1000004 14.9 0.2
9.1000004 -15.1 0.2
9.1000004 14.9 0.30000001
9.1000004 -15.1 0.30000001
9.1000004 14.9 0.40000001
9.1000004 -15.1 0.40000001
9.1000004 14.9 0.5
9.1000004 -15.1 0.5
9.1000004 14.9 0.60000002
9.1000004 -15.1 0.60000002
9.1000004 14.9 0.69999999
9.1000004 -15.1 0.69999999
9.1000004 14.9 0.80000001
9.1000004 -15.1 0.80000001
9.1000004 14.9 0.89999998
9.1000004 -15.1 0.89999998
9.1000004 15 0
9.1000004 -15 0
9.1000004 15 0.1
9.1000004 -15 0.1
9.1000004 15 0.2
9.1000004 -15 0.2
9.1000004 15 0.30000001
9.1000004 -15 0.30000001
9.1000004 15 0.40000001
9.1000004 -15 0.40000001
9.1000004 15 0.5
9.1000004 -15 0.5
9.1000004 15 0.60000002
9.1000004 -15 0.60000002
9.1000004 15 0.69999999
9.1000004 -15 0.69999999
9.1000004 15 0.80000001
9.1000004 -15 0.80000001
9.1000004 15 0.89999998
9.1000004 -15 0.89999998
9.1999989 14.9 0
9.1999989 -15.1 0
9.1999989 14.9 0.1
9.1999989 -15.1 0.1
9.1999989 14.9 0.2
9.1999989 -15.1 0.2
9.1999989 14.9 0.30000001
9.1999989 -15.1 0.30000001
9.1999989 14.9 0.40000001
9.1999989 -15.1 0.40000001
9.1999989 14.9 0.5
9.1999989 -15.1 0.5
9.1999989 14.9 0.60000002
9.1999989 -15.1 0.60000002
9.1999989 14.9 0.69999999
9.1999989 -15.1 0.69999999
9.1999989 14.9 0.80000001
9.1999989 -15.1 0.80000001
9.1999989 14.9 0.89999998
9.1999989 -15.1 0.89999998
9.1999989 15 0
9.1999989 -15 0
9.1999989 15 0.1
9.1999989 -15 0.1
9.1999989 15 0.2
9.1999989 -15 0.2
9.1999989 15 0.30000001
9.1999989 -15 0.30000001
9.1999989 15 0.40000001
9.1999989 -15 0.40000001
9.1999989 15 0.5
9.1999989 -15 0.5
9.1999989 15 0.60000002
9.1999989 -15 0.60000002
9.1999989 15 0.69999999
9.1999989 -15 0.69999999
9.1999989 15 0.80000001
9.1999989 -15 0.80000001
9.1999989 15 0.89999998
9.1999989 -15 0.89999998
9.2999992 14.9 0
9.2999992 -15.1 0
9.2999992 14.9 0.1
9.2999992 -15.1 0.1
9.2999992 14.9 0.2
9.2999992 -15.1 0.2
9.2999992 14.9 0.30000001
9.2999992 -15.1 0.30000001
9.2999992 14.9 0.40000001
9.2999992 -15.1 0.40000001
9.2999992 14.9 0.5
9.2999992 -15.1 0.5
9.2999992 14.9 0.60000002
9.2999992 -15.1 0.60000002
9.2999992 14.9 0.69999999
9.2999992 -15.1 0.69999999
9.2999992 14.9 0.80000001
9.2999992 -15.1 0.80000001
9.2999992 14.9 0.89999998
9.2999992 -15.1 0.89999998
9.2999992 15 0
9.2999992 -15 0
9.2999992 15 0.1
9.2999992 -15 0.1
9.2999992 15 0.2
9.2999992 -15 0.2
9.2999992 15 0.30000001
9.2999992 -15 0.30000001
9.2999992 15 0.40000001
9.2999992 -15 0.40000001
9.2999992 15 0.5
9.2999992 -15 0.5
9.2999992 15 0.60000002
9.2999992 -15 0.60000002
9.2999992 15 0.69999999
9.2999992 -15 0.69999999
9.2999992 15 0.80000001
9.2999992 -15 0.80000001
9.2999992 15 0.89999998
9.2999992 -15 0.89999998
9.3999996 14.9 0
9.3999996 -15.1 0
9.3999996 14.9 0.1
9.3999996 -15.1 0.1
9.3999996 14.9 0.2
9.3999996 -15.1 0.2
9.3999996 14.9 0.30000001
9.3999996 -15.1 0.30000001
9.3999996 14.9 0.40000001
9.3999996 -15.1 0.40000001
9.3999996 14.9 0.5
9.3999996 -15.1 0.5
9.3999996 14.9 0.60000002
9.3999996 -15.1 0.60000002
9.3999996 14.9 0.69999999
9.3999996 -15.1 0.69999999
9.3999996 14.9 0.80000001
9.3999996 -15.1 0.80000001
9.3999996 14.9 0.89999998
9.3999996 -15.1 0.89999998
9.3999996 15 0
9.3999996 -15 0
9.3999996 15 0.1
9.3999996 -15 0.1
9.3999996 15 0.2
9.3999996 -15 0.2
9.3999996 15 0.30000001
9.3999996 -15 0.30000001
9.3999996 15 0.40000001
9.3999996 -15 0.40000001
9.3999996 15 0.5
9.3999996 -15 0.5
9.3999996 15 0.60000002
9.3999996 -15 0.60000002
9.3999996 15 0.69999999
9.3999996 -15 0.69999999
9.3999996 15 0.80000001
9.3999996 -15 0.80000001
9.3999996 15 0.89999998
9.3999996 -15 0.89999998
9.5 14.9 0
9.5 -15.1 0
9.5 14.9 0.1
9.5 -15.1 0.1
9.5 14.9 0.2
9.5 -15.1 0.2
9.5 14.9 0.30000001
9.5 -15.1 0.30000001
9.5 14.9 0.40000001
9.5 -15.1 0.40000001
9.5 14.9 0.5
9.5 -15.1 0.5
9.5 14.9 0.60000002
9.5 -15.1 0.60000002
9.5 14.9 0.69999999
9.5 -15.1 0.69999999
9.5 14.9 0.80000001
9.5 -15.1 0.80000001
9.5 14.9 0.89999998
9.5 -15.1 0.89999998
9.5 15 0
9.5 -15 0
9.5 15 0.1
9.5 -15 0.1
9.5 15 0.2
9.5 -15 0.2
9.5 15 0.30000001
9.5 -15 0.30000001
9.5 15 0.40000001
9.5 -15 0.40000001
9.5 15 0.5
9.5 -15 0.5
9.5 15 0.60000002
9.5 -15 0.60000002
9.5 15 0.69999999
9.5 -15 0.69999999
9.5 15 0.80000001
9.5 -15 0.80000001
9.5 15 0.89999998
9.5 -15 0.89999998
9.6000004 14.9 0
9.6000004 -15.1 0
9.6000004 14.9 0.1
9.6000004 -15.1 0.1
9.6000004 14.9 0.2
9.6000004 -15.1 0.2
9.6000004 14.9 0.30000001
9.6000004 -15.1 0.30000001
9.6000004 14.9 0.40000001
9.6000004 -15.1 0.40000001
9.6000004 14.9 0.5
9.6000004 -15.1 0.5
9.6000004 14.9 0.60000002
9.6000004 -15.1 0.60000002
9.6000004 14.9 0.69999999
9.6000004 -15.1 0.69999999
9.6000004 14.9 0.80000001
9.6000004 -15.1 0.80000001
9.6000004 14.9 0.89999998
9.6000004 -15.1 0.89999998
9.6000004 15 0
9.6000004 -15 0
9.6000004 15 0.1
9.6000004 -15 0.1
9.6000004 15 0.2
9.6000004 -15 0.2
9.6000004 15 0.30000001
9.6000004 -15 0.30000001
9.6000004 15 0.40000001
9.6000004 -15 0.40000001
9.6000004 15 0.5
9.6000004 -15 0.5
9.6000004 15 0.60000002
9.6000004 -15 0.60000002
9.6000004 15 0.69999999
9.6000004 -15 0.69999999
9.6000004 15 0.80000001
9.6000004 -15 0.80000001
9.6000004 15 0.89999998
9.6000004 -15 0.89999998
9.6999989 14.9 0
9.6999989 -15.1 0
9.6999989 14.9 0.1
9.6999989 -15.1 0.1
9.6999989 14.9 0.2
9.6999989 -15.1 0.2
9.6999989 14.9 0.30000001
9.6999989 -15.1 0.30000001
9.6999989 14.9 0.40000001
9.6999989 -15.1 0.40000001
9.6999989 14.9 0.5
9.6999989 -15.1 0.5
9.6999989 14.9 0.60000002
9.6999989 -15.1 0.60000002
9.6999989 14.9 0.69999999
9.6999989 -15.1 0.69999999
9.6999989 14.9 0.80000001
9.6999989 -15.1 0.80000001
9.6999989 14.9 0.89999998
9.6999989 -15.1 0.89999998
9.6999989 15 0
9.6999989 -15 0
9.6999989 15 0.1
9.6999989 -15 0.1
9.6999989 15 0.2
9.6999989 -15 0.2
9.6999989 15 0.30000001
9.6999989 -15 0.30000001
9.6999989 15 0.40000001
9.6999989 -15 0.40000001
9.6999989 15 0.5
9.6999989 -15 0.5
9.6999989 15 0.60000002
9.6999989 -15 0.60000002
9.6999989 15 0.69999999
9.6999989 -15 0.69999999
9.6999989 15 0.80000001
9.6999989 -15 0.80000001
9.6999989 15 0.89999998
9.6999989 -15 0.89999998
9.7999992 14.9 0
9.7999992 -15.1 0
9.7999992 14.9 0.1
9.7999992 -15.1 0.1
9.7999992 14.9 0.2
9.7999992 -15.1 0.2
9.7999992 14.9 0.30000001
9.7999992 -15.1 0.30000001
9.7999992 14.9 0.40000001
9.7999992 -15.1 0.40000001
9.7999992 14.9 0.5
9.7999992 -15.1 0.5
9.7999992 14.9 0.60000002
9.7999992 -15.1 0.60000002
9.7999992 14.9 0.69999999
9.7999992 -15.1 0.69999999
9.7999992 14.9 0.80000001
9.7999992 -15.1 0.80000001
9.7999992 14.9 0.89999998
9.7999992 -15.1 0.89999998
9.7999992 15 0
9.7999992 -15 0
9.7999992 15 0.1
9.7999992 -15 0.1
9.7999992 15 0.2
9.7999992 -15 0.2
9.7999992 15 0.30000001
9.7999992 -15 0.30000001
9.7999992 15 0.40000001
9.7999992 -15 0.40000001
9.7999992 15 0.5
9.7999992 -15 0.5
9.7999992 15 0.60000002
9.7999992 -15 0.60000002
9.7999992 15 0.69999999
9.7999992 -15 0.69999999
9.7999992 15 0.80000001
9.7999992 -15 0.80000001
9.7999992 15 0.89999998
9.7999992 -15 0.89999998
9.8999996 14.9 0
9.8999996 -15.1 0
9.8999996 14.9 0.1
9.8999996 -15.1 0.1
9.8999996 14.9 0.2
9.8999996 -15.1 0.2
9.8999996 14.9 0.30000001
9.8999996 -15.1 0.30000001
9.8999996 14.9 0.40000001
9.8999996 -15.1 0.40000001
9.8999996 14.9 0.5
9.8999996 -15.1 0.5
9.8999996 14.9 0.60000002
9.8999996 -15.1 0.60000002
9.8999996 14.9 0.69999999
9.8999996 -15.1 0.69999999
9.8999996 14.9 0.80000001
9.8999996 -15.1 0.80000001
9.8999996 14.9 0.89999998
9.8999996 -15.1 0.89999998
9.8999996 15 0
9.8999996 -15 0
9.8999996 15 0.1
9.8999996 -15 0.1
9.8999996 15 0.2
9.8999996 -15 0.2
9.8999996 15 0.30000001
9.8999996 -15 0.30000001
9.8999996 15 0.40000001
9.8999996 -15 0.40000001
9.8999996 15 0.5
9.8999996 -15 0.5
9.8999996 15 0.60000002
9.8999996 -15 0.60000002
9.8999996 15 0.69999999
9.8999996 -15 0.69999999
9.8999996 15 0.80000001
9.8999996 -15 0.80000001
9.8999996 15 0.89999998
9.8999996 -15 0.89999998
10 14.9 0
10 -15.1 0
10 14.9 0.1
10 -15.1 0.1
10 14.9 0.2
10 -15.1 0.2
10 14.9 0.30000001
10 -15.1 0.30000001
10 14.9 0.40000001
10 -15.1 0.40000001
10 14.9 0.5
10 -15.1 0.5
10 14.9 0.60000002
10 -15.1 0.60000002
10 14.9 0.69999999
10 -15.1 0.69999999
10 14.9 0.80000001
10 -15.1 0.80000001
10 14.9 0.89999998
10 -15.1 0.89999998
10 15 0
10 -15 0
10 15 0.1
10 -15 0.1
10 15 0.2
10 -15 0.2
10 15 0.30000001
10 -15 0.30000001
10 15 0.40000001
10 -15 0.40000001
10 15 0.5
10 -15 0.5
10 15 0.60000002
10 -15 0.60000002
10 15 0.69999999
10 -15 0.69999999
10 15 0.80000001
10 -15 0.80000001
10 15 0.89999998
10 -15 0.89999998
10.1 14.9 0
10.1 -15.1 0
10.1 14.9 0.1
10.1 -15.1 0.1
10.1 14.9 0.2
10.1 -15.1 0.2
10.1 14.9 0.30000001
10.1 -15.1 0.30000001
10.1 14.9 0.40000001
10.1 -15.1 0.40000001
10.1 14.9 0.5
10.1 -15.1 0.5
10.1 14.9 0.60000002
10.1 -15.1 0.60000002
10.1 14.9 0.69999999
10.1 -15.1 0.69999999
10.1 14.9 0.80000001
10.1 -15.1 0.80000001
10.1 14.9 0.89999998
10.1 -15.1 0.89999998
10.1 15 0
10.1 -15 0
10.1 15 0.1
10.1 -15 0.1
10.1 15 0.2
10.1 -15 0.2
10.1 15 0.30000001
10.1 -15 0.30000001
10.1 15 0.40000001
10.1 -15 0.40000001
10.1 15 0.5
10.1 -15 0.5
10.1 15 0.60000002
10.1 -15 0.60000002
10.1 15 0.69999999
10.1 -15 0.69999999
10.1 15 0.80000001
10.1 -15 0.80000001
10.1 15 0.89999998
10.1 -15 0.89999998
10.199999 14.9 0
10.199999 -15.1 0
10.199999 14.9 0.1
10.199999 -15.1 0.1
10.199999 14.9 0.2
10.199999 -15.1 0.2
10.199999 14.9 0.30000001
10.199999 -15.1 0.30000001
10.199999 14.9 0.40000001
10.199999 -15.1 0.40000001
10.199999 14.9 0.5
10.199999 -15.1 0.5
10.199999 14.9 0.60000002
10.199999 -15.1 0.60000002
10.199999 14.9 0.69999999
10.199999 -15.1 0.69999999
10.199999 14.9 0.80000001
10.199999 -15.1 0.80000001
10.199999 14.9 0.89999998
10.199999 -15.1 0.89999998
10.199999 15 0
10.199999 -15 0
10.199999 15 0.1
10.199999 -15 0.1
10.199999 15 0.2
10.199999 -15 0.2
10.199999 15 0.30000001
10.199999 -15 0.30000001
10.199999 15 0.40000001
10.199999 -15 0.40000001
10.199999 15 0.5
10.199999 -15 0.5
10.199999 15 0.60000002
10.199999 -15 0.60000002
10.199999 15 0.69999999
10.199999 -15 0.69999999
10.199999 15 0.80000001
10.199999 -15 0.80000001
10.199999 15 0.89999998
10.199999 -15 0.89999998
10.299999 14.9 0
10.299999 -15.1 0
10.299999 14.9 0.1
10.299999 -15.1 0.1
10.299999 14.9 0.2
10.299999 -15.1 0.2
10.299999 14.9 0.30000001
10.299999 -15.1 0.30000001
10.299999 14.9 0.40000001
10.299999 -15.1 0.40000001
10.299999 14.9 0.5
10.299999 -15.1 0.5
10.299999 14.9 0.60000002
10.299999 -15.1 0.60000002
10.299999 14.9 0.69999999
10.299999 -15.1 0.69999999
10.299999 14.9 0.80000001
10.299999 -15.1 0.80000001
10.299999 14.9 0.89999998
10.299999 -15.1 0.89999998
10.299999 15 0
10.299999 -15 0
10.299999 15 0.1
10.299999 -15 0.1
10.299999 15 0.2
10.299999 -15 0.2
10.299999 15 0.30000001
10.299999 -15 0.30000001
10.299999 15 0.40000001
10.299999 -15 0.40000001
10.299999 15 0.5
10.299999 -15 0.5
10.299999 15 0.60000002
10.299999 -15 0.60000002
10.299999 15 0.69999999
10.299999 -15 0.69999999
10.299999 15 0.80000001
10.299999 -15 0.80000001
10.299999 15 0.89999998
10.299999 -15 0.89999998
10.4 14.9 0
10.4 -15.1 0
10.4 14.9 0.1
10.4 -15.1 0.1
10.4 14.9 0.2
10.4 -15.1 0.2
10.4 14.9 0.30000001
10.4 -15.1 0.30000001
10.4 14.9 0.40000001
10.4 -15.1 0.40000001
10.4 14.9 0.5
10.4 -15.1 0.5
10.4 14.9 0.60000002
10.4 -15.1 0.60000002
10.4 14.9 0.69999999
10.4 -15.1 0.69999999
10.4 14.9 0.80000001
10.4 -15.1 0.80000001
10.4 14.9 0.89999998
10.4 -15.1 0.89999998
10.4 15 0
10.4 -15 0
10.4 15 0.1
10.4 -15 0.1
10.4 15 0.2
10.4 -15 0.2
10.4 15 0.30000001
10.4 -15 0.30000001
10.4 15 0.40000001
10.4 -15 0.40000001
10.4 15 0.5
10.4 -15 0.5
10.4 15 0.60000002
10.4 -15 0.60000002
10.4 15 0.69999999
10.4 -15 0.69999999
10.4 15 0.80000001
10.4 -15 0.80000001
10.4 15 0.89999998
10.4 -15 0.89999998
10.5 14.9 0
10.5 -15.1 0
10.5 14.9 0.1
10.5 -15.1 0.1
10.5 14.9 0.2
10.5 -15.1 0.2
10.5 14.9 0.30000001
10.5 -15.1 0.30000001
10.5 14.9 0.40000001
10.5 -15.1 0.40000001
10.5 14.9 0.5
10.5 -15.1 0.5
10.5 14.9 0.60000002
10.5 -15.1 0.60000002
10.5 14.9 0.69999999
10.5 -15.1 0.69999999
10.5 14.9 0.80000001
10.5 -15.1 0.80000001
10.5 14.9 0.89999998
10.5 -15.1 0.89999998
10.5 15 0
10.5 -15 0
10.5 15 0.1
10.5 -15 0.1
10.5 15 0.2
10.5 -15 0.2
10.5 15 0.30000001
10.5 -15 0.30000001
10.5 15 0.40000001
10.5 -15 0.40000001
10.5 15 0.5
10.5 -15 0.5
10.5 15 0.60000002
10.5 -15 0.60000002
10.5 15 0.69999999
10.5 -15 0.69999999
10.5 15 0.80000001
10.5 -15 0.80000001
10.5 15 0.89999998
10.5 -15 0.89999998
10.6 14.9 0
10.6 -15.1 0
10.6 14.9 0.1
10.6 -15.1 0.1
10.6 14.9 0.2
10.6 -15.1 0.2
10.6 14.9 0.30000001
10.6 -15.1 0.30000001
10.6 14.9 0.40000001
10.6 -15.1 0.40000001
10.6 14.9 0.5
10.6 -15.1 0.5
10.6 14.9 0.60000002
10.6 -15.1 0.60000002
10.6 14.9 0.69999999
10.6 -15.1 0.69999999
10.6 14.9 0.80000001
10.6 -15.1 0.80000001
10.6 14.9 0.89999998
10.6 -15.1 0.89999998
10.6 15 0
10.6 -15 0
10.6 15 0.1
10.6 -15 0.1
10.6 15 0.2
10.6 -15 0.2
10.6 15 0.30000001
10.6 -15 0.30000001
10.6 15 0.40000001
10.6 -15 0.40000001
10.6 15 0.5
10.6 -15 0.5
10.6 15 0.60000002
10.6 -15 0.60000002
10.6 15 0.69999999
10.6 -15 0.69999999
10.6 15 0.80000001
10.6 -15 0.80000001
10.6 15 0.89999998
10.6 -15 0.89999998
10.699999 14.9 0
10.699999 -15.1 0
10.699999 14.9 0.1
10.699999 -15.1 0.1
10.699999 14.9 0.2
10.699999 -15.1 0.2
10.699999 14.9 0.30000001
10.699999 -15.1 0.30000001
10.699999 14.9 0.40000001
10.699999 -15.1 0.40000001
10.699999 14.9 0.5
10.699999 -15.1 0.5
10.699999 14.9 0.60000002
10.699999 -15.1 0.60000002
10.699999 14.9 0.69999999
10.699999 -15.1 0.69999999
10.699999 14.9 0.80000001
10.699999 -15.1 0.80000001
10.699999 14.9 0.89999998
10.699999 -15.1 0.89999998
10.699999 15 0
10.699999 -15 0
10.699999 15 0.1
10.699999 -15 0.1
10.699999 15 0.2
10.699999 -15 0.2
10.699999 15 0.30000001
10.699999 -15 0.30000001
10.699999 15 0.40000001
10.699999 -15 0.40000001
10.699999 15 0.5
10.699999 -15 0.5
10.699999 15 0.60000002
10.699999 -15 0.60000002
10.699999 15 0.69999999
10.699999 -15 0.69999999
10.699999 15 0.80000001
10.699999 -15 0.80000001
10.699999 15 0.89999998
10.699999 -15 0.89999998
10.799999 14.9 0
10.799999 -15.1 0
10.799999 14.9 0.1
10.799999 -15.1 0.1
10.799999 14.9 0.2
10.799999 -15.1 0.2
10.799999 14.9 0.30000001
10.799999 -15.1 0.30000001
10.799999 14.9 0.40000001
10.799999 -15.1 0.40000001
10.799999 14.9 0.5
10.799999 -15.1 0.5
10.799999 14.9 0.60000002
10.799999 -15.1 0.60000002
10.799999 14.9 0.69999999
10.799999 -15.1 0.69999999
10.799999 14.9 0.80000001
10.799999 -15.1 0.80000001
10.799999 14.9 0.89999998
10.799999 -15.1 0.89999998
10.799999 15 0
10.799999 -15 0
10.799999 15 0.1
10.799999 -15 0.1
10.799999 15 0.2
10.799999 -15 0.2
10.799999 15 0.30000001
10.799999 -15 0.30000001
10.799999 15 0.40000001
10.799999 -15 0.40000001
10.799999 15 0.5
10.799999 -15 0.5
10.799999 15 0.60000002
10.799999 -15 0.60000002
10.799999 15 0.69999999
10.799999 -15 0.69999999
10.799999 15 0.80000001
10.799999 -15 0.80000001
10.799999 15 0.89999998
10.799999 -15 0.89999998
10.9 14.9 0
10.9 -15.1 0
10.9 14.9 0.1
10.9 -15.1 0.1
10.9 14.9 0.2
10.9 -15.1 0.2
10.9 14.9 0.30000001
10.9 -15.1 0.30000001
10.9 14.9 0.40000001
10.9 -15.1 0.40000001
10.9 14.9 0.5
10.9 -15.1 0.5
10.9 14.9 0.60000002
10.9 -15.1 0.60000002
10.9 14.9 0.69999999
10.9 -15.1 0.69999999
10.9 14.9 0.80000001
10.9 -15.1 0.80000001
10.9 14.9 0.89999998
10.9 -15.1 0.89999998
10.9 15 0
10.9 -15 0
10.9 15 0.1
10.9 -15 0.1
10.9 15 0.2
10.9 -15 0.2
10.9 15 0.30000001
10.9 -15 0.30000001
10.9 15 0.40000001
10.9 -15 0.40000001
10.9 15 0.5
10.9 -15 0.5
10.9 15 0.60000002
10.9 -15 0.60000002
10.9 15 0.69999999
10.9 -15 0.69999999
10.9 15 0.80000001
10.9 -15 0.80000001
10.9 15 0.89999998
10.9 -15 0.89999998
11 14.9 0
11 -15.1 0
11 14.9 0.1
11 -15.1 0.1
11 14.9 0.2
11 -15.1 0.2
11 14.9 0.30000001
11 -15.1 0.30000001
11 14.9 0.40000001
11 -15.1 0.40000001
11 14.9 0.5
11 -15.1 0.5
11 14.9 0.60000002
11 -15.1 0.60000002
11 14.9 0.69999999
11 -15.1 0.69999999
11 14.9 0.80000001
11 -15.1 0.80000001
11 14.9 0.89999998
11 -15.1 0.89999998
11 15 0
11 -15 0
11 15 0.1
11 -15 0.1
11 15 0.2
11 -15 0.2
11 15 0.30000001
11 -15 0.30000001
11 15 0.40000001
11 -15 0.40000001
11 15 0.5
11 -15 0.5
11 15 0.60000002
11 -15 0.60000002
11 15 0.69999999
11 -15 0.69999999
11 15 0.80000001
11 -15 0.80000001
11 15 0.89999998
11 -15 0.89999998
11.1 14.9 0
11.1 -15.1 0
11.1 14.9 0.1
11.1 -15.1 0.1
11.1 14.9 0.2
11.1 -15.1 0.2
11.1 14.9 0.30000001
11.1 -15.1 0.30000001
11.1 14.9 0.40000001
11.1 -15.1 0.40000001
11.1 14.9 0.5
11.1 -15.1 0.5
11.1 14.9 0.60000002
11.1 -15.1 0.60000002
11.1 14.9 0.69999999
11.1 -15.1 0.69999999
11.1 14.9 0.80000001
11.1 -15.1 0.80000001
11.1 14.9 0.89999998
11.1 -15.1 0.89999998
11.1 15 0
11.1 -15 0
11.1 15 0.1
11.1 -15 0.1
11.1 15 0.2
11.1 -15 0.2
11.1 15 0.30000001
11.1 -15 0.30000001
11.1 15 0.40000001
11.1 -15 0.40000001
11.1 15 0.5
11.1 -15 0.5
11.1 15 0.60000002
11.1 -15 0.60000002
11.1 15 0.69999999
11.1 -15 0.69999999
11.1 15 0.80000001
11.1 -15 0.80000001
11.1 15 0.89999998
11.1 -15 0.89999998
11.199999 14.9 0
11.199999 -15.1 0
11.199999 14.9 0.1
11.199999 -15.1 0.1
11.199999 14.9 0.2
11.199999 -15.1 0.2
11.199999 14.9 0.30000001
11.199999 -15.1 0.30000001
11.199999 14.9 0.40000001
11.199999 -15.1 0.40000001
11.199999 14.9 0.5
11.199999 -15.1 0.5
11.199999 14.9 0.60000002
11.199999 -15.1 0.60000002
11.199999 14.9 0.69999999
11.199999 -15.1 0.69999999
11.199999 14.9 0.80000001
11.199999 -15.1 0.80000001
11.199999 14.9 0.89999998
11.199999 -15.1 0.89999998
11.199999 15 0
11.199999 -15 0
11.199999 15 0.1
11.199999 -15 0.1
11.199999 15 0.2
11.199999 -15 0.2
11.199999 15 0.30000001
11.199999 -15 0.30000001
11.199999 15 0.40000001
11.199999 -15 0.40000001
11.199999 15 0.5
11.199999 -15 0.5
11.199999 15 0.60000002
11.199999 -15 0.60000002
11.199999 15 0.69999999
11.199999 -15 0.69999999
11.199999 15 0.80000001
11.199999 -15 0.80000001
11.199999 15 0.89999998
11.199999 -15 0.89999998
11.299999 14.9 0
11.299999 -15.1 0
11.299999 14.9 0.1
11.299999 -15.1 0.1
11.299999 14.9 0.2
11.299999 -15.1 0.2
11.299999 14.9 0.30000001
11.299999 -15.1 0.30000001
11.299999 14.9 0.40000001
11.299999 -15.1 0.40000001
11.299999 14.9 0.5
11.299999 -15.1 0.5
11.299999 14.9 0.60000002
11.299999 -15.1 0.60000002
11.299999 14.9 0.69999999
11.299999 -15.1 0.69999999
11.299999 14.9 0.80000001
11.299999 -15.1 0.80000001
11.299999 14.9 0.89999998
11.299999 -15.1 0.89999998
11.299999 15 0
11.299999 -15 0
11.299999 15 0.1
11.299999 -15 0.1
11.299999 15 0.2
11.299999 -15 0.2
11.299999 15 0.30000001
11.299999 -15 0.30000001
11.299999 15 0.40000001
11.299999 -15 0.40000001
11.299999 15 0.5
11.299999 -15 0.5
11.299999 15 0.60000002
11.299999 -15 0.60000002
11.299999 15 0.69999999
11.299999 -15 0.69999999
11.299999 15 0.80000001
11.299999 -15 0.80000001
11.299999 15 0.89999998
11.299999 -15 0.89999998
11.4 14.9 0
11.4 -15.1 0
11.4 14.9 0.1
11.4 -15.1 0.1
11.4 14.9 0.2
11.4 -15.1 0.2
11.4 14.9 0.30000001
11.4 -15.1 0.30000001
11.4 14.9 0.40000001
11.4 -15.1 0.40000001
11.4 14.9 0.5
11.4 -15.1 0.5
11.4 14.9 0.60000002
11.4 -15.1 0.60000002
11.4 14.9 0.69999999
11.4 -15.1 0.69999999
11.4 14.9 0.80000001
11.4 -15.1 0.80000001
11.4 14.9 0.89999998
11.4 -15.1 0.89999998
11.4 15 0
11.4 -15 0
11.4 15 0.1
11.4 -15 0.1
11.4 15 0.2
11.4 -15 0.2
11.4 15 0.30000001
11.4 -15 0.30000001
11.4 15 0.40000001
11.4 -15 0.40000001
11.4 15 0.5
11.4 -15 0.5
11.4 15 0.60000002
11.4 -15 0.60000002
11.4 15 0.69999999
11.4 -15 0.69999999
11.4 15 0.80000001
11.4 -15 0.80000001
11.4 15 0.89999998
11.4 -15 0.89999998
11.5 14.9 0
11.5 -15.1 0
11.5 14.9 0.1
11.5 -15.1 0.1
11.5 14.9 0.2
11.5 -15.1 0.2
11.5 14.9 0.30000001
11.5 -15.1 0.30000001
11.5 14.9 0.40000001
11.5 -15.1 0.40000001
11.5 14.9 0.5
11.5 -15.1 0.5
11.5 14.9 0.60000002
11.5 -15.1 0.60000002
11.5 14.9 0.69999999
11.5 -15.1 0.69999999
11.5 14.9 0.80000001
11.5 -15.1 0.80000001
11.5 14.9 0.89999998
11.5 -15.1 0.89999998
11.5 15 0
11.5 -15 0
11.5 15 0.1
11.5 -15 0.1
11.5 15 0.2
11.5 -15 0.2
11.5 15 0.30000001
11.5 -15 0.30000001
11.5 15 0.40000001
11.5 -15 0.40000001
11.5 15 0.5
11.5 -15 0.5
11.5 15 0.60000002
11.5 -15 0.60000002
11.5 15 0.69999999
11.5 -15 0.69999999
11.5 15 0.80000001
11.5 -15 0.80000001
11.5 15 0.89999998
11.5 -15 0.89999998
11.6 14.9 0
11.6 -15.1 0
11.6 14.9 0.1
11.6 -15.1 0.1
11.6 14.9 0.2
11.6 -15.1 0.2
11.6 14.9 0.30000001
11.6 -15.1 0.30000001
11.6 14.9 0.40000001
11.6 -15.1 0.40000001
11.6 14.9 0.5
11.6 -15.1 0.5
11.6 14.9 0.60000002
11.6 -15.1 0.60000002
11.6 14.9 0.69999999
11.6 -15.1 0.69999999
11.6 14.9 0.80000001
11.6 -15.1 0.80000001
11.6 14.9 0.89999998
11.6 -15.1 0.89999998
11.6 15 0
11.6 -15 0
11.6 15 0.1
11.6 -15 0.1
11.6 15 0.2
11.6 -15 0.2
11.6 15 0.30000001
11.6 -15 0.30000001
11.6 15 0.40000001
11.6 -15 0.40000001
11.6 15 0.5
11.6 -15 0.5
11.6 15 0.60000002
11.6 -15 0.60000002
11.6 15 0.69999999
11.6 -15 0.69999999
11.6 15 0.80000001
11.6 -15 0.80000001
11.6 15 0.89999998
11.6 -15 0.89999998
11.699999 14.9 0
11.699999 -15.1 0
11.699999 14.9 0.1
11.699999 -15.1 0.1
11.699999 14.9 0.2
11.699999 -15.1 0.2
11.699999 14.9 0.30000001
11.699999 -15.1 0.30000001
11.699999 14.9 0.40000001
11.699999 -15.1 0.40000001
11.699999 14.9 0.5
11.699999 -15.1 0.5
11.699999 14.9 0.60000002
11.699999 -15.1 0.60000002
11.699999 14.9 0.69999999
11.699999 -15.1 0.69999999
11.699999 14.9 0.80000001
11.699999 -15.1 0.80000001
11.699999 14.9 0.89999998
11.699999 -15.1 0.89999998
11.699999 15 0
11.699999 -15 0
11.699999 15 0.1
11.699999 -15 0.1
11.699999 15 0.2
11.699999 -15 0.2
11.699999 15 0.30000001
11.699999 -15 0.30000001
11.699999 15 0.40000001
11.699999 -15 0.40000001
11.699999 15 0.5
11.699999 -15 0.5
11.699999 15 0.60000002
11.699999 -15 0.60000002
11.699999 15 0.69999999
11.699999 -15 0.69999999
11.699999 15 0.80000001
11.699999 -15 0.80000001
11.699999 15 0.89999998
11.699999 -15 0.89999998
11.799999 14.9 0
11.799999 -15.1 0
11.799999 14.9 0.1
11.799999 -15.1 0.1
11.799999 14.9 0.2
11.799999 -15.1 0.2
11.799999 14.9 0.30000001
11.799999 -15.1 0.30000001
11.799999 14.9 0.40000001
11.799999 -15.1 0.40000001
11.799999 14.9 0.5
11.799999 -15.1 0.5
11.799999 14.9 0.60000002
11.799999 -15.1 0.60000002
11.799999 14.9 0.69999999
11.799999 -15.1 0.69999999
11.799999 14.9 0.80000001
11.799999 -15.1 0.80000001
11.799999 14.9 0.89999998
11.799999 -15.1 0.89999998
11.799999 15 0
11.799999 -15 0
11.799999 15 0.1
11.799999 -15 0.1
11.799999 15 0.2
11.799999 -15 0.2
11.799999 15 0.30000001
11.799999 -15 0.30000001
11.799999 15 0.40000001
11.799999 -15 0.40000001
11.799999 15 0.5
11.799999 -15 0.5
11.799999 15 0.60000002
11.799999 -15 0.60000002
11.799999 15 0.69999999
11.799999 -15 0.69999999
11.799999 15 0.80000001
11.799999 -15 0.80000001
11.799999 15 0.89999998
11.799999 -15 0.89999998
11.9 14.9 0
11.9 -15.1 0
11.9 14.9 0.1
11.9 -15.1 0.1
11.9 14.9 0.2
11.9 -15.1 0.2
11.9 14.9 0.30000001
11.9 -15.1 0.30000001
11.9 14.9 0.40000001
11.9 -15.1 0.40000001
11.9 14.9 0.5
11.9 -15.1 0.5
11.9 14.9 0.60000002
11.9 -15.1 0.60000002
11.9 14.9 0.69999999
11.9 -15.1 0.69999999
11.9 14.9 0.80000001
11.9 -15.1 0.80000001
11.9 14.9 0.89999998
11.9 -15.1 0.89999998
11.9 15 0
11.9 -15 0
11.9 15 0.1
11.9 -15 0.1
11.9 15 0.2
11.9 -15 0.2
11.9 15 0.30000001
11.9 -15 0.30000001
11.9 15 0.40000001
11.9 -15 0.40000001
11.9 15 0.5
11.9 -15 0.5
11.9 15 0.60000002
11.9 -15 0.60000002
11.9 15 0.69999999
11.9 -15 0.69999999
11.9 15 0.80000001
11.9 -15 0.80000001
11.9 15 0.89999998
11.9 -15 0.89999998
12 14.9 0
12 -15.1 0
12 14.9 0.1
12 -15.1 0.1
12 14.9 0.2
12 -15.1 0.2
12 14.9 0.30000001
12 -15.1 0.30000001
12 14.9 0.40000001
12 -15.1 0.40000001
12 14.9 0.5
12 -15.1 0.5
12 14.9 0.60000002
12 -15.1 0.60000002
12 14.9 0.69999999
12 -15.1 0.69999999
12 14.9 0.80000001
12 -15.1 0.80000001
12 14.9 0.89999998
12 -15.1 0.89999998
12 15 0
12 -15 0
12 15 0.1
12 -15 0.1
12 15 0.2
12 -15 0.2
12 15 0.30000001
12 -15 0.30000001
12 15 0.40000001
12 -15 0.40000001
12 15 0.5
12 -15 0.5
12 15 0.60000002
12 -15 0.60000002
12 15 0.69999999
12 -15 0.69999999
12 15 0.80000001
12 -15 0.80000001
12 15 0.89999998
12 -15 0.89999998
12.1 14.9 0
12.1 -15.1 0
12.1 14.9 0.1
12.1 -15.1 0.1
12.1 14.9 0.2
12.1 -15.1 0.2
12.1 14.9 0.30000001
12.1 -15.1 0.30000001
12.1 14.9 0.40000001
12.1 -15.1 0.40000001
12.1 14.9 0.5
12.1 -15.1 0.5
12.1 14.9 0.60000002
12.1 -15.1 0.60000002
12.1 14.9 0.69999999
12.1 -15.1 0.69999999
12.1 14.9 0.80000001
12.1 -15.1 0.80000001
12.1 14.9 0.89999998
12.1 -15.1 0.89999998
12.1 15 0
12.1 -15 0
12.1 15 0.1
12.1 -15 0.1
12.1 15 0.2
12.1 -15 0.2
12.1 15 0.30000001
12.1 -15 0.30000001
12.1 15 0.40000001
12.1 -15 0.40000001
12.1 15 0.5
12.1 -15 0.5
12.1 15 0.60000002
12.1 -15 0.60000002
12.1 15 0.69999999
12.1 -15 0.69999999
12.1 15 0.80000001
12.1 -15 0.80000001
12.1 15 0.89999998
12.1 -15 0.89999998
12.199999 14.9 0
12.199999 -15.1 0
12.199999 14.9 0.1
12.199999 -15.1 0.1
12.199999 14.9 0.2
12.199999 -15.1 0.2
12.199999 14.9 0.30000001
12.199999 -15.1 0.30000001
12.199999 14.9 0.40000001
12.199999 -15.1 0.40000001
12.199999 14.9 0.5
12.199999 -15.1 0.5
12.199999 14.9 0.60000002
12.199999 -15.1 0.60000002
12.199999 14.9 0.69999999
12.199999 -15.1 0.69999999
12.199999 14.9 0.80000001
12.199999 -15.1 0.80000001
12.199999 14.9 0.89999998
12.199999 -15.1 0.89999998
12.199999 15 0
12.199999 -15 0
12.199999 15 0.1
12.199999 -15 0.1
12.199999 15 0.2
12.199999 -15 0.2
12.199999 15 0.30000001
12.199999 -15 0.30000001
12.199999 15 0.40000001
12.199999 -15 0.40000001
12.199999 15 0.5
12.199999 -15 0.5
12.199999 15 0.60000002
12.199999 -15 0.60000002
12.199999 15 0.69999999
12.199999 -15 0.69999999
12.199999 15 0.80000001
12.199999 -15 0.80000001
12.199999 15 0.89999998
12.199999 -15 0.89999998
12.299999 14.9 0
12.299999 -15.1 0
12.299999 14.9 0.1
12.299999 -15.1 0.1
12.299999 14.9 0.2
12.299999 -15.1 0.2
12.299999 14.9 0.30000001
12.299999 -15.1 0.30000001
12.299999 14.9 0.40000001
12.299999 -15.1 0.40000001
12.299999 14.9 0.5
12.299999 -15.1 0.5
12.299999 14.9 0.60000002
12.299999 -15.1 0.60000002
12.299999 14.9 0.69999999
12.299999 -15.1 0.69999999
12.299999 14.9 0.80000001
12.299999 -15.1 0.80000001
12.299999 14.9 0.89999998
12.299999 -15.1 0.89999998
12.299999 15 0
12.299999 -15 0
12.299999 15 0.1
12.299999 -15 0.1
12.299999 15 0.2
12.299999 -15 0.2
12.299999 15 0.30000001
12.299999 -15 0.30000001
12.299999 15 0.40000001
12.299999 -15 0.40000001
12.299999 15 0.5
12.299999 -15 0.5
12.299999 15 0.60000002
12.299999 -15 0.60000002
12.299999 15 0.69999999
12.299999 -15 0.69999999
12.299999 15 0.80000001
12.299999 -15 0.80000001
12.299999 15 0.89999998
12.299999 -15 0.89999998
12.4 14.9 0
12.4 -15.1 0
12.4 14.9 0.1
12.4 -15.1 0.1
12.4 14.9 0.2
12.4 -15.1 0.2
12.4 14.9 0.30000001
12.4 -15.1 0.30000001
12.4 14.9 0.40000001
12.4 -15.1 0.40000001
12.4 14.9 0.5
12.4 -15.1 0.5
12.4 14.9 0.60000002
12.4 -15.1 0.60000002
12.4 14.9 0.69999999
12.4 -15.1 0.69999999
12.4 14.9 0.80000001
12.4 -15.1 0.80000001
12.4 14.9 0.89999998
12.4 -15.1 0.89999998
12.4 15 0
12.4 -15 0
12.4 15 0.1
12.4 -15 0.1
12.4 15 0.2
12.4 -15 0.2
12.4 15 0.30000001
12.4 -15 0.30000001
12.4 15 0.40000001
12.4 -15 0.40000001
12.4 15 0.5
12.4 -15 0.5
12.4 15 0.60000002
12.4 -15 0.60000002
12.4 15 0.69999999
12.4 -15 0.69999999
12.4 15 0.80000001
12.4 -15 0.80000001
12.4 15 0.89999998
12.4 -15 0.89999998
12.5 14.9 0
12.5 -15.1 0
12.5 14.9 0.1
12.5 -15.1 0.1
12.5 14.9 0.2
12.5 -15.1 0.2
12.5 14.9 0.30000001
12.5 -15.1 0.30000001
12.5 14.9 0.40000001
12.5 -15.1 0.40000001
12.5 14.9 0.5
12.5 -15.1 0.5
12.5 14.9 0.60000002
12.5 -15.1 0.60000002
12.5 14.9 0.69999999
12.5 -15.1 0.69999999
12.5 14.9 0.80000001
12.5 -15.1 0.80000001
12.5 14.9 0.89999998
12.5 -15.1 0.89999998
12.5 15 0
12.5 -15 0
12.5 15 0.1
12.5 -15 0.1
12.5 15 0.2
12.5 -15 0.2
12.5 15 0.30000001
12.5 -15 0.30000001
12.5 15 0.40000001
12.5 -15 0.40000001
12.5 15 0.5
12.5 -15 0.5
12.5 15 0.60000002
12.5 -15 0.60000002
12.5 15 0.69999999
12.5 -15 0.69999999
12.5 15 0.80000001
12.5 -15 0.80000001
12.5 15 0.89999998
12.5 -15 0.89999998
12.6 14.9 0
12.6 -15.1 0
12.6 14.9 0.1
12.6 -15.1 0.1
12.6 14.9 0.2
12.6 -15.1 0.2
12.6 14.9 0.30000001
12.6 -15.1 0.30000001
12.6 14.9 0.40000001
12.6 -15.1 0.40000001
12.6 14.9 0.5
12.6 -15.1 0.5
12.6 14.9 0.60000002
12.6 -15.1 0.60000002
12.6 14.9 0.69999999
12.6 -15.1 0.69999999
12.6 14.9 0.80000001
12.6 -15.1 0.80000001
12.6 14.9 0.89999998
12.6 -15.1 0.89999998
12.6 15 0
12.6 -15 0
12.6 15 0.1
12.6 -15 0.1
12.6 15 0.2
12.6 -15 0.2
12.6 15 0.30000001
12.6 -15 0.30000001
12.6 15 0.40000001
12.6 -15 0.40000001
12.6 15 0.5
12.6 -15 0.5
12.6 15 0.60000002
12.6 -15 0.60000002
12.6 15 0.69999999
12.6 -15 0.69999999
12.6 15 0.80000001
12.6 -15 0.80000001
12.6 15 0.89999998
12.6 -15 0.89999998
12.699999 14.9 0
12.699999 -15.1 0
12.699999 14.9 0.1
12.699999 -15.1 0.1
12.699999 14.9 0.2
12.699999 -15.1 0.2
12.699999 14.9 0.30000001
12.699999 -15.1 0.30000001
12.699999 14.9 0.40000001
12.699999 -15.1 0.40000001
12.699999 14.9 0.5
12.699999 -15.1 0.5
12.699999 14.9 0.60000002
12.699999 -15.1 0.60000002
12.699999 14.9 0.69999999
12.699999 -15.1 0.69999999
12.699999 14.9 0.80000001
12.699999 -15.1 0.80000001
12.699999 14.9 0.89999998
12.699999 -15.1 0.89999998
12.699999 15 0
12.699999 -15 0
12.699999 15 0.1
12.699999 -15 0.1
12.699999 15 0.2
12.699999 -15 0.2
12.699999 15 0.30000001
12.699999 -15 0.30000001
12.699999 15 0.40000001
12.699999 -15 0.40000001
12.699999 15 0.5
12.699999 -15 0.5
12.699999 15 0.60000002
12.699999 -15 0.60000002
12.699999 15 0.69999999
12.699999 -15 0.69999999
12.699999 15 0.80000001
12.699999 -15 0.80000001
12.699999 15 0.89999998
12.699999 -15 0.89999998
12.799999 14.9 0
12.799999 -15.1 0
12.799999 14.9 0.1
12.799999 -15.1 0.1
12.799999 14.9 0.2
12.799999 -15.1 0.2
12.799999 14.9 0.30000001
12.799999 -15.1 0.30000001
12.799999 14.9 0.40000001
12.799999 -15.1 0.40000001
12.799999 14.9 0.5
12.799999 -15.1 0.5
12.799999 14.9 0.60000002
12.799999 -15.1 0.60000002
12.799999 14.9 0.69999999
12.799999 -15.1 0.69999999
12.799999 14.9 0.80000001
12.799999 -15.1 0.80000001
12.799999 14.9 0.89999998
12.799999 -15.1 0.89999998
12.799999 15 0
12.799999 -15 0
12.799999 15 0.1
12.799999 -15 0.1
12.799999 15 0.2
12.799999 -15 0.2
12.799999 15 0.30000001
12.799999 -15 0.30000001
12.799999 15 0.40000001
12.799999 -15 0.40000001
12.799999 15 0.5
12.799999 -15 0.5
12.799999 15 0.60000002
12.799999 -15 0.60000002
12.799999 15 0.69999999
12.799999 -15 0.69999999
12.799999 15 0.80000001
12.799999 -15 0.80000001
12.799999 15 0.89999998
12.799999 -15 0.89999998
12.9 14.9 0
12.9 -15.1 0
12.9 14.9 0.1
12.9 -15.1 0.1
12.9 14.9 0.2
12.9 -15.1 0.2
12.9 14.9 0.30000001
12.9 -15.1 0.30000001
12.9 14.9 0.40000001
12.9 -15.1 0.40000001
12.9 14.9 0.5
12.9 -15.1 0.5
12.9 14.9 0.60000002
12.9 -15.1 0.60000002
12.9 14.9 0.69999999
12.9 -15.1 0.69999999
12.9 14.9 0.80000001
12.9 -15.1 0.80000001
12.9 14.9 0.89999998
12.9 -15.1 0.89999998
12.9 15 0
12.9 -15 0
12.9 15 0.1
12.9 -15 0.1
12.9 15 0.2
12.9 -15 0.2
12.9 15 0.30000001
12.9 -15 0.30000001
12.9 15 0.40000001
12.9 -15 0.40000001
12.9 15 0.5
12.9 -15 0.5
12.9 15 0.60000002
12.9 -15 0.60000002
12.9 15 0.69999999
12.9 -15 0.69999999
12.9 15 0.80000001
12.9 -15 0.80000001
12.9 15 0.89999998
12.9 -15 0.89999998
13 14.9 0
13 -15.1 0
13 14.9 0.1
13 -15.1 0.1
13 14.9 0.2
13 -15.1 0.2
13 14.9 0.30000001
13 -15.1 0.30000001
13 14.9 0.40000001
13 -15.1 0.40000001
13 14.9 0.5
13 -15.1 0.5
13 14.9 0.60000002
13 -15.1 0.60000002
13 14.9 0.69999999
13 -15.1 0.69999999
13 14.9 0.80000001
13 -15.1 0.80000001
13 14.9 0.89999998
13 -15.1 0.89999998
13 15 0
13 -15 0
13 15 0.1
13 -15 0.1
13 15 0.2
13 -15 0.2
13 15 0.30000001
13 -15 0.30000001
13 15 0.40000001
13 -15 0.40000001
13 15 0.5
13 -15 0.5
13 15 0.60000002
13 -15 0.60000002
13 15 0.69999999
13 -15 0.69999999
13 15 0.80000001
13 -15 0.80000001
13 15 0.89999998
13 -15 0.89999998
13.1 14.9 0
13.1 -15.1 0
13.1 14.9 0.1
13.1 -15.1 0.1
13.1 14.9 0.2
13.1 -15.1 0.2
13.1 14.9 0.30000001
13.1 -15.1 0.30000001
13.1 14.9 0.40000001
13.1 -15.1 0.40000001
13.1 14.9 0.5
13.1 -15.1 0.5
13.1 14.9 0.60000002
13.1 -15.1 0.60000002
13.1 14.9 0.69999999
13.1 -15.1 0.69999999
13.1 14.9 0.80000001
13.1 -15.1 0.80000001
13.1 14.9 0.89999998
13.1 -15.1 0.89999998
13.1 15 0
13.1 -15 0
13.1 15 0.1
13.1 -15 0.1
13.1 15 0.2
13.1 -15 0.2
13.1 15 0.30000001
13.1 -15 0.30000001
13.1 15 0.40000001
13.1 -15 0.40000001
13.1 15 0.5
13.1 -15 0.5
13.1 15 0.60000002
13.1 -15 0.60000002
13.1 15 0.69999999
13.1 -15 0.69999999
13.1 15 0.80000001
13.1 -15 0.80000001
13.1 15 0.89999998
13.1 -15 0.89999998
13.199999 14.9 0
13.199999 -15.1 0
13.199999 14.9 0.1
13.199999 -15.1 0.1
13.199999 14.9 0.2
13.199999 -15.1 0.2
13.199999 14.9 0.30000001
13.199999 -15.1 0.30000001
13.199999 14.9 0.40000001
13.199999 -15.1 0.40000001
13.199999 14.9 0.5
13.199999 -15.1 0.5
13.199999 14.9 0.60000002
13.199999 -15.1 0.60000002
13.199999 14.9 0.69999999
13.199999 -15.1 0.69999999
13.199999 14.9 0.80000001
13.199999 -15.1 0.80000001
13.199999 14.9 0.89999998
13.199999 -15.1 0.89999998
13.199999 15 0
13.199999 -15 0
13.199999 15 0.1
13.199999 -15 0.1
13.199999 15 0.2
13.199999 -15 0.2
13.199999 15 0.30000001
13.199999 -15 0.30000001
13.199999 15 0.40000001
13.199999 -15 0.40000001
13.199999 15 0.5
13.199999 -15 0.5
13.199999 15 0.60000002
13.199999 -15 0.60000002
13.199999 15 0.69999999
13.199999 -15 0.69999999
13.199999 15 0.80000001
13.199999 -15 0.80000001
13.199999 15 0.89999998
13.199999 -15 0.89999998
13.299999 14.9 0
13.299999 -15.1 0
13.299999 14.9 0.1
13.299999 -15.1 0.1
13.299999 14.9 0.2
13.299999 -15.1 0.2
13.299999 14.9 0.30000001
13.299999 -15.1 0.30000001
13.299999 14.9 0.40000001
13.299999 -15.1 0.40000001
13.299999 14.9 0.5
13.299999 -15.1 0.5
13.299999 14.9 0.60000002
13.299999 -15.1 0.60000002
13.299999 14.9 0.69999999
13.299999 -15.1 0.69999999
13.299999 14.9 0.80000001
13.299999 -15.1 0.80000001
13.299999 14.9 0.89999998
13.299999 -15.1 0.89999998
13.299999 15 0
13.299999 -15 0
13.299999 15 0.1
13.299999 -15 0.1
13.299999 15 0.2
13.299999 -15 0.2
13.299999 15 0.30000001
13.299999 -15 0.30000001
13.299999 15 0.40000001
13.299999 -15 0.40000001
13.299999 15 0.5
13.299999 -15 0.5
13.299999 15 0.60000002
13.299999 -15 0.60000002
13.299999 15 0.69999999
13.299999 -15 0.69999999
13.299999 15 0.80000001
13.299999 -15 0.80000001
13.299999 15 0.89999998
13.299999 -15 0.89999998
13.4 14.9 0
13.4 -15.1 0
13.4 14.9 0.1
13.4 -15.1 0.1
13.4 14.9 0.2
13.4 -15.1 0.2
13.4 14.9 0.30000001
13.4 -15.1 0.30000001
13.4 14.9 0.40000001
13.4 -15.1 0.40000001
13.4 14.9 0.5
13.4 -15.1 0.5
13.4 14.9 0.60000002
13.4 -15.1 0.60000002
13.4 14.9 0.69999999
13.4 -15.1 0.69999999
13.4 14.9 0.80000001
13.4 -15.1 0.80000001
13.4 14.9 0.89999998
13.4 -15.1 0.89999998
13.4 15 0
13.4 -15 0
13.4 15 0.1
13.4 -15 0.1
13.4 15 0.2
13.4 -15 0.2
13.4 15 0.30000001
13.4 -15 0.30000001
13.4 15 0.40000001
13.4 -15 0.40000001
13.4 15 0.5
13.4 -15 0.5
13.4 15 0.60000002
13.4 -15 0.60000002
13.4 15 0.69999999
13.4 -15 0.69999999
13.4 15 0.80000001
13.4 -15 0.80000001
13.4 15 0.89999998
13.4 -15 0.89999998
13.5 14.9 0
13.5 -15.1 0
13.5 14.9 0.1
13.5 -15.1 0.1
13.5 14.9 0.2
13.5 -15.1 0.2
13.5 14.9 0.30000001
13.5 -15.1 0.30000001
13.5 14.9 0.40000001
13.5 -15.1 0.40000001
13.5 14.9 0.5
13.5 -15.1 0.5
13.5 14.9 0.60000002
13.5 -15.1 0.60000002
13.5 14.9 0.69999999
13.5 -15.1 0.69999999
13.5 14.9 0.80000001
13.5 -15.1 0.80000001
13.5 14.9 0.89999998
13.5 -15.1 0.89999998
13.5 15 0
13.5 -15 0
13.5 15 0.1
13.5 -15 0.1
13.5 15 0.2
13.5 -15 0.2
13.5 15 0.30000001
13.5 -15 0.30000001
13.5 15 0.40000001
13.5 -15 0.40000001
13.5 15 0.5
13.5 -15 0.5
13.5 15 0.60000002
13.5 -15 0.60000002
13.5 15 0.69999999
13.5 -15 0.69999999
13.5 15 0.80000001
13.5 -15 0.80000001
13.5 15 0.89999998
13.5 -15 0.89999998
13.6 14.9 0
13.6 -15.1 0
13.6 14.9 0.1
13.6 -15.1 0.1
13.6 14.9 0.2
13.6 -15.1 0.2
13.6 14.9 0.30000001
13.6 -15.1 0.30000001
13.6 14.9 0.40000001
13.6 -15.1 0.40000001
13.6 14.9 0.5
13.6 -15.1 0.5
13.6 14.9 0.60000002
13.6 -15.1 0.60000002
13.6 14.9 0.69999999
13.6 -15.1 0.69999999
13.6 14.9 0.80000001
13.6 -15.1 0.80000001
13.6 14.9 0.89999998
13.6 -15.1 0.89999998
13.6 15 0
13.6 -15 0
13.6 15 0.1
13.6 -15 0.1
13.6 15 0.2
13.6 -15 0.2
13.6 15 0.30000001
13.6 -15 0.30000001
13.6 15 0.40000001
13.6 -15 0.40000001
13.6 15 0.5
13.6 -15 0.5
13.6 15 0.60000002
13.6 -15 0.60000002
13.6 15 0.69999999
13.6 -15 0.69999999
13.6 15 0.80000001
13.6 -15 0.80000001
13.6 15 0.89999998
13.6 -15 0.89999998
13.699999 14.9 0
13.699999 -15.1 0
13.699999 14.9 0.1
13.699999 -15.1 0.1
13.699999 14.9 0.2
13.699999 -15.1 0.2
13.699999 14.9 0.30000001
13.699999 -15.1 0.30000001
13.699999 14.9 0.40000001
13.699999 -15.1 0.40000001
13.699999 14.9 0.5
13.699999 -15.1 0.5
13.699999 14.9 0.60000002
13.699999 -15.1 0.60000002
13.699999 14.9 0.69999999
13.699999 -15.1 0.69999999
13.699999 14.9 0.80000001
13.699999 -15.1 0.80000001
13.699999 14.9 0.89999998
13.699999 -15.1 0.89999998
13.699999 15 0
13.699999 -15 0
13.699999 15 0.1
13.699999 -15 0.1
13.699999 15 0.2
13.699999 -15 0.2
13.699999 15 0.30000001
13.699999 -15 0.30000001
13.699999 15 0.40000001
13.699999 -15 0.40000001
13.699999 15 0.5
13.699999 -15 0.5
13.699999 15 0.60000002
13.699999 -15 0.60000002
13.699999 15 0.69999999
13.699999 -15 0.69999999
13.699999 15 0.80000001
13.699999 -15 0.80000001
13.699999 15 0.89999998
13.699999 -15 0.89999998
13.799999 14.9 0
13.799999 -15.1 0
13.799999 14.9 0.1
13.799999 -15.1 0.1
13.799999 14.9 0.2
13.799999 -15.1 0.2
13.799999 14.9 0.30000001
13.799999 -15.1 0.30000001
13.799999 14.9 0.40000001
13.799999 -15.1 0.40000001
13.799999 14.9 0.5
13.799999 -15.1 0.5
13.799999 14.9 0.60000002
13.799999 -15.1 0.60000002
13.799999 14.9 0.69999999
13.799999 -15.1 0.69999999
13.799999 14.9 0.80000001
13.799999 -15.1 0.80000001
13.799999 14.9 0.89999998
13.799999 -15.1 0.89999998
13.799999 15 0
13.799999 -15 0
13.799999 15 0.1
13.799999 -15 0.1
13.799999 15 0.2
13.799999 -15 0.2
13.799999 15 0.30000001
13.799999 -15 0.30000001
13.799999 15 0.40000001
13.799999 -15 0.40000001
13.799999 15 0.5
13.799999 -15 0.5
13.799999 15 0.60000002
13.799999 -15 0.60000002
13.799999 15 0.69999999
13.799999 -15 0.69999999
13.799999 15 0.80000001
13.799999 -15 0.80000001
13.799999 15 0.89999998
13.799999 -15 0.89999998
13.9 14.9 0
13.9 -15.1 0
13.9 14.9 0.1
13.9 -15.1 0.1
13.9 14.9 0.2
13.9 -15.1 0.2
13.9 14.9 0.30000001
13.9 -15.1 0.30000001
13.9 14.9 0.40000001
13.9 -15.1 0.40000001
13.9 14.9 0.5
13.9 -15.1 0.5
13.9 14.9 0.60000002
13.9 -15.1 0.60000002
13.9 14.9 0.69999999
13.9 -15.1 0.69999999
13.9 14.9 0.80000001
13.9 -15.1 0.80000001
13.9 14.9 0.89999998
13.9 -15.1 0.89999998
13.9 15 0
13.9 -15 0
13.9 15 0.1
13.9 -15 0.1
13.9 15 0.2
13.9 -15 0.2
13.9 15 0.30000001
13.9 -15 0.30000001
13.9 15 0.40000001
13.9 -15 0.40000001
13.9 15 0.5
13.9 -15 0.5
13.9 15 0.60000002
13.9 -15 0.60000002
13.9 15 0.69999999
13.9 -15 0.69999999
13.9 15 0.80000001
13.9 -15 0.80000001
13.9 15 0.89999998
13.9 -15 0.89999998
14 14.9 0
14 -15.1 0
14 14.9 0.1
14 -15.1 0.1
14 14.9 0.2
14 -15.1 0.2
14 14.9 0.30000001
14 -15.1 0.30000001
14 14.9 0.40000001
14 -15.1 0.40000001
14 14.9 0.5
14 -15.1 0.5
14 14.9 0.60000002
14 -15.1 0.60000002
14 14.9 0.69999999
14 -15.1 0.69999999
14 14.9 0.80000001
14 -15.1 0.80000001
14 14.9 0.89999998
14 -15.1 0.89999998
14 15 0
14 -15 0
14 15 0.1
14 -15 0.1
14 15 0.2
14 -15 0.2
14 15 0.30000001
14 -15 0.30000001
14 15 0.40000001
14 -15 0.40000001
14 15 0.5
14 -15 0.5
14 15 0.60000002
14 -15 0.60000002
14 15 0.69999999
14 -15 0.69999999
14 15 0.80000001
14 -15 0.80000001
14 15 0.89999998
14 -15 0.89999998
14.1 14.9 0
14.1 -15.1 0
14.1 14.9 0.1
14.1 -15.1 0.1
14.1 14.9 0.2
14.1 -15.1 0.2
14.1 14.9 0.30000001
14.1 -15.1 0.30000001
14.1 14.9 0.40000001
14.1 -15.1 0.40000001
14.1 14.9 0.5
14.1 -15.1 0.5
14.1 14.9 0.60000002
14.1 -15.1 0.60000002
14.1 14.9 0.69999999
14.1 -15.1 0.69999999
14.1 14.9 0.80000001
14.1 -15.1 0.80000001
14.1 14.9 0.89999998
14.1 -15.1 0.89999998
14.1 15 0
14.1 -15 0
14.1 15 0.1
14.1 -15 0.1
14.1 15 0.2
14.1 -15 0.2
14.1 15 0.30000001
14.1 -15 0.30000001
14.1 15 0.40000001
14.1 -15 0.40000001
14.1 15 0.5
14.1 -15 0.5
14.1 15 0.60000002
14.1 -15 0.60000002
14.1 15 0.69999999
14.1 -15 0.69999999
14.1 15 0.80000001
14.1 -15 0.80000001
14.1 15 0.89999998
14.1 -15 0.89999998
14.199999 14.9 0
14.199999 -15.1 0
14.199999 14.9 0.1
14.199999 -15.1 0.1
14.199999 14.9 0.2
14.199999 -15.1 0.2
14.199999 14.9 0.30000001
14.199999 -15.1 0.30000001
14.199999 14.9 0.40000001
14.199999 -15.1 0.40000001
14.199999 14.9 0.5
14.199999 -15.1 0.5
14.199999 14.9 0.60000002
14.199999 -15.1 0.60000002
14.199999 14.9 0.69999999
14.199999 -15.1 0.69999999
14.199999 14.9 0.80000001
14.199999 -15.1 0.80000001
14.199999 14.9 0.89999998
14.199999 -15.1 0.89999998
14.199999 15 0
14.199999 -15 0
14.199999 15 0.1
14.199999 -15 0.1
14.199999 15 0.2
14.199999 -15 0.2
14.199999 15 0.30000001
14.199999 -15 0.30000001
14.199999 15 0.40000001
14.199999 -15 0.40000001
14.199999 15 0.5
14.199999 -15 0.5
14.199999 15 0.60000002
14.199999 -15 0.60000002
14.199999 15 0.69999999
14.199999 -15 0.69999999
14.199999 15 0.80000001
14.199999 -15 0.80000001
14.199999 15 0.89999998
14.199999 -15 0.89999998
14.299999 14.9 0
14.299999 -15.1 0
14.299999 14.9 0.1
14.299999 -15.1 0.1
14.299999 14.9 0.2
14.299999 -15.1 0.2
14.299999 14.9 0.30000001
14.299999 -15.1 0.30000001
14.299999 14.9 0.40000001
14.299999 -15.1 0.40000001
14.299999 14.9 0.5
14.299999 -15.1 0.5
14.299999 14.9 0.60000002
14.299999 -15.1 0.60000002
14.299999 14.9 0.69999999
14.299999 -15.1 0.69999999
14.299999 14.9 0.80000001
14.299999 -15.1 0.80000001
14.299999 14.9 0.89999998
14.299999 -15.1 0.89999998
14.299999 15 0
14.299999 -15 0
14.299999 15 0.1
14.299999 -15 0.1
14.299999 15 0.2
14.299999 -15 0.2
14.299999 15 0.30000001
14.299999 -15 0.30000001
14.299999 15 0.40000001
14.299999 -15 0.40000001
14.299999 15 0.5
14.299999 -15 0.5
14.299999 15 0.60000002
14.299999 -15 0.60000002
14.299999 15 0.69999999
14.299999 -15 0.69999999
14.299999 15 0.80000001
14.299999 -15 0.80000001
14.299999 15 0.89999998
14.299999 -15 0.89999998
14.4 14.9 0
14.4 -15.1 0
14.4 14.9 0.1
14.4 -15.1 0.1
14.4 14.9 0.2
14.4 -15.1 0.2
14.4 14.9 0.30000001
14.4 -15.1 0.30000001
14.4 14.9 0.40000001
14.4 -15.1 0.40000001
14.4 14.9 0.5
14.4 -15.1 0.5
14.4 14.9 0.60000002
14.4 -15.1 0.60000002
14.4 14.9 0.69999999
14.4 -15.1 0.69999999
14.4 14.9 0.80000001
14.4 -15.1 0.80000001
14.4 14.9 0.89999998
14.4 -15.1 0.89999998
14.4 15 0
14.4 -15 0
14.4 15 0.1
14.4 -15 0.1
14.4 15 0.2
14.4 -15 0.2
14.4 15 0.30000001
14.4 -15 0.30000001
14.4 15 0.40000001
14.4 -15 0.40000001
14.4 15 0.5
14.4 -15 0.5
14.4 15 0.60000002
14.4 -15 0.60000002
14.4 15 0.69999999
14.4 -15 0.69999999
14.4 15 0.80000001
14.4 -15 0.80000001
14.4 15 0.89999998
14.4 -15 0.89999998
14.5 14.9 0
14.5 -15.1 0
14.5 14.9 0.1
14.5 -15.1 0.1
14.5 14.9 0.2
14.5 -15.1 0.2
14.5 14.9 0.30000001
14.5 -15.1 0.30000001
14.5 14.9 0.40000001
14.5 -15.1 0.40000001
14.5 14.9 0.5
14.5 -15.1 0.5
14.5 14.9 0.60000002
14.5 -15.1 0.60000002
14.5 14.9 0.69999999
14.5 -15.1 0.69999999
14.5 14.9 0.80000001
14.5 -15.1 0.80000001
14.5 14.9 0.89999998
14.5 -15.1 0.89999998
14.5 15 0
14.5 -15 0
14.5 15 0.1
14.5 -15 0.1
14.5 15 0.2
14.5 -15 0.2
14.5 15 0.30000001
14.5 -15 0.30000001
14.5 15 0.40000001
14.5 -15 0.40000001
14.5 15 0.5
14.5 -15 0.5
14.5 15 0.60000002
14.5 -15 0.60000002
14.5 15 0.69999999
14.5 -15 0.69999999
14.5 15 0.80000001
14.5 -15 0.80000001
14.5 15 0.89999998
14.5 -15 0.89999998
14.6 14.9 0
14.6 -15.1 0
14.6 14.9 0.1
14.6 -15.1 0.1
14.6 14.9 0.2
14.6 -15.1 0.2
14.6 14.9 0.30000001
14.6 -15.1 0.30000001
14.6 14.9 0.40000001
14.6 -15.1 0.40000001
14.6 14.9 0.5
14.6 -15.1 0.5
14.6 14.9 0.60000002
14.6 -15.1 0.60000002
14.6 14.9 0.69999999
14.6 -15.1 0.69999999
14.6 14.9 0.80000001
14.6 -15.1 0.80000001
14.6 14.9 0.89999998
14.6 -15.1 0.89999998
14.6 15 0
14.6 -15 0
14.6 15 0.1
14.6 -15 0.1
14.6 15 0.2
14.6 -15 0.2
14.6 15 0.30000001
14.6 -15 0.30000001
14.6 15 0.40000001
14.6 -15 0.40000001
14.6 15 0.5
14.6 -15 0.5
14.6 15 0.60000002
14.6 -15 0.60000002
14.6 15 0.69999999
14.6 -15 0.69999999
14.6 15 0.80000001
14.6 -15 0.80000001
14.6 15 0.89999998
14.6 -15 0.89999998
14.699999 14.9 0
14.699999 -15.1 0
14.699999 14.9 0.1
14.699999 -15.1 0.1
14.699999 14.9 0.2
14.699999 -15.1 0.2
14.699999 14.9 0.30000001
14.699999 -15.1 0.30000001
14.699999 14.9 0.40000001
14.699999 -15.1 0.40000001
14.699999 14.9 0.5
14.699999 -15.1 0.5
14.699999 14.9 0.60000002
14.699999 -15.1 0.60000002
14.699999 14.9 0.69999999
14.699999 -15.1 0.69999999
14.699999 14.9 0.80000001
14.699999 -15.1 0.80000001
14.699999 14.9 0.89999998
14.699999 -15.1 0.89999998
14.699999 15 0
14.699999 -15 0
14.699999 15 0.1
14.699999 -15 0.1
14.699999 15 0.2
14.699999 -15 0.2
14.699999 15 0.30000001
14.699999 -15 0.30000001
14.699999 15 0.40000001
14.699999 -15 0.40000001
14.699999 15 0.5
14.699999 -15 0.5
14.699999 15 0.60000002
14.699999 -15 0.60000002
14.699999 15 0.69999999
14.699999 -15 0.69999999
14.699999 15 0.80000001
14.699999 -15 0.80000001
14.699999 15 0.89999998
14.699999 -15 0.89999998
14.799999 14.9 0
14.799999 -15.1 0
14.799999 14.9 0.1
14.799999 -15.1 0.1
14.799999 14.9 0.2
14.799999 -15.1 0.2
14.799999 14.9 0.30000001
14.799999 -15.1 0.30000001
14.799999 14.9 0.40000001
14.799999 -15.1 0.40000001
14.799999 14.9 0.5
14.799999 -15.1 0.5
14.799999 14.9 0.60000002
14.799999 -15.1 0.60000002
14.799999 14.9 0.69999999
14.799999 -15.1 0.69999999
14.799999 14.9 0.80000001
14.799999 -15.1 0.80000001
14.799999 14.9 0.89999998
14.799999 -15.1 0.89999998
14.799999 15 0
14.799999 -15 0
14.799999 15 0.1
14.799999 -15 0.1
14.799999 15 0.2
14.799999 -15 0.2
14.799999 15 0.30000001
14.799999 -15 0.30000001
14.799999 15 0.40000001
14.799999 -15 0.40000001
14.799999 15 0.5
14.799999 -15 0.5
14.799999 15 0.60000002
14.799999 -15 0.60000002
14.799999 15 0.69999999
14.799999 -15 0.69999999
14.799999 15 0.80000001
14.799999 -15 0.80000001
14.799999 15 0.89999998
14.799999 -15 0.89999998
14.9 -15.1 0
-15.1 -15.1 0
14.9 -15.1 0.1
-15.1 -15.1 0.1
14.9 -15.1 0.2
-15.1 -15.1 0.2
14.9 -15.1 0.30000001
-15.1 -15.1 0.30000001
14.9 -15.1 0.40000001
-15.1 -15.1 0.40000001
14.9 -15.1 0.5
-15.1 -15.1 0.5
14.9 -15.1 0.60000002
-15.1 -15.1 0.60000002
14.9 -15.1 0.69999999
-15.1 -15.1 0.69999999
14.9 -15.1 0.80000001
-15.1 -15.1 0.80000001
14.9 -15.1 0.89999998
-15.1 -15.1 0.89999998
14.9 -15 0
-15.1 -15 0
14.9 -15 0.1
-15.1 -15 0.1
14.9 -15 0.2
-15.1 -15 0.2
14.9 -15 0.30000001
-15.1 -15 0.30000001
14.9 -15 0.40000001
-15.1 -15 0.40000001
14.9 -15 0.5
-15.1 -15 0.5
14.9 -15 0.60000002
-15.1 -15 0.60000002
14.9 -15 0.69999999
-15.1 -15 0.69999999
14.9 -15 0.80000001
-15.1 -15 0.80000001
14.9 -15 0.89999998
-15.1 -15 0.89999998
14.9 -14.9 0
-15.1 -14.9 0
14.9 -14.9 0.1
-15.1 -14.9 0.1
14.9 -14.9 0.2
-15.1 -14.9 0.2
14.9 -14.9 0.30000001
-15.1 -14.9 0.30000001
14.9 -14.9 0.40000001
-15.1 -14.9 0.40000001
14.9 -14.9 0.5
-15.1 -14.9 0.5
14.9 -14.9 0.60000002
-15.1 -14.9 0.60000002
14.9 -14.9 0.69999999
-15.1 -14.9 0.69999999
14.9 -14.9 0.80000001
-15.1 -14.9 0.80000001
14.9 -14.9 0.89999998
-15.1 -14.9 0.89999998
14.9 -14.8 0
-15.1 -14.8 0
14.9 -14.8 0.1
-15.1 -14.8 0.1
14.9 -14.8 0.2
-15.1 -14.8 0.2
14.9 -14.8 0.30000001
-15.1 -14.8 0.30000001
14.9 -14.8 0.40000001
-15.1 -14.8 0.40000001
14.9 -14.8 0.5
-15.1 -14.8 0.5
14.9 -14.8 0.60000002
-15.1 -14.8 0.60000002
14.9 -14.8 0.69999999
-15.1 -14.8 0.69999999
14.9 -14.8 0.80000001
-15.1 -14.8 0.80000001
14.9 -14.8 0.89999998
-15.1 -14.8 0.89999998
14.9 -14.7 0
-15.1 -14.7 0
14.9 -14.7 0.1
-15.1 -14.7 0.1
14.9 -14.7 0.2
-15.1 -14.7 0.2
14.9 -14.7 0.30000001
-15.1 -14.7 0.30000001
14.9 -14.7 0.40000001
-15.1 -14.7 0.40000001
14.9 -14.7 0.5
-15.1 -14.7 0.5
14.9 -14.7 0.60000002
-15.1 -14.7 0.60000002
14.9 -14.7 0.69999999
-15.1 -14.7 0.69999999
14.9 -14.7 0.80000001
-15.1 -14.7 0.80000001
14.9 -14.7 0.89999998
-15.1 -14.7 0.89999998
14.9 -14.6 0
-15.1 -14.6 0
14.9 -14.6 0.1
-15.1 -14.6 0.1
14.9 -14.6 0.2
-15.1 -14.6 0.2
14.9 -14.6 0.30000001
-15.1 -14.6 0.30000001
14.9 -14.6 0.40000001
-15.1 -14.6 0.40000001
14.9 -14.6 0.5
-15.1 -14.6 0.5
14.9 -14.6 0.60000002
-15.1 -14.6 0.60000002
14.9 -14.6 0.69999999
-15.1 -14.6 0.69999999
14.9 -14.6 0.80000001
-15.1 -14.6 0.80000001
14.9 -14.6 0.89999998
-15.1 -14.6 0.89999998
14.9 -14.5 0
-15.1 -14.5 0
14.9 -14.5 0.1
-15.1 -14.5 0.1
14.9 -14.5 0.2
-15.1 -14.5 0.2
14.9 -14.5 0.30000001
-15.1 -14.5 0.30000001
14.9 -14.5 0.40000001
-15.1 -14.5 0.40000001
14.9 -14.5 0.5
-15.1 -14.5 0.5
14.9 -14.5 0.60000002
-15.1 -14.5 0.60000002
14.9 -14.5 0.69999999
-15.1 -14.5 0.69999999
14.9 -14.5 0.80000001
-15.1 -14.5 0.80000001
14.9 -14.5 0.89999998
-15.1 -14.5 0.89999998
14.9 -14.4 0
-15.1 -14.4 0
14.9 -14.4 0.1
-15.1 -14.4 0.1
14.9 -14.4 0.2
-15.1 -14.4 0.2
14.9 -14.4 0.30000001
-15.1 -14.4 0.30000001
14.9 -14.4 0.40000001
-15.1 -14.4 0.40000001
14.9 -14.4 0.5
-15.1 -14.4 0.5
14.9 -14.4 0.60000002
-15.1 -14.4 0.60000002
14.9 -14.4 0.69999999
-15.1 -14.4 0.69999999
14.9 -14.4 0.80000001
-15.1 -14.4 0.80000001
14.9 -14.4 0.89999998
-15.1 -14.4 0.89999998
14.9 -14.3 0
-15.1 -14.3 0
14.9 -14.3 0.1
-15.1 -14.3 0.1
14.9 -14.3 0.2
-15.1 -14.3 0.2
14.9 -14.3 0.30000001
-15.1 -14.3 0.30000001
14.9 -14.3 0.40000001
-15.1 -14.3 0.40000001
14.9 -14.3 0.5
-15.1 -14.3 0.5
14.9 -14.3 0.60000002
-15.1 -14.3 0.60000002
14.9 -14.3 0.69999999
-15.1 -14.3 0.69999999
14.9 -14.3 0.80000001
-15.1 -14.3 0.80000001
14.9 -14.3 0.89999998
-15.1 -14.3 0.89999998
14.9 -14.2 0
-15.1 -14.2 0
14.9 -14.2 0.1
-15.1 -14.2 0.1
14.9 -14.2 0.2
-15.1 -14.2 0.2
14.9 -14.2 0.30000001
-15.1 -14.2 0.30000001
14.9 -14.2 0.40000001
-15.1 -14.2 0.40000001
14.9 -14.2 0.5
-15.1 -14.2 0.5
14.9 -14.2 0.60000002
-15.1 -14.2 0.60000002
14.9 -14.2 0.69999999
-15.1 -14.2 0.69999999
14.9 -14.2 0.80000001
-15.1 -14.2 0.80000001
14.9 -14.2 0.89999998
-15.1 -14.2 0.89999998
14.9 -14.1 0
-15.1 -14.1 0
14.9 -14.1 0.1
-15.1 -14.1 0.1
14.9 -14.1 0.2
-15.1 -14.1 0.2
14.9 -14.1 0.30000001
-15.1 -14.1 0.30000001
14.9 -14.1 0.40000001
-15.1 -14.1 0.40000001
14.9 -14.1 0.5
-15.1 -14.1 0.5
14.9 -14.1 0.60000002
-15.1 -14.1 0.60000002
14.9 -14.1 0.69999999
-15.1 -14.1 0.69999999
14.9 -14.1 0.80000001
-15.1 -14.1 0.80000001
14.9 -14.1 0.89999998
-15.1 -14.1 0.89999998
14.9 -14 0
-15.1 -14 0
14.9 -14 0.1
-15.1 -14 0.1
14.9 -14 0.2
-15.1 -14 0.2
14.9 -14 0.30000001
-15.1 -14 0.30000001
14.9 -14 0.40000001
-15.1 -14 0.40000001
14.9 -14 0.5
-15.1 -14 0.5
14.9 -14 0.60000002
-15.1 -14 0.60000002
14.9 -14 0.69999999
-15.1 -14 0.69999999
14.9 -14 0.80000001
-15.1 -14 0.80000001
14.9 -14 0.89999998
-15.1 -14 0.89999998
14.9 -13.9 0
-15.1 -13.9 0
14.9 -13.9 0.1
-15.1 -13.9 0.1
14.9 -13.9 0.2
-15.1 -13.9 0.2
14.9 -13.9 0.30000001
-15.1 -13.9 0.30000001
14.9 -13.9 0.40000001
-15.1 -13.9 0.40000001
14.9 -13.9 0.5
-15.1 -13.9 0.5
14.9 -13.9 0.60000002
-15.1 -13.9 0.60000002
14.9 -13.9 0.69999999
-15.1 -13.9 0.69999999
14.9 -13.9 0.80000001
-15.1 -13.9 0.80000001
14.9 -13.9 0.89999998
-15.1 -13.9 0.89999998
14.9 -13.8 0
-15.1 -13.8 0
14.9 -13.8 0.1
-15.1 -13.8 0.1
14.9 -13.8 0.2
-15.1 -13.8 0.2
14.9 -13.8 0.30000001
-15.1 -13.8 0.30000001
14.9 -13.8 0.40000001
-15.1 -13.8 0.40000001
14.9 -13.8 0.5
-15.1 -13.8 0.5
14.9 -13.8 0.60000002
-15.1 -13.8 0.60000002
14.9 -13.8 0.69999999
-15.1 -13.8 0.69999999
14.9 -13.8 0.80000001
-15.1 -13.8 0.80000001
14.9 -13.8 0.89999998
-15.1 -13.8 0.89999998
14.9 -13.7 0
-15.1 -13.7 0
14.9 -13.7 0.1
-15.1 -13.7 0.1
14.9 -13.7 0.2
-15.1 -13.7 0.2
14.9 -13.7 0.30000001
-15.1 -13.7 0.30000001
14.9 -13.7 0.40000001
-15.1 -13.7 0.40000001
14.9 -13.7 0.5
-15.1 -13.7 0.5
14.9 -13.7 0.60000002
-15.1 -13.7 0.60000002
14.9 -13.7 0.69999999
-15.1 -13.7 0.69999999
14.9 -13.7 0.80000001
-15.1 -13.7 0.80000001
14.9 -13.7 0.89999998
-15.1 -13.7 0.89999998
14.9 -13.6 0
-15.1 -13.6 0
14.9 -13.6 0.1
-15.1 -13.6 0.1
14.9 -13.6 0.2
-15.1 -13.6 0.2
14.9 -13.6 0.30000001
-15.1 -13.6 0.30000001
14.9 -13.6 0.40000001
-15.1 -13.6 0.40000001
14.9 -13.6 0.5
-15.1 -13.6 0.5
14.9 -13.6 0.60000002
-15.1 -13.6 0.60000002
14.9 -13.6 0.69999999
-15.1 -13.6 0.69999999
14.9 -13.6 0.80000001
-15.1 -13.6 0.80000001
14.9 -13.6 0.89999998
-15.1 -13.6 0.89999998
14.9 -13.5 0
-15.1 -13.5 0
14.9 -13.5 0.1
-15.1 -13.5 0.1
14.9 -13.5 0.2
-15.1 -13.5 0.2
14.9 -13.5 0.30000001
-15.1 -13.5 0.30000001
14.9 -13.5 0.40000001
-15.1 -13.5 0.40000001
14.9 -13.5 0.5
-15.1 -13.5 0.5
14.9 -13.5 0.60000002
-15.1 -13.5 0.60000002
14.9 -13.5 0.69999999
-15.1 -13.5 0.69999999
14.9 -13.5 0.80000001
-15.1 -13.5 0.80000001
14.9 -13.5 0.89999998
-15.1 -13.5 0.89999998
14.9 -13.4 0
-15.1 -13.4 0
14.9 -13.4 0.1
-15.1 -13.4 0.1
14.9 -13.4 0.2
-15.1 -13.4 0.2
14.9 -13.4 0.30000001
-15.1 -13.4 0.30000001
14.9 -13.4 0.40000001
-15.1 -13.4 0.40000001
14.9 -13.4 0.5
-15.1 -13.4 0.5
14.9 -13.4 0.60000002
-15.1 -13.4 0.60000002
14.9 -13.4 0.69999999
-15.1 -13.4 0.69999999
14.9 -13.4 0.80000001
-15.1 -13.4 0.80000001
14.9 -13.4 0.89999998
-15.1 -13.4 0.89999998
14.9 -13.3 0
-15.1 -13.3 0
14.9 -13.3 0.1
-15.1 -13.3 0.1
14.9 -13.3 0.2
-15.1 -13.3 0.2
14.9 -13.3 0.30000001
-15.1 -13.3 0.30000001
14.9 -13.3 0.40000001
-15.1 -13.3 0.40000001
14.9 -13.3 0.5
-15.1 -13.3 0.5
14.9 -13.3 0.60000002
-15.1 -13.3 0.60000002
14.9 -13.3 0.69999999
-15.1 -13.3 0.69999999
14.9 -13.3 0.80000001
-15.1 -13.3 0.80000001
14.9 -13.3 0.89999998
-15.1 -13.3 0.89999998
14.9 -13.2 0
-15.1 -13.2 0
14.9 -13.2 0.1
-15.1 -13.2 0.1
14.9 -13.2 0.2
-15.1 -13.2 0.2
14.9 -13.2 0.30000001
-15.1 -13.2 0.30000001
14.9 -13.2 0.40000001
-15.1 -13.2 0.40000001
14.9 -13.2 0.5
-15.1 -13.2 0.5
14.9 -13.2 0.60000002
-15.1 -13.2 0.60000002
14.9 -13.2 0.69999999
-15.1 -13.2 0.69999999
14.9 -13.2 0.80000001
-15.1 -13.2 0.80000001
14.9 -13.2 0.89999998
-15.1 -13.2 0.89999998
14.9 -13.1 0
-15.1 -13.1 0
14.9 -13.1 0.1
-15.1 -13.1 0.1
14.9 -13.1 0.2
-15.1 -13.1 0.2
14.9 -13.1 0.30000001
-15.1 -13.1 0.30000001
14.9 -13.1 0.40000001
-15.1 -13.1 0.40000001
14.9 -13.1 0.5
-15.1 -13.1 0.5
14.9 -13.1 0.60000002
-15.1 -13.1 0.60000002
14.9 -13.1 0.69999999
-15.1 -13.1 0.69999999
14.9 -13.1 0.80000001
-15.1 -13.1 0.80000001
14.9 -13.1 0.89999998
-15.1 -13.1 0.89999998
14.9 -13 0
-15.1 -13 0
14.9 -13 0.1
-15.1 -13 0.1
14.9 -13 0.2
-15.1 -13 0.2
14.9 -13 0.30000001
-15.1 -13 0.30000001
14.9 -13 0.40000001
-15.1 -13 0.40000001
14.9 -13 0.5
-15.1 -13 0.5
14.9 -13 0.60000002
-15.1 -13 0.60000002
14.9 -13 0.69999999
-15.1 -13 0.69999999
14.9 -13 0.80000001
-15.1 -13 0.80000001
14.9 -13 0.89999998
-15.1 -13 0.89999998
14.9 -12.9 0
-15.1 -12.9 0
14.9 -12.9 0.1
-15.1 -12.9 0.1
14.9 -12.9 0.2
-15.1 -12.9 0.2
14.9 -12.9 0.30000001
-15.1 -12.9 0.30000001
14.9 -12.9 0.40000001
-15.1 -12.9 0.40000001
14.9 -12.9 0.5
-15.1 -12.9 0.5
14.9 -12.9 0.60000002
-15.1 -12.9 0.60000002
14.9 -12.9 0.69999999
-15.1 -12.9 0.69999999
14.9 -12.9 0.80000001
-15.1 -12.9 0.80000001
14.9 -12.9 0.89999998
-15.1 -12.9 0.89999998
14.9 -12.8 0
-15.1 -12.8 0
14.9 -12.8 0.1
-15.1 -12.8 0.1
14.9 -12.8 0.2
-15.1 -12.8 0.2
14.9 -12.8 0.30000001
-15.1 -12.8 0.30000001
14.9 -12.8 0.40000001
-15.1 -12.8 0.40000001
14.9 -12.8 0.5
-15.1 -12.8 0.5
14.9 -12.8 0.60000002
-15.1 -12.8 0.60000002
14.9 -12.8 0.69999999
-15.1 -12.8 0.69999999
14.9 -12.8 0.80000001
-15.1 -12.8 0.80000001
14.9 -12.8 0.89999998
-15.1 -12.8 0.89999998
14.9 -12.7 0
-15.1 -12.7 0
14.9 -12.7 0.1
-15.1 -12.7 0.1
14.9 -12.7 0.2
-15.1 -12.7 0.2
14.9 -12.7 0.30000001
-15.1 -12.7 0.30000001
14.9 -12.7 0.40000001
-15.1 -12.7 0.40000001
14.9 -12.7 0.5
-15.1 -12.7 0.5
14.9 -12.7 0.60000002
-15.1 -12.7 0.60000002
14.9 -12.7 0.69999999
-15.1 -12.7 0.69999999
14.9 -12.7 0.80000001
-15.1 -12.7 0.80000001
14.9 -12.7 0.89999998
-15.1 -12.7 0.89999998
14.9 -12.6 0
-15.1 -12.6 0
14.9 -12.6 0.1
-15.1 -12.6 0.1
14.9 -12.6 0.2
-15.1 -12.6 0.2
14.9 -12.6 0.30000001
-15.1 -12.6 0.30000001
14.9 -12.6 0.40000001
-15.1 -12.6 0.40000001
14.9 -12.6 0.5
-15.1 -12.6 0.5
14.9 -12.6 0.60000002
-15.1 -12.6 0.60000002
14.9 -12.6 0.69999999
-15.1 -12.6 0.69999999
14.9 -12.6 0.80000001
-15.1 -12.6 0.80000001
14.9 -12.6 0.89999998
-15.1 -12.6 0.89999998
14.9 -12.5 0
-15.1 -12.5 0
14.9 -12.5 0.1
-15.1 -12.5 0.1
14.9 -12.5 0.2
-15.1 -12.5 0.2
14.9 -12.5 0.30000001
-15.1 -12.5 0.30000001
14.9 -12.5 0.40000001
-15.1 -12.5 0.40000001
14.9 -12.5 0.5
-15.1 -12.5 0.5
14.9 -12.5 0.60000002
-15.1 -12.5 0.60000002
14.9 -12.5 0.69999999
-15.1 -12.5 0.69999999
14.9 -12.5 0.80000001
-15.1 -12.5 0.80000001
14.9 -12.5 0.89999998
-15.1 -12.5 0.89999998
14.9 -12.4 0
-15.1 -12.4 0
14.9 -12.4 0.1
-15.1 -12.4 0.1
14.9 -12.4 0.2
-15.1 -12.4 0.2
14.9 -12.4 0.30000001
-15.1 -12.4 0.30000001
14.9 -12.4 0.40000001
-15.1 -12.4 0.40000001
14.9 -12.4 0.5
-15.1 -12.4 0.5
14.9 -12.4 0.60000002
-15.1 -12.4 0.60000002
14.9 -12.4 0.69999999
-15.1 -12.4 0.69999999
14.9 -12.4 0.80000001
-15.1 -12.4 0.80000001
14.9 -12.4 0.89999998
-15.1 -12.4 0.89999998
14.9 -12.3 0
-15.1 -12.3 0
14.9 -12.3 0.1
-15.1 -12.3 0.1
14.9 -12.3 0.2
-15.1 -12.3 0.2
14.9 -12.3 0.30000001
-15.1 -12.3 0.30000001
14.9 -12.3 0.40000001
-15.1 -12.3 0.40000001
14.9 -12.3 0.5
-15.1 -12.3 0.5
14.9 -12.3 0.60000002
-15.1 -12.3 0.60000002
14.9 -12.3 0.69999999
-15.1 -12.3 0.69999999
14.9 -12.3 0.80000001
-15.1 -12.3 0.80000001
14.9 -12.3 0.89999998
-15.1 -12.3 0.89999998
14.9 -12.2 0
-15.1 -12.2 0
14.9 -12.2 0.1
-15.1 -12.2 0.1
14.9 -12.2 0.2
-15.1 -12.2 0.2
14.9 -12.2 0.30000001
-15.1 -12.2 0.30000001
14.9 -12.2 0.40000001
-15.1 -12.2 0.40000001
14.9 -12.2 0.5
-15.1 -12.2 0.5
14.9 -12.2 0.60000002
-15.1 -12.2 0.60000002
14.9 -12.2 0.69999999
-15.1 -12.2 0.69999999
14.9 -12.2 0.80000001
-15.1 -12.2 0.80000001
14.9 -12.2 0.89999998
-15.1 -12.2 0.89999998
14.9 -12.1 0
-15.1 -12.1 0
14.9 -12.1 0.1
-15.1 -12.1 0.1
14.9 -12.1 0.2
-15.1 -12.1 0.2
14.9 -12.1 0.30000001
-15.1 -12.1 0.30000001
14.9 -12.1 0.40000001
-15.1 -12.1 0.40000001
14.9 -12.1 0.5
-15.1 -12.1 0.5
14.9 -12.1 0.60000002
-15.1 -12.1 0.60000002
14.9 -12.1 0.69999999
-15.1 -12.1 0.69999999
14.9 -12.1 0.80000001
-15.1 -12.1 0.80000001
14.9 -12.1 0.89999998
-15.1 -12.1 0.89999998
14.9 -12 0
-15.1 -12 0
14.9 -12 0.1
-15.1 -12 0.1
14.9 -12 0.2
-15.1 -12 0.2
14.9 -12 0.30000001
-15.1 -12 0.30000001
14.9 -12 0.40000001
-15.1 -12 0.40000001
14.9 -12 0.5
-15.1 -12 0.5
14.9 -12 0.60000002
-15.1 -12 0.60000002
14.9 -12 0.69999999
-15.1 -12 0.69999999
14.9 -12 0.80000001
-15.1 -12 0.80000001
14.9 -12 0.89999998
-15.1 -12 0.89999998
14.9 -11.9 0
-15.1 -11.9 0
14.9 -11.9 0.1
-15.1 -11.9 0.1
14.9 -11.9 0.2
-15.1 -11.9 0.2
14.9 -11.9 0.30000001
-15.1 -11.9 0.30000001
14.9 -11.9 0.40000001
-15.1 -11.9 0.40000001
14.9 -11.9 0.5
-15.1 -11.9 0.5
14.9 -11.9 0.60000002
-15.1 -11.9 0.60000002
14.9 -11.9 0.69999999
-15.1 -11.9 0.69999999
14.9 -11.9 0.80000001
-15.1 -11.9 0.80000001
14.9 -11.9 0.89999998
-15.1 -11.9 0.89999998
14.9 -11.8 0
-15.1 -11.8 0
14.9 -11.8 0.1
-15.1 -11.8 0.1
14.9 -11.8 0.2
-15.1 -11.8 0.2
14.9 -11.8 0.30000001
-15.1 -11.8 0.30000001
14.9 -11.8 0.40000001
-15.1 -11.8 0.40000001
14.9 -11.8 0.5
-15.1 -11.8 0.5
14.9 -11.8 0.60000002
-15.1 -11.8 0.60000002
14.9 -11.8 0.69999999
-15.1 -11.8 0.69999999
14.9 -11.8 0.80000001
-15.1 -11.8 0.80000001
14.9 -11.8 0.89999998
-15.1 -11.8 0.89999998
14.9 -11.7 0
-15.1 -11.7 0
14.9 -11.7 0.1
-15.1 -11.7 0.1
14.9 -11.7 0.2
-15.1 -11.7 0.2
14.9 -11.7 0.30000001
-15.1 -11.7 0.30000001
14.9 -11.7 0.40000001
-15.1 -11.7 0.40000001
14.9 -11.7 0.5
-15.1 -11.7 0.5
14.9 -11.7 0.60000002
-15.1 -11.7 0.60000002
14.9 -11.7 0.69999999
-15.1 -11.7 0.69999999
14.9 -11.7 0.80000001
-15.1 -11.7 0.80000001
14.9 -11.7 0.89999998
-15.1 -11.7 0.89999998
14.9 -11.6 0
-15.1 -11.6 0
14.9 -11.6 0.1
-15.1 -11.6 0.1
14.9 -11.6 0.2
-15.1 -11.6 0.2
14.9 -11.6 0.30000001
-15.1 -11.6 0.30000001
14.9 -11.6 0.40000001
-15.1 -11.6 0.40000001
14.9 -11.6 0.5
-15.1 -11.6 0.5
14.9 -11.6 0.60000002
-15.1 -11.6 0.60000002
14.9 -11.6 0.69999999
-15.1 -11.6 0.69999999
14.9 -11.6 0.80000001
-15.1 -11.6 0.80000001
14.9 -11.6 0.89999998
-15.1 -11.6 0.89999998
14.9 -11.5 0
-15.1 -11.5 0
14.9 -11.5 0.1
-15.1 -11.5 0.1
14.9 -11.5 0.2
-15.1 -11.5 0.2
14.9 -11.5 0.30000001
-15.1 -11.5 0.30000001
14.9 -11.5 0.40000001
-15.1 -11.5 0.40000001
14.9 -11.5 0.5
-15.1 -11.5 0.5
14.9 -11.5 0.60000002
-15.1 -11.5 0.60000002
14.9 -11.5 0.69999999
-15.1 -11.5 0.69999999
14.9 -11.5 0.80000001
-15.1 -11.5 0.80000001
14.9 -11.5 0.89999998
-15.1 -11.5 0.89999998
14.9 -11.4 0
-15.1 -11.4 0
14.9 -11.4 0.1
-15.1 -11.4 0.1
14.9 -11.4 0.2
-15.1 -11.4 0.2
14.9 -11.4 0.30000001
-15.1 -11.4 0.30000001
14.9 -11.4 0.40000001
-15.1 -11.4 0.40000001
14.9 -11.4 0.5
-15.1 -11.4 0.5
14.9 -11.4 0.60000002
-15.1 -11.4 0.60000002
14.9 -11.4 0.69999999
-15.1 -11.4 0.69999999
14.9 -11.4 0.80000001
-15.1 -11.4 0.80000001
14.9 -11.4 0.89999998
-15.1 -11.4 0.89999998
14.9 -11.3 0
-15.1 -11.3 0
14.9 -11.3 0.1
-15.1 -11.3 0.1
14.9 -11.3 0.2
-15.1 -11.3 0.2
14.9 -11.3 0.30000001
-15.1 -11.3 0.30000001
14.9 -11.3 0.40000001
-15.1 -11.3 0.40000001
14.9 -11.3 0.5
-15.1 -11.3 0.5
14.9 -11.3 0.60000002
-15.1 -11.3 0.60000002
14.9 -11.3 0.69999999
-15.1 -11.3 0.69999999
14.9 -11.3 0.80000001
-15.1 -11.3 0.80000001
14.9 -11.3 0.89999998
-15.1 -11.3 0.89999998
14.9 -11.2 0
-15.1 -11.2 0
14.9 -11.2 0.1
-15.1 -11.2 0.1
14.9 -11.2 0.2
-15.1 -11.2 0.2
14.9 -11.2 0.30000001
-15.1 -11.2 0.30000001
14.9 -11.2 0.40000001
-15.1 -11.2 0.40000001
14.9 -11.2 0.5
-15.1 -11.2 0.5
14.9 -11.2 0.60000002
-15.1 -11.2 0.60000002
14.9 -11.2 0.69999999
-15.1 -11.2 0.69999999
14.9 -11.2 0.80000001
-15.1 -11.2 0.80000001
14.9 -11.2 0.89999998
-15.1 -11.2 0.89999998
14.9 -11.1 0
-15.1 -11.1 0
14.9 -11.1 0.1
-15.1 -11.1 0.1
14.9 -11.1 0.2
-15.1 -11.1 0.2
14.9 -11.1 0.30000001
-15.1 -11.1 0.30000001
14.9 -11.1 0.40000001
-15.1 -11.1 0.40000001
14.9 -11.1 0.5
-15.1 -11.1 0.5
14.9 -11.1 0.60000002
-15.1 -11.1 0.60000002
14.9 -11.1 0.69999999
-15.1 -11.1 0.69999999
14.9 -11.1 0.80000001
-15.1 -11.1 0.80000001
14.9 -11.1 0.89999998
-15.1 -11.1 0.89999998
14.9 -11 0
-15.1 -11 0
14.9 -11 0.1
-15.1 -11 0.1
14.9 -11 0.2
-15.1 -11 0.2
14.9 -11 0.30000001
-15.1 -11 0.30000001
14.9 -11 0.40000001
-15.1 -11 0.40000001
14.9 -11 0.5
-15.1 -11 0.5
14.9 -11 0.60000002
-15.1 -11 0.60000002
14.9 -11 0.69999999
-15.1 -11 0.69999999
14.9 -11 0.80000001
-15.1 -11 0.80000001
14.9 -11 0.89999998
-15.1 -11 0.89999998
14.9 -10.900001 0
-15.1 -10.900001 0
14.9 -10.900001 0.1
-15.1 -10.900001 0.1
14.9 -10.900001 0.2
-15.1 -10.900001 0.2
14.9 -10.900001 0.30000001
-15.1 -10.900001 0.30000001
14.9 -10.900001 0.40000001
-15.1 -10.900001 0.40000001
14.9 -10.900001 0.5
-15.1 -10.900001 0.5
14.9 -10.900001 0.60000002
-15.1 -10.900001 0.60000002
14.9 -10.900001 0.69999999
-15.1 -10.900001 0.69999999
14.9 -10.900001 0.80000001
-15.1 -10.900001 0.80000001
14.9 -10.900001 0.89999998
-15.1 -10.900001 0.89999998
14.9 -10.8 0
-15.1 -10.8 0
14.9 -10.8 0.1
-15.1 -10.8 0.1
14.9 -10.8 0.2
-15.1 -10.8 0.2
14.9 -10.8 0.30000001
-15.1 -10.8 0.30000001
14.9 -10.8 0.40000001
-15.1 -10.8 0.40000001
14.9 -10.8 0.5
-15.1 -10.8 0.5
14.9 -10.8 0.60000002
-15.1 -10.8 0.60000002
14.9 -10.8 0.69999999
-15.1 -10.8 0.69999999
14.9 -10.8 0.80000001
-15.1 -10.8 0.80000001
14.9 -10.8 0.89999998
-15.1 -10.8 0.89999998
14.9 -10.7 0
-15.1 -10.7 0
14.9 -10.7 0.1
-15.1 -10.7 0.1
14.9 -10.7 0.2
-15.1 -10.7 0.2
14.9 -10.7 0.30000001
-15.1 -10.7 0.30000001
14.9 -10.7 0.40000001
-15.1 -10.7 0.40000001
14.9 -10.7 0.5
-15.1 -10.7 0.5
14.9 -10.7 0.60000002
-15.1 -10.7 0.60000002
14.9 -10.7 0.69999999
-15.1 -10.7 0.69999999
14.9 -10.7 0.80000001
-15.1 -10.7 0.80000001
14.9 -10.7 0.89999998
-15.1 -10.7 0.89999998
14.9 -10.6 0
-15.1 -10.6 0
14.9 -10.6 0.1
-15.1 -10.6 0.1
14.9 -10.6 0.2
-15.1 -10.6 0.2
14.9 -10.6 0.30000001
-15.1 -10.6 0.30000001
14.9 -10.6 0.40000001
-15.1 -10.6 0.40000001
14.9 -10.6 0.5
-15.1 -10.6 0.5
14.9 -10.6 0.60000002
-15.1 -10.6 0.60000002
14.9 -10.6 0.69999999
-15.1 -10.6 0.69999999
14.9 -10.6 0.80000001
-15.1 -10.6 0.80000001
14.9 -10.6 0.89999998
-15.1 -10.6 0.89999998
14.9 -10.5 0
-15.1 -10.5 0
14.9 -10.5 0.1
-15.1 -10.5 0.1
14.9 -10.5 0.2
-15.1 -10.5 0.2
14.9 -10.5 0.30000001
-15.1 -10.5 0.30000001
14.9 -10.5 0.40000001
-15.1 -10.5 0.40000001
14.9 -10.5 0.5
-15.1 -10.5 0.5
14.9 -10.5 0.60000002
-15.1 -10.5 0.60000002
14.9 -10.5 0.69999999
-15.1 -10.5 0.69999999
14.9 -10.5 0.80000001
-15.1 -10.5 0.80000001
14.9 -10.5 0.89999998
-15.1 -10.5 0.89999998
14.9 -10.400001 0
-15.1 -10.400001 0
14.9 -10.400001 0.1
-15.1 -10.400001 0.1
14.9 -10.400001 0.2
-15.1 -10.400001 0.2
14.9 -10.400001 0.30000001
-15.1 -10.400001 0.30000001
14.9 -10.400001 0.40000001
-15.1 -10.400001 0.40000001
14.9 -10.400001 0.5
-15.1 -10.400001 0.5
14.9 -10.400001 0.60000002
-15.1 -10.400001 0.60000002
14.9 -10.400001 0.69999999
-15.1 -10.400001 0.69999999
14.9 -10.400001 0.80000001
-15.1 -10.400001 0.80000001
14.9 -10.400001 0.89999998
-15.1 -10.400001 0.89999998
14.9 -10.3 0
-15.1 -10.3 0
14.9 -10.3 0.1
-15.1 -10.3 0.1
14.9 -10.3 0.2
-15.1 -10.3 0.2
14.9 -10.3 0.30000001
-15.1 -10.3 0.30000001
14.9 -10.3 0.40000001
-15.1 -10.3 0.40000001
14.9 -10.3 0.5
-15.1 -10.3 0.5
14.9 -10.3 0.60000002
-15.1 -10.3 0.60000002
14.9 -10.3 0.69999999
-15.1 -10.3 0.69999999
14.9 -10.3 0.80000001
-15.1 -10.3 0.80000001
14.9 -10.3 0.89999998
-15.1 -10.3 0.89999998
14.9 -10.2 0
-15.1 -10.2 0
14.9 -10.2 0.1
-15.1 -10.2 0.1
14.9 -10.2 0.2
-15.1 -10.2 0.2
14.9 -10.2 0.30000001
-15.1 -10.2 0.30000001
14.9 -10.2 0.40000001
-15.1 -10.2 0.40000001
14.9 -10.2 0.5
-15.1 -10.2 0.5
14.9 -10.2 0.60000002
-15.1 -10.2 0.60000002
14.9 -10.2 0.69999999
-15.1 -10.2 0.69999999
14.9 -10.2 0.80000001
-15.1 -10.2 0.80000001
14.9 -10.2 0.89999998
-15.1 -10.2 0.89999998
14.9 -10.1 0
-15.1 -10.1 0
14.9 -10.1 0.1
-15.1 -10.1 0.1
14.9 -10.1 0.2
-15.1 -10.1 0.2
14.9 -10.1 0.30000001
-15.1 -10.1 0.30000001
14.9 -10.1 0.40000001
-15.1 -10.1 0.40000001
14.9 -10.1 0.5
-15.1 -10.1 0.5
14.9 -10.1 0.60000002
-15.1 -10.1 0.60000002
14.9 -10.1 0.69999999
-15.1 -10.1 0.69999999
14.9 -10.1 0.80000001
-15.1 -10.1 0.80000001
14.9 -10.1 0.89999998
-15.1 -10.1 0.89999998
14.9 -10 0
-15.1 -10 0
14.9 -10 0.1
-15.1 -10 0.1
14.9 -10 0.2
-15.1 -10 0.2
14.9 -10 0.30000001
-15.1 -10 0.30000001
14.9 -10 0.40000001
-15.1 -10 0.40000001
14.9 -10 0.5
-15.1 -10 0.5
14.9 -10 0.60000002
-15.1 -10 0.60000002
14.9 -10 0.69999999
-15.1 -10 0.69999999
14.9 -10 0.80000001
-15.1 -10 0.80000001
14.9 -10 0.89999998
-15.1 -10 0.89999998
14.9 -9.9000006 0
-15.1 -9.9000006 0
14.9 -9.9000006 0.1
-15.1 -9.9000006 0.1
14.9 -9.9000006 0.2
-15.1 -9.9000006 0.2
14.9 -9.9000006 0.30000001
-15.1 -9.9000006 0.30000001
14.9 -9.9000006 0.40000001
-15.1 -9.9000006 0.40000001
14.9 -9.9000006 0.5
-15.1 -9.9000006 0.5
14.9 -9.9000006 0.60000002
-15.1 -9.9000006 0.60000002
14.9 -9.9000006 0.69999999
-15.1 -9.9000006 0.69999999
14.9 -9.9000006 0.80000001
-15.1 -9.9000006 0.80000001
14.9 -9.9000006 0.89999998
-15.1 -9.9000006 0.89999998
14.9 -9.8000002 0
-15.1 -9.8000002 0
14.9 -9.8000002 0.1
-15.1 -9.8000002 0.1
14.9 -9.8000002 0.2
-15.1 -9.8000002 0.2
14.9 -9.8000002 0.30000001
-15.1 -9.8000002 0.30000001
14.9 -9.8000002 0.40000001
-15.1 -9.8000002 0.40000001
14.9 -9.8000002 0.5
-15.1 -9.8000002 0.5
14.9 -9.8000002 0.60000002
-15.1 -9.8000002 0.60000002
14.9 -9.8000002 0.69999999
-15.1 -9.8000002 0.69999999
14.9 -9.8000002 0.80000001
-15.1 -9.8000002 0.80000001
14.9 -9.8000002 0.89999998
-15.1 -9.8000002 0.89999998
14.9 -9.6999998 0
-15.1 -9.6999998 0
14.9 -9.6999998 0.1
-15.1 -9.6999998 0.1
14.9 -9.6999998 0.2
-15.1 -9.6999998 0.2
14.9 -9.6999998 0.30000001
-15.1 -9.6999998 0.30000001
14.9 -9.6999998 0.40000001
-15.1 -9.6999998 0.40000001
14.9 -9.6999998 0.5
-15.1 -9.6999998 0.5
14.9 -9.6999998 0.60000002
-15.1 -9.6999998 0.60000002
14.9 -9.6999998 0.69999999
-15.1 -9.6999998 0.69999999
14.9 -9.6999998 0.80000001
-15.1 -9.6999998 0.80000001
14.9 -9.6999998 0.89999998
-15.1 -9.6999998 0.89999998
14.9 -9.6000004 0
-15.1 -9.6000004 0
14.9 -9.6000004 0.1
-15.1 -9.6000004 0.1
14.9 -9.6000004 0.2
-15.1 -9.6000004 0.2
14.9 -9.6000004 0.30000001
-15.1 -9.6000004 0.30000001
14.9 -9.6000004 0.40000001
-15.1 -9.6000004 0.40000001
14.9 -9.6000004 0.5
-15.1 -9.6000004 0.5
14.9 -9.6000004 0.60000002
-15.1 -9.6000004 0.60000002
14.9 -9.6000004 0.69999999
-15.1 -9.6000004 0.69999999
14.9 -9.6000004 0.80000001
-15.1 -9.6000004 0.80000001
14.9 -9.6000004 0.89999998
-15.1 -9.6000004 0.89999998
14.9 -9.5 0
-15.1 -9.5 0
14.9 -9.5 0.1
-15.1 -9.5 0.1
14.9 -9.5 0.2
-15.1 -9.5 0.2
14.9 -9.5 0.30000001
-15.1 -9.5 0.30000001
14.9 -9.5 0.40000001
-15.1 -9.5 0.40000001
14.9 -9.5 0.5
-15.1 -9.5 0.5
14.9 -9.5 0.60000002
-15.1 -9.5 0.60000002
14.9 -9.5 0.69999999
-15.1 -9.5 0.69999999
14.9 -9.5 0.80000001
-15.1 -9.5 0.80000001
14.9 -9.5 0.89999998
-15.1 -9.5 0.89999998
14.9 -9.4000006 0
-15.1 -9.4000006 0
14.9 -9.4000006 0.1
-15.1 -9.4000006 0.1
14.9 -9.4000006 0.2
-15.1 -9.4000006 0.2
14.9 -9.4000006 0.30000001
-15.1 -9.4000006 0.30000001
14.9 -9.4000006 0.40000001
-15.1 -9.4000006 0.40000001
14.9 -9.4000006 0.5
-15.1 -9.4000006 0.5
14.9 -9.4000006 0.60000002
-15.1 -9.4000006 0.60000002
14.9 -9.4000006 0.69999999
-15.1 -9.4000006 0.69999999
14.9 -9.4000006 0.80000001
-15.1 -9.4000006 0.80000001
14.9 -9.4000006 0.89999998
-15.1 -9.4000006 0.89999998
14.9 -9.3000002 0
-15.1 -9.3000002 0
14.9 -9.3000002 0.1
-15.1 -9.3000002 0.1
14.9 -9.3000002 0.2
-15.1 -9.3000002 0.2
14.9 -9.3000002 0.30000001
-15.1 -9.3000002 0.30000001
14.9 -9.3000002 0.40000001
-15.1 -9.3000002 0.40000001
14.9 -9.3000002 0.5
-15.1 -9.3000002 0.5
14.9 -9.3000002 0.60000002
-15.1 -9.3000002 0.60000002
14.9 -9.3000002 0.69999999
-15.1 -9.3000002 0.69999999
14.9 -9.3000002 0.80000001
-15.1 -9.3000002 0.80000001
14.9 -9.3000002 0.89999998
-15.1 -9.3000002 0.89999998
14.9 -9.1999998 0
-15.1 -9.1999998 0
14.9 -9.1999998 0.1
-15.1 -9.1999998 0.1
14.9 -9.1999998 0.2
-15.1 -9.1999998 0.2
14.9 -9.1999998 0.30000001
-15.1 -9.1999998 0.30000001
14.9 -9.1999998 0.40000001
-15.1 -9.1999998 0.40000001
14.9 -9.1999998 0.5
-15.1 -9.1999998 0.5
14.9 -9.1999998 0.60000002
-15.1 -9.1999998 0.60000002
14.9 -9.1999998 0.69999999
-15.1 -9.1999998 0.69999999
14.9 -9.1999998 0.80000001
-15.1 -9.1999998 0.80000001
14.9 -9.1999998 0.89999998
-15.1 -9.1999998 0.89999998
14.9 -9.1000004 0
-15.1 -9.1000004 0
14.9 -9.1000004 0.1
-15.1 -9.1000004 0.1
14.9 -9.1000004 0.2
-15.1 -9.1000004 0.2
14.9 -9.1000004 0.30000001
-15.1 -9.1000004 0.30000001
14.9 -9.1000004 0.40000001
-15.1 -9.1000004 0.40000001
14.9 -9.1000004 0.5
-15.1 -9.1000004 0.5
14.9 -9.1000004 0.60000002
-15.1 -9.1000004 0.60000002
14.9 -9.1000004 0.69999999
-15.1 -9.1000004 0.69999999
14.9 -9.1000004 0.80000001
-15.1 -9.1000004 0.80000001
14.9 -9.1000004 0.89999998
-15.1 -9.1000004 0.89999998
14.9 -9 0
-15.1 -9 0
14.9 -9 0.1
-15.1 -9 0.1
14.9 -9 0.2
-15.1 -9 0.2
14.9 -9 0.30000001
-15.1 -9 0.30000001
14.9 -9 0.40000001
-15.1 -9 0.40000001
14.9 -9 0.5
-15.1 -9 0.5
14.9 -9 0.60000002
-15.1 -9 0.60000002
14.9 -9 0.69999999
-15.1 -9 0.69999999
14.9 -9 0.80000001
-15.1 -9 0.80000001
14.9 -9 0.89999998
-15.1 -9 0.89999998
14.9 -8.9000006 0
-15.1 -8.9000006 0
14.9 -8.9000006 0.1
-15.1 -8.9000006 0.1
14.9 -8.9000006 0.2
-15.1 -8.9000006 0.2
14.9 -8.9000006 0.30000001
-15.1 -8.9000006 0.30000001
14.9 -8.9000006 0.40000001
-15.1 -8.9000006 0.40000001
14.9 -8.9000006 0.5
-15.1 -8.9000006 0.5
14.9 -8.9000006 0.60000002
-15.1 -8.9000006 0.60000002
14.9 -8.9000006 0.69999999
-15.1 -8.9000006 0.69999999
14.9 -8.9000006 0.80000001
-15.1 -8.9000006 0.80000001
14.9 -8.9000006 0.89999998
-15.1 -8.9000006 0.89999998
14.9 -8.8000002 0
-15.1 -8.8000002 0
14.9 -8.8000002 0.1
-15.1 -8.8000002 0.1
14.9 -8.8000002 0.2
-15.1 -8.8000002 0.2
14.9 -8.8000002 0.30000001
-15.1 -8.8000002 0.30000001
14.9 -8.8000002 0.40000001
-15.1 -8.8000002 0.40000001
14.9 -8.8000002 0.5
-15.1 -8.8000002 0.5
14.9 -8.8000002 0.60000002
-15.1 -8.8000002 0.60000002
14.9 -8.8000002 0.69999999
-15.1 -8.8000002 0.69999999
14.9 -8.8000002 0.80000001
-15.1 -8.8000002 0.80000001
14.9 -8.8000002 0.89999998
-15.1 -8.8000002 0.89999998
14.9 -8.6999998 0
-15.1 -8.6999998 0
14.9 -8.6999998 0.1
-15.1 -8.6999998 0.1
14.9 -8.6999998 0.2
-15.1 -8.6999998 0.2
14.9 -8.6999998 0.30000001
-15.1 -8.6999998 0.30000001
14.9 -8.6999998 0.40000001
-15.1 -8.6999998 0.40000001
14.9 -8.6999998 0.5
-15.1 -8.6999998 0.5
14.9 -8.6999998 0.60000002
-15.1 -8.6999998 0.60000002
14.9 -8.6999998 0.69999999
-15.1 -8.6999998 0.69999999
14.9 -8.6999998 0.80000001
-15.1 -8.6999998 0.80000001
14.9 -8.6999998 0.89999998
-15.1 -8.6999998 0.89999998
14.9 -8.6000004 0
-15.1 -8.6000004 0
14.9 -8.6000004 0.1
-15.1 -8.6000004 0.1
14.9 -8.6000004 0.2
-15.1 -8.6000004 0.2
14.9 -8.6000004 0.30000001
-15.1 -8.6000004 0.30000001
14.9 -8.6000004 0.40000001
-15.1 -8.6000004 0.40000001
14.9 -8.6000004 0.5
-15.1 -8.6000004 0.5
14.9 -8.6000004 0.60000002
-15.1 -8.6000004 0.60000002
14.9 -8.6000004 0.69999999
-15.1 -8.6000004 0.69999999
14.9 -8.6000004 0.80000001
-15.1 -8.6000004 0.80000001
14.9 -8.6000004 0.89999998
-15.1 -8.6000004 0.89999998
14.9 -8.5 0
-15.1 -8.5 0
14.9 -8.5 0.1
-15.1 -8.5 0.1
14.9 -8.5 0.2
-15.1 -8.5 0.2
14.9 -8.5 0.30000001
-15.1 -8.5 0.30000001
14.9 -8.5 0.40000001
-15.1 -8.5 0.40000001
14.9 -8.5 0.5
-15.1 -8.5 0.5
14.9 -8.5 0.60000002
-15.1 -8.5 0.60000002
14.9 -8.5 0.69999999
-15.1 -8.5 0.69999999
14.9 -8.5 0.80000001
-15.1 -8.5 0.80000001
14.9 -8.5 0.89999998
-15.1 -8.5 0.89999998
14.9 -8.4000006 0
-15.1 -8.4000006 0
14.9 -8.4000006 0.1
-15.1 -8.4000006 0.1
14.9 -8.4000006 0.2
-15.1 -8.4000006 0.2
14.9 -8.4000006 0.30000001
-15.1 -8.4000006 0.30000001
14.9 -8.4000006 0.40000001
-15.1 -8.4000006 0.40000001
14.9 -8.4000006 0.5
-15.1 -8.4000006 0.5
14.9 -8.4000006 0.60000002
-15.1 -8.4000006 0.60000002
14.9 -8.4000006 0.69999999
-15.1 -8.4000006 0.69999999
14.9 -8.4000006 0.80000001
-15.1 -8.4000006 0.80000001
14.9 -8.4000006 0.89999998
-15.1 -8.4000006 0.89999998
14.9 -8.3000002 0
-15.1 -8.3000002 0
14.9 -8.3000002 0.1
-15.1 -8.3000002 0.1
14.9 -8.3000002 0.2
-15.1 -8.3000002 0.2
14.9 -8.3000002 0.30000001
-15.1 -8.3000002 0.30000001
14.9 -8.3000002 0.40000001
-15.1 -8.3000002 0.40000001
14.9 -8.3000002 0.5
-15.1 -8.3000002 0.5
14.9 -8.3000002 0.60000002
-15.1 -8.3000002 0.60000002
14.9 -8.3000002 0.69999999
-15.1 -8.3000002 0.69999999
14.9 -8.3000002 0.80000001
-15.1 -8.3000002 0.80000001
14.9 -8.3000002 0.89999998
-15.1 -8.3000002 0.89999998
14.9 -8.1999998 0
-15.1 -8.1999998 0
14.9 -8.1999998 0.1
-15.1 -8.1999998 0.1
14.9 -8.1999998 0.2
-15.1 -8.1999998 0.2
14.9 -8.1999998 0.30000001
-15.1 -8.1999998 0.30000001
14.9 -8.1999998 0.40000001
-15.1 -8.1999998 0.40000001
14.9 -8.1999998 0.5
-15.1 -8.1999998 0.5
14.9 -8.1999998 0.60000002
-15.1 -8.1999998 0.60000002
14.9 -8.1999998 0.69999999
-15.1 -8.1999998 0.69999999
14.9 -8.1999998 0.80000001
-15.1 -8.1999998 0.80000001
14.9 -8.1999998 0.89999998
-15.1 -8.1999998 0.89999998
14.9 -8.1000004 0
-15.1 -8.1000004 0
14.9 -8.1000004 0.1
-15.1 -8.1000004 0.1
14.9 -8.1000004 0.2
-15.1 -8.1000004 0.2
14.9 -8.1000004 0.30000001
-15.1 -8.1000004 0.30000001
14.9 -8.1000004 0.40000001
-15.1 -8.1000004 0.40000001
14.9 -8.1000004 0.5
-15.1 -8.1000004 0.5
14.9 -8.1000004 0.60000002
-15.1 -8.1000004 0.60000002
14.9 -8.1000004 0.69999999
-15.1 -8.1000004 0.69999999
14.9 -8.1000004 0.80000001
-15.1 -8.1000004 0.80000001
14.9 -8.1000004 0.89999998
-15.1 -8.1000004 0.89999998
14.9 -8 0
-15.1 -8 0
14.9 -8 0.1
-15.1 -8 0.1
14.9 -8 0.2
-15.1 -8 0.2
14.9 -8 0.30000001
-15.1 -8 0.30000001
14.9 -8 0.40000001
-15.1 -8 0.40000001
14.9 -8 0.5
-15.1 -8 0.5
14.9 -8 0.60000002
-15.1 -8 0.60000002
14.9 -8 0.69999999
-15.1 -8 0.69999999
14.9 -8 0.80000001
-15.1 -8 0.80000001
14.9 -8 0.89999998
-15.1 -8 0.89999998
14.9 -7.9000001 0
-15.1 -7.9000001 0
14.9 -7.9000001 0.1
-15.1 -7.9000001 0.1
14.9 -7.9000001 0.2
-15.1 -7.9000001 0.2
14.9 -7.9000001 0.30000001
-15.1 -7.9000001 0.30000001
14.9 -7.9000001 0.40000001
-15.1 -7.9000001 0.40000001
14.9 -7.9000001 0.5
-15.1 -7.9000001 0.5
14.9 -7.9000001 0.60000002
-15.1 -7.9000001 0.60000002
14.9 -7.9000001 0.69999999
-15.1 -7.9000001 0.69999999
14.9 -7.9000001 0.80000001
-15.1 -7.9000001 0.80000001
14.9 -7.9000001 0.89999998
-15.1 -7.9000001 0.89999998
14.9 -7.7999997 0
-15.1 -7.7999997 0
14.9 -7.7999997 0.1
-15.1 -7.7999997 0.1
14.9 -7.7999997 0.2
-15.1 -7.7999997 0.2
14.9 -7.7999997 0.30000001
-15.1 -7.7999997 0.30000001
14.9 -7.7999997 0.40000001
-15.1 -7.7999997 0.40000001
14.9 -7.7999997 0.5
-15.1 -7.7999997 0.5
14.9 -7.7999997 0.60000002
-15.1 -7.7999997 0.60000002
14.9 -7.7999997 0.69999999
-15.1 -7.7999997 0.69999999
14.9 -7.7999997 0.80000001
-15.1 -7.7999997 0.80000001
14.9 -7.7999997 0.89999998
-15.1 -7.7999997 0.89999998
14.9 -7.6999998 0
-15.1 -7.6999998 0
14.9 -7.6999998 0.1
-15.1 -7.6999998 0.1
14.9 -7.6999998 0.2
-15.1 -7.6999998 0.2
14.9 -7.6999998 0.30000001
-15.1 -7.6999998 0.30000001
14.9 -7.6999998 0.40000001
-15.1 -7.6999998 0.40000001
14.9 -7.6999998 0.5
-15.1 -7.6999998 0.5
14.9 -7.6999998 0.60000002
-15.1 -7.6999998 0.60000002
14.9 -7.6999998 0.69999999
-15.1 -7.6999998 0.69999999
14.9 -7.6999998 0.80000001
-15.1 -7.6999998 0.80000001
14.9 -7.6999998 0.89999998
-15.1 -7.6999998 0.89999998
14.9 -7.5999999 0
-15.1 -7.5999999 0
14.9 -7.5999999 0.1
-15.1 -7.5999999 0.1
14.9 -7.5999999 0.2
-15.1 -7.5999999 0.2
14.9 -7.5999999 0.30000001
-15.1 -7.5999999 0.30000001
14.9 -7.5999999 0.40000001
-15.1 -7.5999999 0.40000001
14.9 -7.5999999 0.5
-15.1 -7.5999999 0.5
14.9 -7.5999999 0.60000002
-15.1 -7.5999999 0.60000002
14.9 -7.5999999 0.69999999
-15.1 -7.5999999 0.69999999
14.9 -7.5999999 0.80000001
-15.1 -7.5999999 0.80000001
14.9 -7.5999999 0.89999998
-15.1 -7.5999999 0.89999998
14.9 -7.5 0
-15.1 -7.5 0
14.9 -7.5 0.1
-15.1 -7.5 0.1
14.9 -7.5 0.2
-15.1 -7.5 0.2
14.9 -7.5 0.30000001
-15.1 -7.5 0.30000001
14.9 -7.5 0.40000001
-15.1 -7.5 0.40000001
14.9 -7.5 0.5
-15.1 -7.5 0.5
14.9 -7.5 0.60000002
-15.1 -7.5 0.60000002
14.9 -7.5 0.69999999
-15.1 -7.5 0.69999999
14.9 -7.5 0.80000001
-15.1 -7.5 0.80000001
14.9 -7.5 0.89999998
-15.1 -7.5 0.89999998
14.9 -7.4000001 0
-15.1 -7.4000001 0
14.9 -7.4000001 0.1
-15.1 -7.4000001 0.1
14.9 -7.4000001 0.2
-15.1 -7.4000001 0.2
14.9 -7.4000001 0.30000001
-15.1 -7.4000001 0.30000001
14.9 -7.4000001 0.40000001
-15.1 -7.4000001 0.40000001
14.9 -7.4000001 0.5
-15.1 -7.4000001 0.5
14.9 -7.4000001 0.60000002
-15.1 -7.4000001 0.60000002
14.9 -7.4000001 0.69999999
-15.1 -7.4000001 0.69999999
14.9 -7.4000001 0.80000001
-15.1 -7.4000001 0.80000001
14.9 -7.4000001 0.89999998
-15.1 -7.4000001 0.89999998
14.9 -7.2999997 0
-15.1 -7.2999997 0
14.9 -7.2999997 0.1
-15.1 -7.2999997 0.1
14.9 -7.2999997 0.2
-15.1 -7.2999997 0.2
14.9 -7.2999997 0.30000001
-15.1 -7.2999997 0.30000001
14.9 -7.2999997 0.40000001
-15.1 -7.2999997 0.40000001
14.9 -7.2999997 0.5
-15.1 -7.2999997 0.5
14.9 -7.2999997 0.60000002
-15.1 -7.2999997 0.60000002
14.9 -7.2999997 0.69999999
-15.1 -7.2999997 0.69999999
14.9 -7.2999997 0.80000001
-15.1 -7.2999997 0.80000001
14.9 -7.2999997 0.89999998
-15.1 -7.2999997 0.89999998
14.9 -7.1999998 0
-15.1 -7.1999998 0
14.9 -7.1999998 0.1
-15.1 -7.1999998 0.1
14.9 -7.1999998 0.2
-15.1 -7.1999998 0.2
14.9 -7.1999998 0.30000001
-15.1 -7.1999998 0.30000001
14.9 -7.1999998 0.40000001
-15.1 -7.1999998 0.40000001
14.9 -7.1999998 0.5
-15.1 -7.1999998 0.5
14.9 -7.1999998 0.60000002
-15.1 -7.1999998 0.60000002
14.9 -7.1999998 0.69999999
-15.1 -7.1999998 0.69999999
14.9 -7.1999998 0.80000001
-15.1 -7.1999998 0.80000001
14.9 -7.1999998 0.89999998
-15.1 -7.1999998 0.89999998
14.9 -7.0999999 0
-15.1 -7.0999999 0
14.9 -7.0999999 0.1
-15.1 -7.0999999 0.1
14.9 -7.0999999 0.2
-15.1 -7.0999999 0.2
14.9 -7.0999999 0.30000001
-15.1 -7.0999999 0.30000001
14.9 -7.0999999 0.40000001
-15.1 -7.0999999 0.40000001
14.9 -7.0999999 0.5
-15.1 -7.0999999 0.5
14.9 -7.0999999 0.60000002
-15.1 -7.0999999 0.60000002
14.9 -7.0999999 0.69999999
-15.1 -7.0999999 0.69999999
14.9 -7.0999999 0.80000001
-15.1 -7.0999999 0.80000001
14.9 -7.0999999 0.89999998
-15.1 -7.0999999 0.89999998
14.9 -6.9999995 0
-15.1 -6.9999995 0
14.9 -6.9999995 0.1
-15.1 -6.9999995 0.1
14.9 -6.9999995 0.2
-15.1 -6.9999995 0.2
14.9 -6.9999995 0.30000001
-15.1 -6.9999995 0.30000001
14.9 -6.9999995 0.40000001
-15.1 -6.9999995 0.40000001
14.9 -6.9999995 0.5
-15.1 -6.9999995 0.5
14.9 -6.9999995 0.60000002
-15.1 -6.9999995 0.60000002
14.9 -6.9999995 0.69999999
-15.1 -6.9999995 0.69999999
14.9 -6.9999995 0.80000001
-15.1 -6.9999995 0.80000001
14.9 -6.9999995 0.89999998
-15.1 -6.9999995 0.89999998
14.9 -6.9000001 0
-15.1 -6.9000001 0
14.9 -6.9000001 0.1
-15.1 -6.9000001 0.1
14.9 -6.9000001 0.2
-15.1 -6.9000001 0.2
14.9 -6.9000001 0.30000001
-15.1 -6.9000001 0.30000001
14.9 -6.9000001 0.40000001
-15.1 -6.9000001 0.40000001
14.9 -6.9000001 0.5
-15.1 -6.9000001 0.5
14.9 -6.9000001 0.60000002
-15.1 -6.9000001 0.60000002
14.9 -6.9000001 0.69999999
-15.1 -6.9000001 0.69999999
14.9 -6.9000001 0.80000001
-15.1 -6.9000001 0.80000001
14.9 -6.9000001 0.89999998
-15.1 -6.9000001 0.89999998
14.9 -6.7999997 0
-15.1 -6.7999997 0
14.9 -6.7999997 0.1
-15.1 -6.7999997 0.1
14.9 -6.7999997 0.2
-15.1 -6.7999997 0.2
14.9 -6.7999997 0.30000001
-15.1 -6.7999997 0.30000001
14.9 -6.7999997 0.40000001
-15.1 -6.7999997 0.40000001
14.9 -6.7999997 0.5
-15.1 -6.7999997 0.5
14.9 -6.7999997 0.60000002
-15.1 -6.7999997 0.60000002
14.9 -6.7999997 0.69999999
-15.1 -6.7999997 0.69999999
14.9 -6.7999997 0.80000001
-15.1 -6.7999997 0.80000001
14.9 -6.7999997 0.89999998
-15.1 -6.7999997 0.89999998
14.9 -6.7000003 0
-15.1 -6.7000003 0
14.9 -6.7000003 0.1
-15.1 -6.7000003 0.1
14.9 -6.7000003 0.2
-15.1 -6.7000003 0.2
14.9 -6.7000003 0.30000001
-15.1 -6.7000003 0.30000001
14.9 -6.7000003 0.40000001
-15.1 -6.7000003 0.40000001
14.9 -6.7000003 0.5
-15.1 -6.7000003 0.5
14.9 -6.7000003 0.60000002
-15.1 -6.7000003 0.60000002
14.9 -6.7000003 0.69999999
-15.1 -6.7000003 0.69999999
14.9 -6.7000003 0.80000001
-15.1 -6.7000003 0.80000001
14.9 -6.7000003 0.89999998
-15.1 -6.7000003 0.89999998
14.9 -6.5999999 0
-15.1 -6.5999999 0
14.9 -6.5999999 0.1
-15.1 -6.5999999 0.1
14.9 -6.5999999 0.2
-15.1 -6.5999999 0.2
14.9 -6.5999999 0.30000001
-15.1 -6.5999999 0.30000001
14.9 -6.5999999 0.40000001
-15.1 -6.5999999 0.40000001
14.9 -6.5999999 0.5
-15.1 -6.5999999 0.5
14.9 -6.5999999 0.60000002
-15.1 -6.5999999 0.60000002
14.9 -6.5999999 0.69999999
-15.1 -6.5999999 0.69999999
14.9 -6.5999999 0.80000001
-15.1 -6.5999999 0.80000001
14.9 -6.5999999 0.89999998
-15.1 -6.5999999 0.89999998
14.9 -6.4999995 0
-15.1 -6.4999995 0
14.9 -6.4999995 0.1
-15.1 -6.4999995 0.1
14.9 -6.4999995 0.2
-15.1 -6.4999995 0.2
14.9 -6.4999995 0.30000001
-15.1 -6.4999995 0.30000001
14.9 -6.4999995 0.40000001
-15.1 -6.4999995 0.40000001
14.9 -6.4999995 0.5
-15.1 -6.4999995 0.5
14.9 -6.4999995 0.60000002
-15.1 -6.4999995 0.60000002
14.9 -6.4999995 0.69999999
-15.1 -6.4999995 0.69999999
14.9 -6.4999995 0.80000001
-15.1 -6.4999995 0.80000001
14.9 -6.4999995 0.89999998
-15.1 -6.4999995 0.89999998
14.9 -6.4000001 0
-15.1 -6.4000001 0
14.9 -6.4000001 0.1
-15.1 -6.4000001 0.1
14.9 -6.4000001 0.2
-15.1 -6.4000001 0.2
14.9 -6.4000001 0.30000001
-15.1 -6.4000001 0.30000001
14.9 -6.4000001 0.40000001
-15.1 -6.4000001 0.40000001
14.9 -6.4000001 0.5
-15.1 -6.4000001 0.5
14.9 -6.4000001 0.60000002
-15.1 -6.4000001 0.60000002
14.9 -6.4000001 0.69999999
-15.1 -6.4000001 0.69999999
14.9 -6.4000001 0.80000001
-15.1 -6.4000001 0.80000001
14.9 -6.4000001 0.89999998
-15.1 -6.4000001 0.89999998
14.9 -6.2999997 0
-15.1 -6.2999997 0
14.9 -6.2999997 0.1
-15.1 -6.2999997 0.1
14.9 -6.2999997 0.2
-15.1 -6.2999997 0.2
14.9 -6.2999997 0.30000001
-15.1 -6.2999997 0.30000001
14.9 -6.2999997 0.40000001
-15.1 -6.2999997 0.40000001
14.9 -6.2999997 0.5
-15.1 -6.2999997 0.5
14.9 -6.2999997 0.60000002
-15.1 -6.2999997 0.60000002
14.9 -6.2999997 0.69999999
-15.1 -6.2999997 0.69999999
14.9 -6.2999997 0.80000001
-15.1 -6.2999997 0.80000001
14.9 -6.2999997 0.89999998
-15.1 -6.2999997 0.89999998
14.9 -6.2000003 0
-15.1 -6.2000003 0
14.9 -6.2000003 0.1
-15.1 -6.2000003 0.1
14.9 -6.2000003 0.2
-15.1 -6.2000003 0.2
14.9 -6.2000003 0.30000001
-15.1 -6.2000003 0.30000001
14.9 -6.2000003 0.40000001
-15.1 -6.2000003 0.40000001
14.9 -6.2000003 0.5
-15.1 -6.2000003 0.5
14.9 -6.2000003 0.60000002
-15.1 -6.2000003 0.60000002
14.9 -6.2000003 0.69999999
-15.1 -6.2000003 0.69999999
14.9 -6.2000003 0.80000001
-15.1 -6.2000003 0.80000001
14.9 -6.2000003 0.89999998
-15.1 -6.2000003 0.89999998
14.9 -6.0999999 0
-15.1 -6.0999999 0
14.9 -6.0999999 0.1
-15.1 -6.0999999 0.1
14.9 -6.0999999 0.2
-15.1 -6.0999999 0.2
14.9 -6.0999999 0.30000001
-15.1 -6.0999999 0.30000001
14.9 -6.0999999 0.40000001
-15.1 -6.0999999 0.40000001
14.9 -6.0999999 0.5
-15.1 -6.0999999 0.5
14.9 -6.0999999 0.60000002
-15.1 -6.0999999 0.60000002
14.9 -6.0999999 0.69999999
-15.1 -6.0999999 0.69999999
14.9 -6.0999999 0.80000001
-15.1 -6.0999999 0.80000001
14.9 -6.0999999 0.89999998
-15.1 -6.0999999 0.89999998
14.9 -5.9999995 0
-15.1 -5.9999995 0
14.9 -5.9999995 0.1
-15.1 -5.9999995 0.1
14.9 -5.9999995 0.2
-15.1 -5.9999995 0.2
14.9 -5.9999995 0.30000001
-15.1 -5.9999995 0.30000001
14.9 -5.9999995 0.40000001
-15.1 -5.9999995 0.40000001
14.9 -5.9999995 0.5
-15.1 -5.9999995 0.5
14.9 -5.9999995 0.60000002
-15.1 -5.9999995 0.60000002
14.9 -5.9999995 0.69999999
-15.1 -5.9999995 0.69999999
14.9 -5.9999995 0.80000001
-15.1 -5.9999995 0.80000001
14.9 -5.9999995 0.89999998
-15.1 -5.9999995 0.89999998
14.9 -5.9000001 0
-15.1 -5.9000001 0
14.9 -5.9000001 0.1
-15.1 -5.9000001 0.1
14.9 -5.9000001 0.2
-15.1 -5.9000001 0.2
14.9 -5.9000001 0.30000001
-15.1 -5.9000001 0.30000001
14.9 -5.9000001 0.40000001
-15.1 -5.9000001 0.40000001
14.9 -5.9000001 0.5
-15.1 -5.9000001 0.5
14.9 -5.9000001 0.60000002
-15.1 -5.9000001 0.60000002
14.9 -5.9000001 0.69999999
-15.1 -5.9000001 0.69999999
14.9 -5.9000001 0.80000001
-15.1 -5.9000001 0.80000001
14.9 -5.9000001 0.89999998
-15.1 -5.9000001 0.89999998
14.9 -5.7999997 0
-15.1 -5.7999997 0
14.9 -5.7999997 0.1
-15.1 -5.7999997 0.1
14.9 -5.7999997 0.2
-15.1 -5.7999997 0.2
14.9 -5.7999997 0.30000001
-15.1 -5.7999997 0.30000001
14.9 -5.7999997 0.40000001
-15.1 -5.7999997 0.40000001
14.9 -5.7999997 0.5
-15.1 -5.7999997 0.5
14.9 -5.7999997 0.60000002
-15.1 -5.7999997 0.60000002
14.9 -5.7999997 0.69999999
-15.1 -5.7999997 0.69999999
14.9 -5.7999997 0.80000001
-15.1 -5.7999997 0.80000001
14.9 -5.7999997 0.89999998
-15.1 -5.7999997 0.89999998
14.9 -5.7000003 0
-15.1 -5.7000003 0
14.9 -5.7000003 0.1
-15.1 -5.7000003 0.1
14.9 -5.7000003 0.2
-15.1 -5.7000003 0.2
14.9 -5.7000003 0.30000001
-15.1 -5.7000003 0.30000001
14.9 -5.7000003 0.40000001
-15.1 -5.7000003 0.40000001
14.9 -5.7000003 0.5
-15.1 -5.7000003 0.5
14.9 -5.7000003 0.60000002
-15.1 -5.7000003 0.60000002
14.9 -5.7000003 0.69999999
-15.1 -5.7000003 0.69999999
14.9 -5.7000003 0.80000001
-15.1 -5.7000003 0.80000001
14.9 -5.7000003 0.89999998
-15.1 -5.7000003 0.89999998
14.9 -5.5999999 0
-15.1 -5.5999999 0
14.9 -5.5999999 0.1
-15.1 -5.5999999 0.1
14.9 -5.5999999 0.2
-15.1 -5.5999999 0.2
14.9 -5.5999999 0.30000001
-15.1 -5.5999999 0.30000001
14.9 -5.5999999 0.40000001
-15.1 -5.5999999 0.40000001
14.9 -5.5999999 0.5
-15.1 -5.5999999 0.5
14.9 -5.5999999 0.60000002
-15.1 -5.5999999 0.60000002
14.9 -5.5999999 0.69999999
-15.1 -5.5999999 0.69999999
14.9 -5.5999999 0.80000001
-15.1 -5.5999999 0.80000001
14.9 -5.5999999 0.89999998
-15.1 -5.5999999 0.89999998
14.9 -5.4999995 0
-15.1 -5.4999995 0
14.9 -5.4999995 0.1
-15.1 -5.4999995 0.1
14.9 -5.4999995 0.2
-15.1 -5.4999995 0.2
14.9 -5.4999995 0.30000001
-15.1 -5.4999995 0.30000001
14.9 -5.4999995 0.40000001
-15.1 -5.4999995 0.40000001
14.9 -5.4999995 0.5
-15.1 -5.4999995 0.5
14.9 -5.4999995 0.60000002
-15.1 -5.4999995 0.60000002
14.9 -5.4999995 0.69999999
-15.1 -5.4999995 0.69999999
14.9 -5.4999995 0.80000001
-15.1 -5.4999995 0.80000001
14.9 -5.4999995 0.89999998
-15.1 -5.4999995 0.89999998
14.9 -5.4000001 0
-15.1 -5.4000001 0
14.9 -5.4000001 0.1
-15.1 -5.4000001 0.1
14.9 -5.4000001 0.2
-15.1 -5.4000001 0.2
14.9 -5.4000001 0.30000001
-15.1 -5.4000001 0.30000001
14.9 -5.4000001 0.40000001
-15.1 -5.4000001 0.40000001
14.9 -5.4000001 0.5
-15.1 -5.4000001 0.5
14.9 -5.4000001 0.60000002
-15.1 -5.4000001 0.60000002
14.9 -5.4000001 0.69999999
-15.1 -5.4000001 0.69999999
14.9 -5.4000001 0.80000001
-15.1 -5.4000001 0.80000001
14.9 -5.4000001 0.89999998
-15.1 -5.4000001 0.89999998
14.9 -5.2999997 0
-15.1 -5.2999997 0
14.9 -5.2999997 0.1
-15.1 -5.2999997 0.1
14.9 -5.2999997 0.2
-15.1 -5.2999997 0.2
14.9 -5.2999997 0.30000001
-15.1 -5.2999997 0.30000001
14.9 -5.2999997 0.40000001
-15.1 -5.2999997 0.40000001
14.9 -5.2999997 0.5
-15.1 -5.2999997 0.5
14.9 -5.2999997 0.60000002
-15.1 -5.2999997 0.60000002
14.9 -5.2999997 0.69999999
-15.1 -5.2999997 0.69999999
14.9 -5.2999997 0.80000001
-15.1 -5.2999997 0.80000001
14.9 -5.2999997 0.89999998
-15.1 -5.2999997 0.89999998
14.9 -5.2000003 0
-15.1 -5.2000003 0
14.9 -5.2000003 0.1
-15.1 -5.2000003 0.1
14.9 -5.2000003 0.2
-15.1 -5.2000003 0.2
14.9 -5.2000003 0.30000001
-15.1 -5.2000003 0.30000001
14.9 -5.2000003 0.40000001
-15.1 -5.2000003 0.40000001
14.9 -5.2000003 0.5
-15.1 -5.2000003 0.5
14.9 -5.2000003 0.60000002
-15.1 -5.2000003 0.60000002
14.9 -5.2000003 0.69999999
-15.1 -5.2000003 0.69999999
14.9 -5.2000003 0.80000001
-15.1 -5.2000003 0.80000001
14.9 -5.2000003 0.89999998
-15.1 -5.2000003 0.89999998
14.9 -5.0999999 0
-15.1 -5.0999999 0
14.9 -5.0999999 0.1
-15.1 -5.0999999 0.1
14.9 -5.0999999 0.2
-15.1 -5.0999999 0.2
14.9 -5.0999999 0.30000001
-15.1 -5.0999999 0.30000001
14.9 -5.0999999 0.40000001
-15.1 -5.0999999 0.40000001
14.9 -5.0999999 0.5
-15.1 -5.0999999 0.5
14.9 -5.0999999 0.60000002
-15.1 -5.0999999 0.60000002
14.9 -5.0999999 0.69999999
-15.1 -5.0999999 0.69999999
14.9 -5.0999999 0.80000001
-15.1 -5.0999999 0.80000001
14.9 -5.0999999 0.89999998
-15.1 -5.0999999 0.89999998
14.9 -4.9999995 0
-15.1 -4.9999995 0
14.9 -4.9999995 0.1
-15.1 -4.9999995 0.1
14.9 -4.9999995 0.2
-15.1 -4.9999995 0.2
14.9 -4.9999995 0.30000001
-15.1 -4.9999995 0.30000001
14.9 -4.9999995 0.40000001
-15.1 -4.9999995 0.40000001
14.9 -4.9999995 0.5
-15.1 -4.9999995 0.5
14.9 -4.9999995 0.60000002
-15.1 -4.9999995 0.60000002
14.9 -4.9999995 0.69999999
-15.1 -4.9999995 0.69999999
14.9 -4.9999995 0.80000001
-15.1 -4.9999995 0.80000001
14.9 -4.9999995 0.89999998
-15.1 -4.9999995 0.89999998
14.9 -4.9000001 0
-15.1 -4.9000001 0
14.9 -4.9000001 0.1
-15.1 -4.9000001 0.1
14.9 -4.9000001 0.2
-15.1 -4.9000001 0.2
14.9 -4.9000001 0.30000001
-15.1 -4.9000001 0.30000001
14.9 -4.9000001 0.40000001
-15.1 -4.9000001 0.40000001
14.9 -4.9000001 0.5
-15.1 -4.9000001 0.5
14.9 -4.9000001 0.60000002
-15.1 -4.9000001 0.60000002
14.9 -4.9000001 0.69999999
-15.1 -4.9000001 0.69999999
14.9 -4.9000001 0.80000001
-15.1 -4.9000001 0.80000001
14.9 -4.9000001 0.89999998
-15.1 -4.9000001 0.89999998
14.9 -4.7999997 0
-15.1 -4.7999997 0
14.9 -4.7999997 0.1
-15.1 -4.7999997 0.1
14.9 -4.7999997 0.2
-15.1 -4.7999997 0.2
14.9 -4.7999997 0.30000001
-15.1 -4.7999997 0.30000001
14.9 -4.7999997 0.40000001
-15.1 -4.7999997 0.40000001
14.9 -4.7999997 0.5
-15.1 -4.7999997 0.5
14.9 -4.7999997 0.60000002
-15.1 -4.7999997 0.60000002
14.9 -4.7999997 0.69999999
-15.1 -4.7999997 0.69999999
14.9 -4.7999997 0.80000001
-15.1 -4.7999997 0.80000001
14.9 -4.7999997 0.89999998
-15.1 -4.7999997 0.89999998
14.9 -4.7000003 0
-15.1 -4.7000003 0
14.9 -4.7000003 0.1
-15.1 -4.7000003 0.1
14.9 -4.7000003 0.2
-15.1 -4.7000003 0.2
14.9 -4.7000003 0.30000001
-15.1 -4.7000003 0.30000001
14.9 -4.7000003 0.40000001
-15.1 -4.7000003 0.40000001
14.9 -4.7000003 0.5
-15.1 -4.7000003 0.5
14.9 -4.7000003 0.60000002
-15.1 -4.7000003 0.60000002
14.9 -4.7000003 0.69999999
-15.1 -4.7000003 0.69999999
14.9 -4.7000003 0.80000001
-15.1 -4.7000003 0.80000001
14.9 -4.7000003 0.89999998
-15.1 -4.7000003 0.89999998
14.9 -4.5999999 0
-15.1 -4.5999999 0
14.9 -4.5999999 0.1
-15.1 -4.5999999 0.1
14.9 -4.5999999 0.2
-15.1 -4.5999999 0.2
14.9 -4.5999999 0.30000001
-15.1 -4.5999999 0.30000001
14.9 -4.5999999 0.40000001
-15.1 -4.5999999 0.40000001
14.9 -4.5999999 0.5
-15.1 -4.5999999 0.5
14.9 -4.5999999 0.60000002
-15.1 -4.5999999 0.60000002
14.9 -4.5999999 0.69999999
-15.1 -4.5999999 0.69999999
14.9 -4.5999999 0.80000001
-15.1 -4.5999999 0.80000001
14.9 -4.5999999 0.89999998
-15.1 -4.5999999 0.89999998
14.9 -4.4999995 0
-15.1 -4.4999995 0
14.9 -4.4999995 0.1
-15.1 -4.4999995 0.1
14.9 -4.4999995 0.2
-15.1 -4.4999995 0.2
14.9 -4.4999995 0.30000001
-15.1 -4.4999995 0.30000001
14.9 -4.4999995 0.40000001
-15.1 -4.4999995 0.40000001
14.9 -4.4999995 0.5
-15.1 -4.4999995 0.5
14.9 -4.4999995 0.60000002
-15.1 -4.4999995 0.60000002
14.9 -4.4999995 0.69999999
-15.1 -4.4999995 0.69999999
14.9 -4.4999995 0.80000001
-15.1 -4.4999995 0.80000001
14.9 -4.4999995 0.89999998
-15.1 -4.4999995 0.89999998
14.9 -4.4000001 0
-15.1 -4.4000001 0
14.9 -4.4000001 0.1
-15.1 -4.4000001 0.1
14.9 -4.4000001 0.2
-15.1 -4.4000001 0.2
14.9 -4.4000001 0.30000001
-15.1 -4.4000001 0.30000001
14.9 -4.4000001 0.40000001
-15.1 -4.4000001 0.40000001
14.9 -4.4000001 0.5
-15.1 -4.4000001 0.5
14.9 -4.4000001 0.60000002
-15.1 -4.4000001 0.60000002
14.9 -4.4000001 0.69999999
-15.1 -4.4000001 0.69999999
14.9 -4.4000001 0.80000001
-15.1 -4.4000001 0.80000001
14.9 -4.4000001 0.89999998
-15.1 -4.4000001 0.89999998
14.9 -4.2999997 0
-15.1 -4.2999997 0
14.9 -4.2999997 0.1
-15.1 -4.2999997 0.1
14.9 -4.2999997 0.2
-15.1 -4.2999997 0.2
14.9 -4.2999997 0.30000001
-15.1 -4.2999997 0.30000001
14.9 -4.2999997 0.40000001
-15.1 -4.2999997 0.40000001
14.9 -4.2999997 0.5
-15.1 -4.2999997 0.5
14.9 -4.2999997 0.60000002
-15.1 -4.2999997 0.60000002
14.9 -4.2999997 0.69999999
-15.1 -4.2999997 0.69999999
14.9 -4.2999997 0.80000001
-15.1 -4.2999997 0.80000001
14.9 -4.2999997 0.89999998
-15.1 -4.2999997 0.89999998
14.9 -4.2000003 0
-15.1 -4.2000003 0
14.9 -4.2000003 0.1
-15.1 -4.2000003 0.1
14.9 -4.2000003 0.2
-15.1 -4.2000003 0.2
14.9 -4.2000003 0.30000001
-15.1 -4.2000003 0.30000001
14.9 -4.2000003 0.40000001
-15.1 -4.2000003 0.40000001
14.9 -4.2000003 0.5
-15.1 -4.2000003 0.5
14.9 -4.2000003 0.60000002
-15.1 -4.2000003 0.60000002
14.9 -4.2000003 0.69999999
-15.1 -4.2000003 0.69999999
14.9 -4.2000003 0.80000001
-15.1 -4.2000003 0.80000001
14.9 -4.2000003 0.89999998
-15.1 -4.2000003 0.89999998
14.9 -4.0999999 0
-15.1 -4.0999999 0
14.9 -4.0999999 0.1
-15.1 -4.0999999 0.1
14.9 -4.0999999 0.2
-15.1 -4.0999999 0.2
14.9 -4.0999999 0.30000001
-15.1 -4.0999999 0.30000001
14.9 -4.0999999 0.40000001
-15.1 -4.0999999 0.40000001
14.9 -4.0999999 0.5
-15.1 -4.0999999 0.5
14.9 -4.0999999 0.60000002
-15.1 -4.0999999 0.60000002
14.9 -4.0999999 0.69999999
-15.1 -4.0999999 0.69999999
14.9 -4.0999999 0.80000001
-15.1 -4.0999999 0.80000001
14.9 -4.0999999 0.89999998
-15.1 -4.0999999 0.89999998
14.9 -3.9999995 0
-15.1 -3.9999995 0
14.9 -3.9999995 0.1
-15.1 -3.9999995 0.1
14.9 -3.9999995 0.2
-15.1 -3.9999995 0.2
14.9 -3.9999995 0.30000001
-15.1 -3.9999995 0.30000001
14.9 -3.9999995 0.40000001
-15.1 -3.9999995 0.40000001
14.9 -3.9999995 0.5
-15.1 -3.9999995 0.5
14.9 -3.9999995 0.60000002
-15.1 -3.9999995 0.60000002
14.9 -3.9999995 0.69999999
-15.1 -3.9999995 0.69999999
14.9 -3.9999995 0.80000001
-15.1 -3.9999995 0.80000001
14.9 -3.9999995 0.89999998
-15.1 -3.9999995 0.89999998
14.9 -3.9000001 0
-15.1 -3.9000001 0
14.9 -3.9000001 0.1
-15.1 -3.9000001 0.1
14.9 -3.9000001 0.2
-15.1 -3.9000001 0.2
14.9 -3.9000001 0.30000001
-15.1 -3.9000001 0.30000001
14.9 -3.9000001 0.40000001
-15.1 -3.9000001 0.40000001
14.9 -3.9000001 0.5
-15.1 -3.9000001 0.5
14.9 -3.9000001 0.60000002
-15.1 -3.9000001 0.60000002
14.9 -3.9000001 0.69999999
-15.1 -3.9000001 0.69999999
14.9 -3.9000001 0.80000001
-15.1 -3.9000001 0.80000001
14.9 -3.9000001 0.89999998
-15.1 -3.9000001 0.89999998
14.9 -3.7999997 0
-15.1 -3.7999997 0
14.9 -3.7999997 0.1
-15.1 -3.7999997 0.1
14.9 -3.7999997 0.2
-15.1 -3.7999997 0.2
14.9 -3.7999997 0.30000001
-15.1 -3.7999997 0.30000001
14.9 -3.7999997 0.40000001
-15.1 -3.7999997 0.40000001
14.9 -3.7999997 0.5
-15.1 -3.7999997 0.5
14.9 -3.7999997 0.60000002
-15.1 -3.7999997 0.60000002
14.9 -3.7999997 0.69999999
-15.1 -3.7999997 0.69999999
14.9 -3.7999997 0.80000001
-15.1 -3.7999997 0.80000001
14.9 -3.7999997 0.89999998
-15.1 -3.7999997 0.89999998
14.9 -3.7000003 0
-15.1 -3.7000003 0
14.9 -3.7000003 0.1
-15.1 -3.7000003 0.1
14.9 -3.7000003 0.2
-15.1 -3.7000003 0.2
14.9 -3.7000003 0.30000001
-15.1 -3.7000003 0.30000001
14.9 -3.7000003 0.40000001
-15.1 -3.7000003 0.40000001
14.9 -3.7000003 0.5
-15.1 -3.7000003 0.5
14.9 -3.7000003 0.60000002
-15.1 -3.7000003 0.60000002
14.9 -3.7000003 0.69999999
-15.1 -3.7000003 0.69999999
14.9 -3.7000003 0.80000001
-15.1 -3.7000003 0.80000001
14.9 -3.7000003 0.89999998
-15.1 -3.7000003 0.89999998
14.9 -3.5999999 0
-15.1 -3.5999999 0
14.9 -3.5999999 0.1
-15.1 -3.5999999 0.1
14.9 -3.5999999 0.2
-15.1 -3.5999999 0.2
14.9 -3.5999999 0.30000001
-15.1 -3.5999999 0.30000001
14.9 -3.5999999 0.40000001
-15.1 -3.5999999 0.40000001
14.9 -3.5999999 0.5
-15.1 -3.5999999 0.5
14.9 -3.5999999 0.60000002
-15.1 -3.5999999 0.60000002
14.9 -3.5999999 0.69999999
-15.1 -3.5999999 0.69999999
14.9 -3.5999999 0.80000001
-15.1 -3.5999999 0.80000001
14.9 -3.5999999 0.89999998
-15.1 -3.5999999 0.89999998
14.9 -3.4999995 0
-15.1 -3.4999995 0
14.9 -3.4999995 0.1
-15.1 -3.4999995 0.1
14.9 -3.4999995 0.2
-15.1 -3.4999995 0.2
14.9 -3.4999995 0.30000001
-15.1 -3.4999995 0.30000001
14.9 -3.4999995 0.40000001
-15.1 -3.4999995 0.40000001
14.9 -3.4999995 0.5
-15.1 -3.4999995 0.5
14.9 -3.4999995 0.60000002
-15.1 -3.4999995 0.60000002
14.9 -3.4999995 0.69999999
-15.1 -3.4999995 0.69999999
14.9 -3.4999995 0.80000001
-15.1 -3.4999995 0.80000001
14.9 -3.4999995 0.89999998
-15.1 -3.4999995 0.89999998
14.9 -3.4000001 0
-15.1 -3.4000001 0
14.9 -3.4000001 0.1
-15.1 -3.4000001 0.1
14.9 -3.4000001 0.2
-15.1 -3.4000001 0.2
14.9 -3.4000001 0.30000001
-15.1 -3.4000001 0.30000001
14.9 -3.4000001 0.40000001
-15.1 -3.4000001 0.40000001
14.9 -3.4000001 0.5
-15.1 -3.4000001 0.5
14.9 -3.4000001 0.60000002
-15.1 -3.4000001 0.60000002
14.9 -3.4000001 0.69999999
-15.1 -3.4000001 0.69999999
14.9 -3.4000001 0.80000001
-15.1 -3.4000001 0.80000001
14.9 -3.4000001 0.89999998
-15.1 -3.4000001 0.89999998
14.9 -3.2999997 0
-15.1 -3.2999997 0
14.9 -3.2999997 0.1
-15.1 -3.2999997 0.1
14.9 -3.2999997 0.2
-15.1 -3.2999997 0.2
14.9 -3.2999997 0.30000001
-15.1 -3.2999997 0.30000001
14.9 -3.2999997 0.40000001
-15.1 -3.2999997 0.40000001
14.9 -3.2999997 0.5
-15.1 -3.2999997 0.5
14.9 -3.2999997 0.60000002
-15.1 -3.2999997 0.60000002
14.9 -3.2999997 0.69999999
-15.1 -3.2999997 0.69999999
14.9 -3.2999997 0.80000001
-15.1 -3.2999997 0.80000001
14.9 -3.2999997 0.89999998
-15.1 -3.2999997 0.89999998
14.9 -3.2000003 0
-15.1 -3.2000003 0
14.9 -3.2000003 0.1
-15.1 -3.2000003 0.1
14.9 -3.2000003 0.2
-15.1 -3.2000003 0.2
14.9 -3.2000003 0.30000001
-15.1 -3.2000003 0.30000001
14.9 -3.2000003 0.40000001
-15.1 -3.2000003 0.40000001
14.9 -3.2000003 0.5
-15.1 -3.2000003 0.5
14.9 -3.2000003 0.60000002
-15.1 -3.2000003 0.60000002
14.9 -3.2000003 0.69999999
-15.1 -3.2000003 0.69999999
14.9 -3.2000003 0.80000001
-15.1 -3.2000003 0.80000001
14.9 -3.2000003 0.89999998
-15.1 -3.2000003 0.89999998
14.9 -3.0999999 0
-15.1 -3.0999999 0
14.9 -3.0999999 0.1
-15.1 -3.0999999 0.1
14.9 -3.0999999 0.2
-15.1 -3.0999999 0.2
14.9 -3.0999999 0.30000001
-15.1 -3.0999999 0.30000001
14.9 -3.0999999 0.40000001
-15.1 -3.0999999 0.40000001
14.9 -3.0999999 0.5
-15.1 -3.0999999 0.5
14.9 -3.0999999 0.60000002
-15.1 -3.0999999 0.60000002
14.9 -3.0999999 0.69999999
-15.1 -3.0999999 0.69999999
14.9 -3.0999999 0.80000001
-15.1 -3.0999999 0.80000001
14.9 -3.0999999 0.89999998
-15.1 -3.0999999 0.89999998
14.9 -2.9999995 0
-15.1 -2.9999995 0
14.9 -2.9999995 0.1
-15.1 -2.9999995 0.1
14.9 -2.9999995 0.2
-15.1 -2.9999995 0.2
14.9 -2.9999995 0.30000001
-15.1 -2.9999995 0.30000001
14.9 -2.9999995 0.40000001
-15.1 -2.9999995 0.40000001
14.9 -2.9999995 0.5
-15.1 -2.9999995 0.5
14.9 -2.9999995 0.60000002
-15.1 -2.9999995 0.60000002
14.9 -2.9999995 0.69999999
-15.1 -2.9999995 0.69999999
14.9 -2.9999995 0.80000001
-15.1 -2.9999995 0.80000001
14.9 -2.9999995 0.89999998
-15.1 -2.9999995 0.89999998
14.9 -2.9000001 0
-15.1 -2.9000001 0
14.9 -2.9000001 0.1
-15.1 -2.9000001 0.1
14.9 -2.9000001 0.2
-15.1 -2.9000001 0.2
14.9 -2.9000001 0.30000001
-15.1 -2.9000001 0.30000001
14.9 -2.9000001 0.40000001
-15.1 -2.9000001 0.40000001
14.9 -2.9000001 0.5
-15.1 -2.9000001 0.5
14.9 -2.9000001 0.60000002
-15.1 -2.9000001 0.60000002
14.9 -2.9000001 0.69999999
-15.1 -2.9000001 0.69999999
14.9 -2.9000001 0.80000001
-15.1 -2.9000001 0.80000001
14.9 -2.9000001 0.89999998
-15.1 -2.9000001 0.89999998
14.9 -2.7999997 0
-15.1 -2.7999997 0
14.9 -2.7999997 0.1
-15.1 -2.7999997 0.1
14.9 -2.7999997 0.2
-15.1 -2.7999997 0.2
14.9 -2.7999997 0.30000001
-15.1 -2.7999997 0.30000001
14.9 -2.7999997 0.40000001
-15.1 -2.7999997 0.40000001
14.9 -2.7999997 0.5
-15.1 -2.7999997 0.5
14.9 -2.7999997 0.60000002
-15.1 -2.7999997 0.60000002
14.9 -2.7999997 0.69999999
-15.1 -2.7999997 0.69999999
14.9 -2.7999997 0.80000001
-15.1 -2.7999997 0.80000001
14.9 -2.7999997 0.89999998
-15.1 -2.7999997 0.89999998
14.9 -2.7000003 0
-15.1 -2.7000003 0
14.9 -2.7000003 0.1
-15.1 -2.7000003 0.1
14.9 -2.7000003 0.2
-15.1 -2.7000003 0.2
14.9 -2.7000003 0.30000001
-15.1 -2.7000003 0.30000001
14.9 -2.7000003 0.40000001
-15.1 -2.7000003 0.40000001
14.9 -2.7000003 0.5
-15.1 -2.7000003 0.5
14.9 -2.7000003 0.60000002
-15.1 -2.7000003 0.60000002
14.9 -2.7000003 0.69999999
-15.1 -2.7000003 0.69999999
14.9 -2.7000003 0.80000001
-15.1 -2.7000003 0.80000001
14.9 -2.7000003 0.89999998
-15.1 -2.7000003 0.89999998
14.9 -2.5999999 0
-15.1 -2.5999999 0
14.9 -2.5999999 0.1
-15.1 -2.5999999 0.1
14.9 -2.5999999 0.2
-15.1 -2.5999999 0.2
14.9 -2.5999999 0.30000001
-15.1 -2.5999999 0.30000001
14.9 -2.5999999 0.40000001
-15.1 -2.5999999 0.40000001
14.9 -2.5999999 0.5
-15.1 -2.5999999 0.5
14.9 -2.5999999 0.60000002
-15.1 -2.5999999 0.60000002
14.9 -2.5999999 0.69999999
-15.1 -2.5999999 0.69999999
14.9 -2.5999999 0.80000001
-15.1 -2.5999999 0.80000001
14.9 -2.5999999 0.89999998
-15.1 -2.5999999 0.89999998
14.9 -2.4999995 0
-15.1 -2.4999995 0
14.9 -2.4999995 0.1
-15.1 -2.4999995 0.1
14.9 -2.4999995 0.2
-15.1 -2.4999995 0.2
14.9 -2.4999995 0.30000001
-15.1 -2.4999995 0.30000001
14.9 -2.4999995 0.40000001
-15.1 -2.4999995 0.40000001
14.9 -2.4999995 0.5
-15.1 -2.4999995 0.5
14.9 -2.4999995 0.60000002
-15.1 -2.4999995 0.60000002
14.9 -2.4999995 0.69999999
-15.1 -2.4999995 0.69999999
14.9 -2.4999995 0.80000001
-15.1 -2.4999995 0.80000001
14.9 -2.4999995 0.89999998
-15.1 -2.4999995 0.89999998
14.9 -2.4000001 0
-15.1 -2.4000001 0
14.9 -2.4000001 0.1
-15.1 -2.4000001 0.1
14.9 -2.4000001 0.2
-15.1 -2.4000001 0.2
14.9 -2.4000001 0.30000001
-15.1 -2.4000001 0.30000001
14.9 -2.4000001 0.40000001
-15.1 -2.4000001 0.40000001
14.9 -2.4000001 0.5
-15.1 -2.4000001 0.5
14.9 -2.4000001 0.60000002
-15.1 -2.4000001 0.60000002
14.9 -2.4000001 0.69999999
-15.1 -2.4000001 0.69999999
14.9 -2.4000001 0.80000001
-15.1 -2.4000001 0.80000001
14.9 -2.4000001 0.89999998
-15.1 -2.4000001 0.89999998
14.9 -2.2999997 0
-15.1 -2.2999997 0
14.9 -2.2999997 0.1
-15.1 -2.2999997 0.1
14.9 -2.2999997 0.2
-15.1 -2.2999997 0.2
14.9 -2.2999997 0.30000001
-15.1 -2.2999997 0.30000001
14.9 -2.2999997 0.40000001
-15.1 -2.2999997 0.40000001
14.9 -2.2999997 0.5
-15.1 -2.2999997 0.5
14.9 -2.2999997 0.60000002
-15.1 -2.2999997 0.60000002
14.9 -2.2999997 0.69999999
-15.1 -2.2999997 0.69999999
14.9 -2.2999997 0.80000001
-15.1 -2.2999997 0.80000001
14.9 -2.2999997 0.89999998
-15.1 -2.2999997 0.89999998
14.9 -2.2000003 0
-15.1 -2.2000003 0
14.9 -2.2000003 0.1
-15.1 -2.2000003 0.1
14.9 -2.2000003 0.2
-15.1 -2.2000003 0.2
14.9 -2.2000003 0.30000001
-15.1 -2.2000003 0.30000001
14.9 -2.2000003 0.40000001
-15.1 -2.2000003 0.40000001
14.9 -2.2000003 0.5
-15.1 -2.2000003 0.5
14.9 -2.2000003 0.60000002
-15.1 -2.2000003 0.60000002
14.9 -2.2000003 0.69999999
-15.1 -2.2000003 0.69999999
14.9 -2.2000003 0.80000001
-15.1 -2.2000003 0.80000001
14.9 -2.2000003 0.89999998
-15.1 -2.2000003 0.89999998
14.9 -2.0999999 0
-15.1 -2.0999999 0
14.9 -2.0999999 0.1
-15.1 -2.0999999 0.1
14.9 -2.0999999 0.2
-15.1 -2.0999999 0.2
14.9 -2.0999999 0.30000001
-15.1 -2.0999999 0.30000001
14.9 -2.0999999 0.40000001
-15.1 -2.0999999 0.40000001
14.9 -2.0999999 0.5
-15.1 -2.0999999 0.5
14.9 -2.0999999 0.60000002
-15.1 -2.0999999 0.60000002
14.9 -2.0999999 0.69999999
-15.1 -2.0999999 0.69999999
14.9 -2.0999999 0.80000001
-15.1 -2.0999999 0.80000001
14.9 -2.0999999 0.89999998
-15.1 -2.0999999 0.89999998
14.9 -1.9999996 0
-15.1 -1.9999996 0
14.9 -1.9999996 0.1
-15.1 -1.9999996 0.1
14.9 -1.9999996 0.2
-15.1 -1.9999996 0.2
14.9 -1.9999996 0.30000001
-15.1 -1.9999996 0.30000001
14.9 -1.9999996 0.40000001
-15.1 -1.9999996 0.40000001
14.9 -1.9999996 0.5
-15.1 -1.9999996 0.5
14.9 -1.9999996 0.60000002
-15.1 -1.9999996 0.60000002
14.9 -1.9999996 0.69999999
-15.1 -1.9999996 0.69999999
14.9 -1.9999996 0.80000001
-15.1 -1.9999996 0.80000001
14.9 -1.9999996 0.89999998
-15.1 -1.9999996 0.89999998
14.9 -1.9000002 0
-15.1 -1.9000002 0
14.9 -1.9000002 0.1
-15.1 -1.9000002 0.1
14.9 -1.9000002 0.2
-15.1 -1.9000002 0.2
14.9 -1.9000002 0.30000001
-15.1 -1.9000002 0.30000001
14.9 -1.9000002 0.40000001
-15.1 -1.9000002 0.40000001
14.9 -1.9000002 0.5
-15.1 -1.9000002 0.5
14.9 -1.9000002 0.60000002
-15.1 -1.9000002 0.60000002
14.9 -1.9000002 0.69999999
-15.1 -1.9000002 0.69999999
14.9 -1.9000002 0.80000001
-15.1 -1.9000002 0.80000001
14.9 -1.9000002 0.89999998
-15.1 -1.9000002 0.89999998
14.9 -1.7999998 0
-15.1 -1.7999998 0
14.9 -1.7999998 0.1
-15.1 -1.7999998 0.1
14.9 -1.7999998 0.2
-15.1 -1.7999998 0.2
14.9 -1.7999998 0.30000001
-15.1 -1.7999998 0.30000001
14.9 -1.7999998 0.40000001
-15.1 -1.7999998 0.40000001
14.9 -1.7999998 0.5
-15.1 -1.7999998 0.5
14.9 -1.7999998 0.60000002
-15.1 -1.7999998 0.60000002
14.9 -1.7999998 0.69999999
-15.1 -1.7999998 0.69999999
14.9 -1.7999998 0.80000001
-15.1 -1.7999998 0.80000001
14.9 -1.7999998 0.89999998
-15.1 -1.7999998 0.89999998
14.9 -1.7000004 0
-15.1 -1.7000004 0
14.9 -1.7000004 0.1
-15.1 -1.7000004 0.1
14.9 -1.7000004 0.2
-15.1 -1.7000004 0.2
14.9 -1.7000004 0.30000001
-15.1 -1.7000004 0.30000001
14.9 -1.7000004 0.40000001
-15.1 -1.7000004 0.40000001
14.9 -1.7000004 0.5
-15.1 -1.7000004 0.5
14.9 -1.7000004 0.60000002
-15.1 -1.7000004 0.60000002
14.9 -1.7000004 0.69999999
-15.1 -1.7000004 0.69999999
14.9 -1.7000004 0.80000001
-15.1 -1.7000004 0.80000001
14.9 -1.7000004 0.89999998
-15.1 -1.7000004 0.89999998
14.9 -1.6 0
-15.1 -1.6 0
14.9 -1.6 0.1
-15.1 -1.6 0.1
14.9 -1.6 0.2
-15.1 -1.6 0.2
14.9 -1.6 0.30000001
-15.1 -1.6 0.30000001
14.9 -1.6 0.40000001
-15.1 -1.6 0.40000001
14.9 -1.6 0.5
-15.1 -1.6 0.5
14.9 -1.6 0.60000002
-15.1 -1.6 0.60000002
14.9 -1.6 0.69999999
-15.1 -1.6 0.69999999
14.9 -1.6 0.80000001
-15.1 -1.6 0.80000001
14.9 -1.6 0.89999998
-15.1 -1.6 0.89999998
14.9 -1.4999996 0
-15.1 -1.4999996 0
14.9 -1.4999996 0.1
-15.1 -1.4999996 0.1
14.9 -1.4999996 0.2
-15.1 -1.4999996 0.2
14.9 -1.4999996 0.30000001
-15.1 -1.4999996 0.30000001
14.9 -1.4999996 0.40000001
-15.1 -1.4999996 0.40000001
14.9 -1.4999996 0.5
-15.1 -1.4999996 0.5
14.9 -1.4999996 0.60000002
-15.1 -1.4999996 0.60000002
14.9 -1.4999996 0.69999999
-15.1 -1.4999996 0.69999999
14.9 -1.4999996 0.80000001
-15.1 -1.4999996 0.80000001
14.9 -1.4999996 0.89999998
-15.1 -1.4999996 0.89999998
14.9 -1.4000002 0
-15.1 -1.4000002 0
14.9 -1.4000002 0.1
-15.1 -1.4000002 0.1
14.9 -1.4000002 0.2
-15.1 -1.4000002 0.2
14.9 -1.4000002 0.30000001
-15.1 -1.4000002 0.30000001
14.9 -1.4000002 0.40000001
-15.1 -1.4000002 0.40000001
14.9 -1.4000002 0.5
-15.1 -1.4000002 0.5
14.9 -1.4000002 0.60000002
-15.1 -1.4000002 0.60000002
14.9 -1.4000002 0.69999999
-15.1 -1.4000002 0.69999999
14.9 -1.4000002 0.80000001
-15.1 -1.4000002 0.80000001
14.9 -1.4000002 0.89999998
-15.1 -1.4000002 0.89999998
14.9 -1.2999998 0
-15.1 -1.2999998 0
14.9 -1.2999998 0.1
-15.1 -1.2999998 0.1
14.9 -1.2999998 0.2
-15.1 -1.2999998 0.2
14.9 -1.2999998 0.30000001
-15.1 -1.2999998 0.30000001
14.9 -1.2999998 0.40000001
-15.1 -1.2999998 0.40000001
14.9 -1.2999998 0.5
-15.1 -1.2999998 0.5
14.9 -1.2999998 0.60000002
-15.1 -1.2999998 0.60000002
14.9 -1.2999998 0.69999999
-15.1 -1.2999998 0.69999999
14.9 -1.2999998 0.80000001
-15.1 -1.2999998 0.80000001
14.9 -1.2999998 0.89999998
-15.1 -1.2999998 0.89999998
14.9 -1.2000004 0
-15.1 -1.2000004 0
14.9 -1.2000004 0.1
-15.1 -1.2000004 0.1
14.9 -1.2000004 0.2
-15.1 -1.2000004 0.2
14.9 -1.2000004 0.30000001
-15.1 -1.2000004 0.30000001
14.9 -1.2000004 0.40000001
-15.1 -1.2000004 0.40000001
14.9 -1.2000004 0.5
-15.1 -1.2000004 0.5
14.9 -1.2000004 0.60000002
-15.1 -1.2000004 0.60000002
14.9 -1.2000004 0.69999999
-15.1 -1.2000004 0.69999999
14.9 -1.2000004 0.80000001
-15.1 -1.2000004 0.80000001
14.9 -1.2000004 0.89999998
-15.1 -1.2000004 0.89999998
14.9 -1.1 0
-15.1 -1.1 0
14.9 -1.1 0.1
-15.1 -1.1 0.1
14.9 -1.1 0.2
-15.1 -1.1 0.2
14.9 -1.1 0.30000001
-15.1 -1.1 0.30000001
14.9 -1.1 0.40000001
-15.1 -1.1 0.40000001
14.9 -1.1 0.5
-15.1 -1.1 0.5
14.9 -1.1 0.60000002
-15.1 -1.1 0.60000002
14.9 -1.1 0.69999999
-15.1 -1.1 0.69999999
14.9 -1.1 0.80000001
-15.1 -1.1 0.80000001
14.9 -1.1 0.89999998
-15.1 -1.1 0.89999998
14.9 -0.99999964 0
-15.1 -0.99999964 0
14.9 -0.99999964 0.1
-15.1 -0.99999964 0.1
14.9 -0.99999964 0.2
-15.1 -0.99999964 0.2
14.9 -0.99999964 0.30000001
-15.1 -0.99999964 0.30000001
14.9 -0.99999964 0.40000001
-15.1 -0.99999964 0.40000001
14.9 -0.99999964 0.5
-15.1 -0.99999964 0.5
14.9 -0.99999964 0.60000002
-15.1 -0.99999964 0.60000002
14.9 -0.99999964 0.69999999
-15.1 -0.99999964 0.69999999
14.9 -0.99999964 0.80000001
-15.1 -0.99999964 0.80000001
14.9 -0.99999964 0.89999998
-15.1 -0.99999964 0.89999998
14.9 -0.90000021 0
-15.1 -0.90000021 0
14.9 -0.90000021 0.1
-15.1 -0.90000021 0.1
14.9 -0.90000021 0.2
-15.1 -0.90000021 0.2
14.9 -0.90000021 0.30000001
-15.1 -0.90000021 0.30000001
14.9 -0.90000021 0.40000001
-15.1 -0.90000021 0.40000001
14.9 -0.90000021 0.5
-15.1 -0.90000021 0.5
14.9 -0.90000021 0.60000002
-15.1 -0.90000021 0.60000002
14.9 -0.90000021 0.69999999
-15.1 -0.90000021 0.69999999
14.9 -0.90000021 0.80000001
-15.1 -0.90000021 0.80000001
14.9 -0.90000021 0.89999998
-15.1 -0.90000021 0.89999998
14.9 -0.79999983 0
-15.1 -0.79999983 0
14.9 -0.79999983 0.1
-15.1 -0.79999983 0.1
14.9 -0.79999983 0.2
-15.1 -0.79999983 0.2
14.9 -0.79999983 0.30000001
-15.1 -0.79999983 0.30000001
14.9 -0.79999983 0.40000001
-15.1 -0.79999983 0.40000001
14.9 -0.79999983 0.5
-15.1 -0.79999983 0.5
14.9 -0.79999983 0.60000002
-15.1 -0.79999983 0.60000002
14.9 -0.79999983 0.69999999
-15.1 -0.79999983 0.69999999
14.9 -0.79999983 0.80000001
-15.1 -0.79999983 0.80000001
14.9 -0.79999983 0.89999998
-15.1 -0.79999983 0.89999998
14.9 -0.70000041 0
-15.1 -0.70000041 0
14.9 -0.70000041 0.1
-15.1 -0.70000041 0.1
14.9 -0.70000041 0.2
-15.1 -0.70000041 0.2
14.9 -0.70000041 0.30000001
-15.1 -0.70000041 0.30000001
14.9 -0.70000041 0.40000001
-15.1 -0.70000041 0.40000001
14.9 -0.70000041 0.5
-15.1 -0.70000041 0.5
14.9 -0.70000041 0.60000002
-15.1 -0.70000041 0.60000002
14.9 -0.70000041 0.69999999
-15.1 -0.70000041 0.69999999
14.9 -0.70000041 0.80000001
-15.1 -0.70000041 0.80000001
14.9 -0.70000041 0.89999998
-15.1 -0.70000041 0.89999998
14.9 -0.60000002 0
-15.1 -0.60000002 0
14.9 -0.60000002 0.1
-15.1 -0.60000002 0.1
14.9 -0.60000002 0.2
-15.1 -0.60000002 0.2
14.9 -0.60000002 0.30000001
-15.1 -0.60000002 0.30000001
14.9 -0.60000002 0.40000001
-15.1 -0.60000002 0.40000001
14.9 -0.60000002 0.5
-15.1 -0.60000002 0.5
14.9 -0.60000002 0.60000002
-15.1 -0.60000002 0.60000002
14.9 -0.60000002 0.69999999
-15.1 -0.60000002 0.69999999
14.9 -0.60000002 0.80000001
-15.1 -0.60000002 0.80000001
14.9 -0.60000002 0.89999998
-15.1 -0.60000002 0.89999998
14.9 -0.49999961 0
-15.1 -0.49999961 0
14.9 -0.49999961 0.1
-15.1 -0.49999961 0.1
14.9 -0.49999961 0.2
-15.1 -0.49999961 0.2
14.9 -0.49999961 0.30000001
-15.1 -0.49999961 0.30000001
14.9 -0.49999961 0.40000001
-15.1 -0.49999961 0.40000001
14.9 -0.49999961 0.5
-15.1 -0.49999961 0.5
14.9 -0.49999961 0.60000002
-15.1 -0.49999961 0.60000002
14.9 -0.49999961 0.69999999
-15.1 -0.49999961 0.69999999
14.9 -0.49999961 0.80000001
-15.1 -0.49999961 0.80000001
14.9 -0.49999961 0.89999998
-15.1 -0.49999961 0.89999998
14.9 -0.40000018 0
-15.1 -0.40000018 0
14.9 -0.40000018 0.1
-15.1 -0.40000018 0.1
14.9 -0.40000018 0.2
-15.1 -0.40000018 0.2
14.9 -0.40000018 0.30000001
-15.1 -0.40000018 0.30000001
14.9 -0.40000018 0.40000001
-15.1 -0.40000018 0.40000001
14.9 -0.40000018 0.5
-15.1 -0.40000018 0.5
14.9 -0.40000018 0.60000002
-15.1 -0.40000018 0.60000002
14.9 -0.40000018 0.69999999
-15.1 -0.40000018 0.69999999
14.9 -0.40000018 0.80000001
-15.1 -0.40000018 0.80000001
14.9 -0.40000018 0.89999998
-15.1 -0.40000018 0.89999998
14.9 -0.2999998 0
-15.1 -0.2999998 0
14.9 -0.2999998 0.1
-15.1 -0.2999998 0.1
14.9 -0.2999998 0.2
-15.1 -0.2999998 0.2
14.9 -0.2999998 0.30000001
-15.1 -0.2999998 0.30000001
14.9 -0.2999998 0.40000001
-15.1 -0.2999998 0.40000001
14.9 -0.2999998 0.5
-15.1 -0.2999998 0.5
14.9 -0.2999998 0.60000002
-15.1 -0.2999998 0.60000002
14.9 -0.2999998 0.69999999
-15.1 -0.2999998 0.69999999
14.9 -0.2999998 0.80000001
-15.1 -0.2999998 0.80000001
14.9 -0.2999998 0.89999998
-15.1 -0.2999998 0.89999998
14.9 -0.20000038 0
-15.1 -0.20000038 0
14.9 -0.20000038 0.1
-15.1 -0.20000038 0.1
14.9 -0.20000038 0.2
-15.1 -0.20000038 0.2
14.9 -0.20000038 0.30000001
-15.1 -0.20000038 0.30000001
14.9 -0.20000038 0.40000001
-15.1 -0.20000038 0.40000001
14.9 -0.20000038 0.5
-15.1 -0.20000038 0.5
14.9 -0.20000038 0.60000002
-15.1 -0.20000038 0.60000002
14.9 -0.20000038 0.69999999
-15.1 -0.20000038 0.69999999
14.9 -0.20000038 0.80000001
-15.1 -0.20000038 0.80000001
14.9 -0.20000038 0.89999998
-15.1 -0.20000038 0.89999998
14.9 -0.1 0
-15.1 -0.1 0
14.9 -0.1 0.1
-15.1 -0.1 0.1
14.9 -0.1 0.2
-15.1 -0.1 0.2
14.9 -0.1 0.30000001
-15.1 -0.1 0.30000001
14.9 -0.1 0.40000001
-15.1 -0.1 0.40000001
14.9 -0.1 0.5
-15.1 -0.1 0.5
14.9 -0.1 0.60000002
-15.1 -0.1 0.60000002
14.9 -0.1 0.69999999
-15.1 -0.1 0.69999999
14.9 -0.1 0.80000001
-15.1 -0.1 0.80000001
14.9 -0.1 0.89999998
-15.1 -0.1 0.89999998
14.9 3.8146973e-07 0
-15.1 3.8146973e-07 0
14.9 3.8146973e-07 0.1
-15.1 3.8146973e-07 0.1
14.9 3.8146973e-07 0.2
-15.1 3.8146973e-07 0.2
14.9 3.8146973e-07 0.30000001
-15.1 3.8146973e-07 0.30000001
14.9 3.8146973e-07 0.40000001
-15.1 3.8146973e-07 0.40000001
14.9 3.8146973e-07 0.5
-15.1 3.8146973e-07 0.5
14.9 3.8146973e-07 0.60000002
-15.1 3.8146973e-07 0.60000002
14.9 3.8146973e-07 0.69999999
-15.1 3.8146973e-07 0.69999999
14.9 3.8146973e-07 0.80000001
-15.1 3.8146973e-07 0.80000001
14.9 3.8146973e-07 0.89999998
-15.1 3.8146973e-07 0.89999998
14.9 0.099999808 0
-15.1 0.099999808 0
14.9 0.099999808 0.1
-15.1 0.099999808 0.1
14.9 0.099999808 0.2
-15.1 0.099999808 0.2
14.9 0.099999808 0.30000001
-15.1 0.099999808 0.30000001
14.9 0.099999808 0.40000001
-15.1 0.099999808 0.40000001
14.9 0.099999808 0.5
-15.1 0.099999808 0.5
14.9 0.099999808 0.60000002
-15.1 0.099999808 0.60000002
14.9 0.099999808 0.69999999
-15.1 0.099999808 0.69999999
14.9 0.099999808 0.80000001
-15.1 0.099999808 0.80000001
14.9 0.099999808 0.89999998
-15.1 0.099999808 0.89999998
14.9 0.2000002 0
-15.1 0.2000002 0
14.9 0.2000002 0.1
-15.1 0.2000002 0.1
14.9 0.2000002 0.2
-15.1 0.2000002 0.2
14.9 0.2000002 0.30000001
-15.1 0.2000002 0.30000001
14.9 0.2000002 0.40000001
-15.1 0.2000002 0.40000001
14.9 0.2000002 0.5
-15.1 0.2000002 0.5
14.9 0.2000002 0.60000002
-15.1 0.2000002 0.60000002
14.9 0.2000002 0.69999999
-15.1 0.2000002 0.69999999
14.9 0.2000002 0.80000001
-15.1 0.2000002 0.80000001
14.9 0.2000002 0.89999998
-15.1 0.2000002 0.89999998
14.9 0.29999962 0
-15.1 0.29999962 0
14.9 0.29999962 0.1
-15.1 0.29999962 0.1
14.9 0.29999962 0.2
-15.1 0.29999962 0.2
14.9 0.29999962 0.30000001
-15.1 0.29999962 0.30000001
14.9 0.29999962 0.40000001
-15.1 0.29999962 0.40000001
14.9 0.29999962 0.5
-15.1 0.29999962 0.5
14.9 0.29999962 0.60000002
-15.1 0.29999962 0.60000002
14.9 0.29999962 0.69999999
-15.1 0.29999962 0.69999999
14.9 0.29999962 0.80000001
-15.1 0.29999962 0.80000001
14.9 0.29999962 0.89999998
-15.1 0.29999962 0.89999998
14.9 0.40000001 0
-15.1 0.40000001 0
14.9 0.40000001 0.1
-15.1 0.40000001 0.1
14.9 0.40000001 0.2
-15.1 0.40000001 0.2
14.9 0.40000001 0.30000001
-15.1 0.40000001 0.30000001
14.9 0.40000001 0.40000001
-15.1 0.40000001 0.40000001
14.9 0.40000001 0.5
-15.1 0.40000001 0.5
14.9 0.40000001 0.60000002
-15.1 0.40000001 0.60000002
14.9 0.40000001 0.69999999
-15.1 0.40000001 0.69999999
14.9 0.40000001 0.80000001
-15.1 0.40000001 0.80000001
14.9 0.40000001 0.89999998
-15.1 0.40000001 0.89999998
14.9 0.50000036 0
-15.1 0.50000036 0
14.9 0.50000036 0.1
-15.1 0.50000036 0.1
14.9 0.50000036 0.2
-15.1 0.50000036 0.2
14.9 0.50000036 0.30000001
-15.1 0.50000036 0.30000001
14.9 0.50000036 0.40000001
-15.1 0.50000036 0.40000001
14.9 0.50000036 0.5
-15.1 0.50000036 0.5
14.9 0.50000036 0.60000002
-15.1 0.50000036 0.60000002
14.9 0.50000036 0.69999999
-15.1 0.50000036 0.69999999
14.9 0.50000036 0.80000001
-15.1 0.50000036 0.80000001
14.9 0.50000036 0.89999998
-15.1 0.50000036 0.89999998
14.9 0.59999979 0
-15.1 0.59999979 0
14.9 0.59999979 0.1
-15.1 0.59999979 0.1
14.9 0.59999979 0.2
-15.1 0.59999979 0.2
14.9 0.59999979 0.30000001
-15.1 0.59999979 0.30000001
14.9 0.59999979 0.40000001
-15.1 0.59999979 0.40000001
14.9 0.59999979 0.5
-15.1 0.59999979 0.5
14.9 0.59999979 0.60000002
-15.1 0.59999979 0.60000002
14.9 0.59999979 0.69999999
-15.1 0.59999979 0.69999999
14.9 0.59999979 0.80000001
-15.1 0.59999979 0.80000001
14.9 0.59999979 0.89999998
-15.1 0.59999979 0.89999998
14.9 0.70000017 0
-15.1 0.70000017 0
14.9 0.70000017 0.1
-15.1 0.70000017 0.1
14.9 0.70000017 0.2
-15.1 0.70000017 0.2
14.9 0.70000017 0.30000001
-15.1 0.70000017 0.30000001
14.9 0.70000017 0.40000001
-15.1 0.70000017 0.40000001
14.9 0.70000017 0.5
-15.1 0.70000017 0.5
14.9 0.70000017 0.60000002
-15.1 0.70000017 0.60000002
14.9 0.70000017 0.69999999
-15.1 0.70000017 0.69999999
14.9 0.70000017 0.80000001
-15.1 0.70000017 0.80000001
14.9 0.70000017 0.89999998
-15.1 0.70000017 0.89999998
14.9 0.79999959 0
-15.1 0.79999959 0
14.9 0.79999959 0.1
-15.1 0.79999959 0.1
14.9 0.79999959 0.2
-15.1 0.79999959 0.2
14.9 0.79999959 0.30000001
-15.1 0.79999959 0.30000001
14.9 0.79999959 0.40000001
-15.1 0.79999959 0.40000001
14.9 0.79999959 0.5
-15.1 0.79999959 0.5
14.9 0.79999959 0.60000002
-15.1 0.79999959 0.60000002
14.9 0.79999959 0.69999999
-15.1 0.79999959 0.69999999
14.9 0.79999959 0.80000001
-15.1 0.79999959 0.80000001
14.9 0.79999959 0.89999998
-15.1 0.79999959 0.89999998
14.9 0.89999998 0
-15.1 0.89999998 0
14.9 0.89999998 0.1
-15.1 0.89999998 0.1
14.9 0.89999998 0.2
-15.1 0.89999998 0.2
14.9 0.89999998 0.30000001
-15.1 0.89999998 0.30000001
14.9 0.89999998 0.40000001
-15.1 0.89999998 0.40000001
14.9 0.89999998 0.5
-15.1 0.89999998 0.5
14.9 0.89999998 0.60000002
-15.1 0.89999998 0.60000002
14.9 0.89999998 0.69999999
-15.1 0.89999998 0.69999999
14.9 0.89999998 0.80000001
-15.1 0.89999998 0.80000001
14.9 0.89999998 0.89999998
-15.1 0.89999998 0.89999998
14.9 1.0000004 0
-15.1 1.0000004 0
14.9 1.0000004 0.1
-15.1 1.0000004 0.1
14.9 1.0000004 0.2
-15.1 1.0000004 0.2
14.9 1.0000004 0.30000001
-15.1 1.0000004 0.30000001
14.9 1.0000004 0.40000001
-15.1 1.0000004 0.40000001
14.9 1.0000004 0.5
-15.1 1.0000004 0.5
14.9 1.0000004 0.60000002
-15.1 1.0000004 0.60000002
14.9 1.0000004 0.69999999
-15.1 1.0000004 0.69999999
14.9 1.0000004 0.80000001
-15.1 1.0000004 0.80000001
14.9 1.0000004 0.89999998
-15.1 1.0000004 0.89999998
14.9 1.1000007 0
-15.1 1.1000007 0
14.9 1.1000007 0.1
-15.1 1.1000007 0.1
14.9 1.1000007 0.2
-15.1 1.1000007 0.2
14.9 1.1000007 0.30000001
-15.1 1.1000007 0.30000001
14.9 1.1000007 0.40000001
-15.1 1.1000007 0.40000001
14.9 1.1000007 0.5
-15.1 1.1000007 0.5
14.9 1.1000007 0.60000002
-15.1 1.1000007 0.60000002
14.9 1.1000007 0.69999999
-15.1 1.1000007 0.69999999
14.9 1.1000007 0.80000001
-15.1 1.1000007 0.80000001
14.9 1.1000007 0.89999998
-15.1 1.1000007 0.89999998
14.9 1.1999992 0
-15.1 1.1999992 0
14.9 1.1999992 0.1
-15.1 1.1999992 0.1
14.9 1.1999992 0.2
-15.1 1.1999992 0.2
14.9 1.1999992 0.30000001
-15.1 1.1999992 0.30000001
14.9 1.1999992 0.40000001
-15.1 1.1999992 0.40000001
14.9 1.1999992 0.5
-15.1 1.1999992 0.5
14.9 1.1999992 0.60000002
-15.1 1.1999992 0.60000002
14.9 1.1999992 0.69999999
-15.1 1.1999992 0.69999999
14.9 1.1999992 0.80000001
-15.1 1.1999992 0.80000001
14.9 1.1999992 0.89999998
-15.1 1.1999992 0.89999998
14.9 1.2999996 0
-15.1 1.2999996 0
14.9 1.2999996 0.1
-15.1 1.2999996 0.1
14.9 1.2999996 0.2
-15.1 1.2999996 0.2
14.9 1.2999996 0.30000001
-15.1 1.2999996 0.30000001
14.9 1.2999996 0.40000001
-15.1 1.2999996 0.40000001
14.9 1.2999996 0.5
-15.1 1.2999996 0.5
14.9 1.2999996 0.60000002
-15.1 1.2999996 0.60000002
14.9 1.2999996 0.69999999
-15.1 1.2999996 0.69999999
14.9 1.2999996 0.80000001
-15.1 1.2999996 0.80000001
14.9 1.2999996 0.89999998
-15.1 1.2999996 0.89999998
14.9 1.4 0
-15.1 1.4 0
14.9 1.4 0.1
-15.1 1.4 0.1
14.9 1.4 0.2
-15.1 1.4 0.2
14.9 1.4 0.30000001
-15.1 1.4 0.30000001
14.9 1.4 0.40000001
-15.1 1.4 0.40000001
14.9 1.4 0.5
-15.1 1.4 0.5
14.9 1.4 0.60000002
-15.1 1.4 0.60000002
14.9 1.4 0.69999999
-15.1 1.4 0.69999999
14.9 1.4 0.80000001
-15.1 1.4 0.80000001
14.9 1.4 0.89999998
-15.1 1.4 0.89999998
14.9 1.5000004 0
-15.1 1.5000004 0
14.9 1.5000004 0.1
-15.1 1.5000004 0.1
14.9 1.5000004 0.2
-15.1 1.5000004 0.2
14.9 1.5000004 0.30000001
-15.1 1.5000004 0.30000001
14.9 1.5000004 0.40000001
-15.1 1.5000004 0.40000001
14.9 1.5000004 0.5
-15.1 1.5000004 0.5
14.9 1.5000004 0.60000002
-15.1 1.5000004 0.60000002
14.9 1.5000004 0.69999999
-15.1 1.5000004 0.69999999
14.9 1.5000004 0.80000001
-15.1 1.5000004 0.80000001
14.9 1.5000004 0.89999998
-15.1 1.5000004 0.89999998
14.9 1.6000007 0
-15.1 1.6000007 0
14.9 1.6000007 0.1
-15.1 1.6000007 0.1
14.9 1.6000007 0.2
-15.1 1.6000007 0.2
14.9 1.6000007 0.30000001
-15.1 1.6000007 0.30000001
14.9 1.6000007 0.40000001
-15.1 1.6000007 0.40000001
14.9 1.6000007 0.5
-15.1 1.6000007 0.5
14.9 1.6000007 0.60000002
-15.1 1.6000007 0.60000002
14.9 1.6000007 0.69999999
-15.1 1.6000007 0.69999999
14.9 1.6000007 0.80000001
-15.1 1.6000007 0.80000001
14.9 1.6000007 0.89999998
-15.1 1.6000007 0.89999998
14.9 1.6999992 0
-15.1 1.6999992 0
14.9 1.6999992 0.1
-15.1 1.6999992 0.1
14.9 1.6999992 0.2
-15.1 1.6999992 0.2
14.9 1.6999992 0.30000001
-15.1 1.6999992 0.30000001
14.9 1.6999992 0.40000001
-15.1 1.6999992 0.40000001
14.9 1.6999992 0.5
-15.1 1.6999992 0.5
14.9 1.6999992 0.60000002
-15.1 1.6999992 0.60000002
14.9 1.6999992 0.69999999
-15.1 1.6999992 0.69999999
14.9 1.6999992 0.80000001
-15.1 1.6999992 0.80000001
14.9 1.6999992 0.89999998
-15.1 1.6999992 0.89999998
14.9 1.7999996 0
-15.1 1.7999996 0
14.9 1.7999996 0.1
-15.1 1.7999996 0.1
14.9 1.7999996 0.2
-15.1 1.7999996 0.2
14.9 1.7999996 0.30000001
-15.1 1.7999996 0.30000001
14.9 1.7999996 0.40000001
-15.1 1.7999996 0.40000001
14.9 1.7999996 0.5
-15.1 1.7999996 0.5
14.9 1.7999996 0.60000002
-15.1 1.7999996 0.60000002
14.9 1.7999996 0.69999999
-15.1 1.7999996 0.69999999
14.9 1.7999996 0.80000001
-15.1 1.7999996 0.80000001
14.9 1.7999996 0.89999998
-15.1 1.7999996 0.89999998
14.9 1.9 0
-15.1 1.9 0
14.9 1.9 0.1
-15.1 1.9 0.1
14.9 1.9 0.2
-15.1 1.9 0.2
14.9 1.9 0.30000001
-15.1 1.9 0.30000001
14.9 1.9 0.40000001
-15.1 1.9 0.40000001
14.9 1.9 0.5
-15.1 1.9 0.5
14.9 1.9 0.60000002
-15.1 1.9 0.60000002
14.9 1.9 0.69999999
-15.1 1.9 0.69999999
14.9 1.9 0.80000001
-15.1 1.9 0.80000001
14.9 1.9 0.89999998
-15.1 1.9 0.89999998
14.9 2.0000005 0
-15.1 2.0000005 0
14.9 2.0000005 0.1
-15.1 2.0000005 0.1
14.9 2.0000005 0.2
-15.1 2.0000005 0.2
14.9 2.0000005 0.30000001
-15.1 2.0000005 0.30000001
14.9 2.0000005 0.40000001
-15.1 2.0000005 0.40000001
14.9 2.0000005 0.5
-15.1 2.0000005 0.5
14.9 2.0000005 0.60000002
-15.1 2.0000005 0.60000002
14.9 2.0000005 0.69999999
-15.1 2.0000005 0.69999999
14.9 2.0000005 0.80000001
-15.1 2.0000005 0.80000001
14.9 2.0000005 0.89999998
-15.1 2.0000005 0.89999998
14.9 2.1000009 0
-15.1 2.1000009 0
14.9 2.1000009 0.1
-15.1 2.1000009 0.1
14.9 2.1000009 0.2
-15.1 2.1000009 0.2
14.9 2.1000009 0.30000001
-15.1 2.1000009 0.30000001
14.9 2.1000009 0.40000001
-15.1 2.1000009 0.40000001
14.9 2.1000009 0.5
-15.1 2.1000009 0.5
14.9 2.1000009 0.60000002
-15.1 2.1000009 0.60000002
14.9 2.1000009 0.69999999
-15.1 2.1000009 0.69999999
14.9 2.1000009 0.80000001
-15.1 2.1000009 0.80000001
14.9 2.1000009 0.89999998
-15.1 2.1000009 0.89999998
14.9 2.1999993 0
-15.1 2.1999993 0
14.9 2.1999993 0.1
-15.1 2.1999993 0.1
14.9 2.1999993 0.2
-15.1 2.1999993 0.2
14.9 2.1999993 0.30000001
-15.1 2.1999993 0.30000001
14.9 2.1999993 0.40000001
-15.1 2.1999993 0.40000001
14.9 2.1999993 0.5
-15.1 2.1999993 0.5
14.9 2.1999993 0.60000002
-15.1 2.1999993 0.60000002
14.9 2.1999993 0.69999999
-15.1 2.1999993 0.69999999
14.9 2.1999993 0.80000001
-15.1 2.1999993 0.80000001
14.9 2.1999993 0.89999998
-15.1 2.1999993 0.89999998
14.9 2.2999997 0
-15.1 2.2999997 0
14.9 2.2999997 0.1
-15.1 2.2999997 0.1
14.9 2.2999997 0.2
-15.1 2.2999997 0.2
14.9 2.2999997 0.30000001
-15.1 2.2999997 0.30000001
14.9 2.2999997 0.40000001
-15.1 2.2999997 0.40000001
14.9 2.2999997 0.5
-15.1 2.2999997 0.5
14.9 2.2999997 0.60000002
-15.1 2.2999997 0.60000002
14.9 2.2999997 0.69999999
-15.1 2.2999997 0.69999999
14.9 2.2999997 0.80000001
-15.1 2.2999997 0.80000001
14.9 2.2999997 0.89999998
-15.1 2.2999997 0.89999998
14.9 2.4000001 0
-15.1 2.4000001 0
14.9 2.4000001 0.1
-15.1 2.4000001 0.1
14.9 2.4000001 0.2
-15.1 2.4000001 0.2
14.9 2.4000001 0.30000001
-15.1 2.4000001 0.30000001
14.9 2.4000001 0.40000001
-15.1 2.4000001 0.40000001
14.9 2.4000001 0.5
-15.1 2.4000001 0.5
14.9 2.4000001 0.60000002
-15.1 2.4000001 0.60000002
14.9 2.4000001 0.69999999
-15.1 2.4000001 0.69999999
14.9 2.4000001 0.80000001
-15.1 2.4000001 0.80000001
14.9 2.4000001 0.89999998
-15.1 2.4000001 0.89999998
14.9 2.5000005 0
-15.1 2.5000005 0
14.9 2.5000005 0.1
-15.1 2.5000005 0.1
14.9 2.5000005 0.2
-15.1 2.5000005 0.2
14.9 2.5000005 0.30000001
-15.1 2.5000005 0.30000001
14.9 2.5000005 0.40000001
-15.1 2.5000005 0.40000001
14.9 2.5000005 0.5
-15.1 2.5000005 0.5
14.9 2.5000005 0.60000002
-15.1 2.5000005 0.60000002
14.9 2.5000005 0.69999999
-15.1 2.5000005 0.69999999
14.9 2.5000005 0.80000001
-15.1 2.5000005 0.80000001
14.9 2.5000005 0.89999998
-15.1 2.5000005 0.89999998
14.9 2.6000009 0
-15.1 2.6000009 0
14.9 2.6000009 0.1
-15.1 2.6000009 0.1
14.9 2.6000009 0.2
-15.1 2.6000009 0.2
14.9 2.6000009 0.30000001
-15.1 2.6000009 0.30000001
14.9 2.6000009 0.40000001
-15.1 2.6000009 0.40000001
14.9 2.6000009 0.5
-15.1 2.6000009 0.5
14.9 2.6000009 0.60000002
-15.1 2.6000009 0.60000002
14.9 2.6000009 0.69999999
-15.1 2.6000009 0.69999999
14.9 2.6000009 0.80000001
-15.1 2.6000009 0.80000001
14.9 2.6000009 0.89999998
-15.1 2.6000009 0.89999998
14.9 2.6999993 0
-15.1 2.6999993 0
14.9 2.6999993 0.1
-15.1 2.6999993 0.1
14.9 2.6999993 0.2
-15.1 2.6999993 0.2
14.9 2.6999993 0.30000001
-15.1 2.6999993 0.30000001
14.9 2.6999993 0.40000001
-15.1 2.6999993 0.40000001
14.9 2.6999993 0.5
-15.1 2.6999993 0.5
14.9 2.6999993 0.60000002
-15.1 2.6999993 0.60000002
14.9 2.6999993 0.69999999
-15.1 2.6999993 0.69999999
14.9 2.6999993 0.80000001
-15.1 2.6999993 0.80000001
14.9 2.6999993 0.89999998
-15.1 2.6999993 0.89999998
14.9 2.7999997 0
-15.1 2.7999997 0
14.9 2.7999997 0.1
-15.1 2.7999997 0.1
14.9 2.7999997 0.2
-15.1 2.7999997 0.2
14.9 2.7999997 0.30000001
-15.1 2.7999997 0.30000001
14.9 2.7999997 0.40000001
-15.1 2.7999997 0.40000001
14.9 2.7999997 0.5
-15.1 2.7999997 0.5
14.9 2.7999997 0.60000002
-15.1 2.7999997 0.60000002
14.9 2.7999997 0.69999999
-15.1 2.7999997 0.69999999
14.9 2.7999997 0.80000001
-15.1 2.7999997 0.80000001
14.9 2.7999997 0.89999998
-15.1 2.7999997 0.89999998
14.9 2.9000001 0
-15.1 2.9000001 0
14.9 2.9000001 0.1
-15.1 2.9000001 0.1
14.9 2.9000001 0.2
-15.1 2.9000001 0.2
14.9 2.9000001 0.30000001
-15.1 2.9000001 0.30000001
14.9 2.9000001 0.40000001
-15.1 2.9000001 0.40000001
14.9 2.9000001 0.5
-15.1 2.9000001 0.5
14.9 2.9000001 0.60000002
-15.1 2.9000001 0.60000002
14.9 2.9000001 0.69999999
-15.1 2.9000001 0.69999999
14.9 2.9000001 0.80000001
-15.1 2.9000001 0.80000001
14.9 2.9000001 0.89999998
-15.1 2.9000001 0.89999998
14.9 3.0000005 0
-15.1 3.0000005 0
14.9 3.0000005 0.1
-15.1 3.0000005 0.1
14.9 3.0000005 0.2
-15.1 3.0000005 0.2
14.9 3.0000005 0.30000001
-15.1 3.0000005 0.30000001
14.9 3.0000005 0.40000001
-15.1 3.0000005 0.40000001
14.9 3.0000005 0.5
-15.1 3.0000005 0.5
14.9 3.0000005 0.60000002
-15.1 3.0000005 0.60000002
14.9 3.0000005 0.69999999
-15.1 3.0000005 0.69999999
14.9 3.0000005 0.80000001
-15.1 3.0000005 0.80000001
14.9 3.0000005 0.89999998
-15.1 3.0000005 0.89999998
14.9 3.1000009 0
-15.1 3.1000009 0
14.9 3.1000009 0.1
-15.1 3.1000009 0.1
14.9 3.1000009 0.2
-15.1 3.1000009 0.2
14.9 3.1000009 0.30000001
-15.1 3.1000009 0.30000001
14.9 3.1000009 0.40000001
-15.1 3.1000009 0.40000001
14.9 3.1000009 0.5
-15.1 3.1000009 0.5
14.9 3.1000009 0.60000002
-15.1 3.1000009 0.60000002
14.9 3.1000009 0.69999999
-15.1 3.1000009 0.69999999
14.9 3.1000009 0.80000001
-15.1 3.1000009 0.80000001
14.9 3.1000009 0.89999998
-15.1 3.1000009 0.89999998
14.9 3.1999993 0
-15.1 3.1999993 0
14.9 3.1999993 0.1
-15.1 3.1999993 0.1
14.9 3.1999993 0.2
-15.1 3.1999993 0.2
14.9 3.1999993 0.30000001
-15.1 3.1999993 0.30000001
14.9 3.1999993 0.40000001
-15.1 3.1999993 0.40000001
14.9 3.1999993 0.5
-15.1 3.1999993 0.5
14.9 3.1999993 0.60000002
-15.1 3.1999993 0.60000002
14.9 3.1999993 0.69999999
-15.1 3.1999993 0.69999999
14.9 3.1999993 0.80000001
-15.1 3.1999993 0.80000001
14.9 3.1999993 0.89999998
-15.1 3.1999993 0.89999998
14.9 3.2999997 0
-15.1 3.2999997 0
14.9 3.2999997 0.1
-15.1 3.2999997 0.1
14.9 3.2999997 0.2
-15.1 3.2999997 0.2
14.9 3.2999997 0.30000001
-15.1 3.2999997 0.30000001
14.9 3.2999997 0.40000001
-15.1 3.2999997 0.40000001
14.9 3.2999997 0.5
-15.1 3.2999997 0.5
14.9 3.2999997 0.60000002
-15.1 3.2999997 0.60000002
14.9 3.2999997 0.69999999
-15.1 3.2999997 0.69999999
14.9 3.2999997 0.80000001
-15.1 3.2999997 0.80000001
14.9 3.2999997 0.89999998
-15.1 3.2999997 0.89999998
14.9 3.4000001 0
-15.1 3.4000001 0
14.9 3.4000001 0.1
-15.1 3.4000001 0.1
14.9 3.4000001 0.2
-15.1 3.4000001 0.2
14.9 3.4000001 0.30000001
-15.1 3.4000001 0.30000001
14.9 3.4000001 0.40000001
-15.1 3.4000001 0.40000001
14.9 3.4000001 0.5
-15.1 3.4000001 0.5
14.9 3.4000001 0.60000002
-15.1 3.4000001 0.60000002
14.9 3.4000001 0.69999999
-15.1 3.4000001 0.69999999
14.9 3.4000001 0.80000001
-15.1 3.4000001 0.80000001
14.9 3.4000001 0.89999998
-15.1 3.4000001 0.89999998
14.9 3.5000005 0
-15.1 3.5000005 0
14.9 3.5000005 0.1
-15.1 3.5000005 0.1
14.9 3.5000005 0.2
-15.1 3.5000005 0.2
14.9 3.5000005 0.30000001
-15.1 3.5000005 0.30000001
14.9 3.5000005 0.40000001
-15.1 3.5000005 0.40000001
14.9 3.5000005 0.5
-15.1 3.5000005 0.5
14.9 3.5000005 0.60000002
-15.1 3.5000005 0.60000002
14.9 3.5000005 0.69999999
-15.1 3.5000005 0.69999999
14.9 3.5000005 0.80000001
-15.1 3.5000005 0.80000001
14.9 3.5000005 0.89999998
-15.1 3.5000005 0.89999998
14.9 3.6000009 0
-15.1 3.6000009 0
14.9 3.6000009 0.1
-15.1 3.6000009 0.1
14.9 3.6000009 0.2
-15.1 3.6000009 0.2
14.9 3.6000009 0.30000001
-15.1 3.6000009 0.30000001
14.9 3.6000009 0.40000001
-15.1 3.6000009 0.40000001
14.9 3.6000009 0.5
-15.1 3.6000009 0.5
14.9 3.6000009 0.60000002
-15.1 3.6000009 0.60000002
14.9 3.6000009 0.69999999
-15.1 3.6000009 0.69999999
14.9 3.6000009 0.80000001
-15.1 3.6000009 0.80000001
14.9 3.6000009 0.89999998
-15.1 3.6000009 0.89999998
14.9 3.6999993 0
-15.1 3.6999993 0
14.9 3.6999993 0.1
-15.1 3.6999993 0.1
14.9 3.6999993 0.2
-15.1 3.6999993 0.2
14.9 3.6999993 0.30000001
-15.1 3.6999993 0.30000001
14.9 3.6999993 0.40000001
-15.1 3.6999993 0.40000001
14.9 3.6999993 0.5
-15.1 3.6999993 0.5
14.9 3.6999993 0.60000002
-15.1 3.6999993 0.60000002
14.9 3.6999993 0.69999999
-15.1 3.6999993 0.69999999
14.9 3.6999993 0.80000001
-15.1 3.6999993 0.80000001
14.9 3.6999993 0.89999998
-15.1 3.6999993 0.89999998
14.9 3.7999997 0
-15.1 3.7999997 0
14.9 3.7999997 0.1
-15.1 3.7999997 0.1
14.9 3.7999997 0.2
-15.1 3.7999997 0.2
14.9 3.7999997 0.30000001
-15.1 3.7999997 0.30000001
14.9 3.7999997 0.40000001
-15.1 3.7999997 0.40000001
14.9 3.7999997 0.5
-15.1 3.7999997 0.5
14.9 3.7999997 0.60000002
-15.1 3.7999997 0.60000002
14.9 3.7999997 0.69999999
-15.1 3.7999997 0.69999999
14.9 3.7999997 0.80000001
-15.1 3.7999997 0.80000001
14.9 3.7999997 0.89999998
-15.1 3.7999997 0.89999998
14.9 3.9000001 0
-15.1 3.9000001 0
14.9 3.9000001 0.1
-15.1 3.9000001 0.1
14.9 3.9000001 0.2
-15.1 3.9000001 0.2
14.9 3.9000001 0.30000001
-15.1 3.9000001 0.30000001
14.9 3.9000001 0.40000001
-15.1 3.9000001 0.40000001
14.9 3.9000001 0.5
-15.1 3.9000001 0.5
14.9 3.9000001 0.60000002
-15.1 3.9000001 0.60000002
14.9 3.9000001 0.69999999
-15.1 3.9000001 0.69999999
14.9 3.9000001 0.80000001
-15.1 3.9000001 0.80000001
14.9 3.9000001 0.89999998
-15.1 3.9000001 0.89999998
14.9 4.0000005 0
-15.1 4.0000005 0
14.9 4.0000005 0.1
-15.1 4.0000005 0.1
14.9 4.0000005 0.2
-15.1 4.0000005 0.2
14.9 4.0000005 0.30000001
-15.1 4.0000005 0.30000001
14.9 4.0000005 0.40000001
-15.1 4.0000005 0.40000001
14.9 4.0000005 0.5
-15.1 4.0000005 0.5
14.9 4.0000005 0.60000002
-15.1 4.0000005 0.60000002
14.9 4.0000005 0.69999999
-15.1 4.0000005 0.69999999
14.9 4.0000005 0.80000001
-15.1 4.0000005 0.80000001
14.9 4.0000005 0.89999998
-15.1 4.0000005 0.89999998
14.9 4.1000009 0
-15.1 4.1000009 0
14.9 4.1000009 0.1
-15.1 4.1000009 0.1
14.9 4.1000009 0.2
-15.1 4.1000009 0.2
14.9 4.1000009 0.30000001
-15.1 4.1000009 0.30000001
14.9 4.1000009 0.40000001
-15.1 4.1000009 0.40000001
14.9 4.1000009 0.5
-15.1 4.1000009 0.5
14.9 4.1000009 0.60000002
-15.1 4.1000009 0.60000002
14.9 4.1000009 0.69999999
-15.1 4.1000009 0.69999999
14.9 4.1000009 0.80000001
-15.1 4.1000009 0.80000001
14.9 4.1000009 0.89999998
-15.1 4.1000009 0.89999998
14.9 4.1999993 0
-15.1 4.1999993 0
14.9 4.1999993 0.1
-15.1 4.1999993 0.1
14.9 4.1999993 0.2
-15.1 4.1999993 0.2
14.9 4.1999993 0.30000001
-15.1 4.1999993 0.30000001
14.9 4.1999993 0.40000001
-15.1 4.1999993 0.40000001
14.9 4.1999993 0.5
-15.1 4.1999993 0.5
14.9 4.1999993 0.60000002
-15.1 4.1999993 0.60000002
14.9 4.1999993 0.69999999
-15.1 4.1999993 0.69999999
14.9 4.1999993 0.80000001
-15.1 4.1999993 0.80000001
14.9 4.1999993 0.89999998
-15.1 4.1999993 0.89999998
14.9 4.2999997 0
-15.1 4.2999997 0
14.9 4.2999997 0.1
-15.1 4.2999997 0.1
14.9 4.2999997 0.2
-15.1 4.2999997 0.2
14.9 4.2999997 0.30000001
-15.1 4.2999997 0.30000001
14.9 4.2999997 0.40000001
-15.1 4.2999997 0.40000001
14.9 4.2999997 0.5
-15.1 4.2999997 0.5
14.9 4.2999997 0.60000002
-15.1 4.2999997 0.60000002
14.9 4.2999997 0.69999999
-15.1 4.2999997 0.69999999
14.9 4.2999997 0.80000001
-15.1 4.2999997 0.80000001
14.9 4.2999997 0.89999998
-15.1 4.2999997 0.89999998
14.9 4.4000001 0
-15.1 4.4000001 0
14.9 4.4000001 0.1
-15.1 4.4000001 0.1
14.9 4.4000001 0.2
-15.1 4.4000001 0.2
14.9 4.4000001 0.30000001
-15.1 4.4000001 0.30000001
14.9 4.4000001 0.40000001
-15.1 4.4000001 0.40000001
14.9 4.4000001 0.5
-15.1 4.4000001 0.5
14.9 4.4000001 0.60000002
-15.1 4.4000001 0.60000002
14.9 4.4000001 0.69999999
-15.1 4.4000001 0.69999999
14.9 4.4000001 0.80000001
-15.1 4.4000001 0.80000001
14.9 4.4000001 0.89999998
-15.1 4.4000001 0.89999998
14.9 4.5000005 0
-15.1 4.5000005 0
14.9 4.5000005 0.1
-15.1 4.5000005 0.1
14.9 4.5000005 0.2
-15.1 4.5000005 0.2
14.9 4.5000005 0.30000001
-15.1 4.5000005 0.30000001
14.9 4.5000005 0.40000001
-15.1 4.5000005 0.40000001
14.9 4.5000005 0.5
-15.1 4.5000005 0.5
14.9 4.5000005 0.60000002
-15.1 4.5000005 0.60000002
14.9 4.5000005 0.69999999
-15.1 4.5000005 0.69999999
14.9 4.5000005 0.80000001
-15.1 4.5000005 0.80000001
14.9 4.5000005 0.89999998
-15.1 4.5000005 0.89999998
14.9 4.6000009 0
-15.1 4.6000009 0
14.9 4.6000009 0.1
-15.1 4.6000009 0.1
14.9 4.6000009 0.2
-15.1 4.6000009 0.2
14.9 4.6000009 0.30000001
-15.1 4.6000009 0.30000001
14.9 4.6000009 0.40000001
-15.1 4.6000009 0.40000001
14.9 4.6000009 0.5
-15.1 4.6000009 0.5
14.9 4.6000009 0.60000002
-15.1 4.6000009 0.60000002
14.9 4.6000009 0.69999999
-15.1 4.6000009 0.69999999
14.9 4.6000009 0.80000001
-15.1 4.6000009 0.80000001
14.9 4.6000009 0.89999998
-15.1 4.6000009 0.89999998
14.9 4.6999993 0
-15.1 4.6999993 0
14.9 4.6999993 0.1
-15.1 4.6999993 0.1
14.9 4.6999993 0.2
-15.1 4.6999993 0.2
14.9 4.6999993 0.30000001
-15.1 4.6999993 0.30000001
14.9 4.6999993 0.40000001
-15.1 4.6999993 0.40000001
14.9 4.6999993 0.5
-15.1 4.6999993 0.5
14.9 4.6999993 0.60000002
-15.1 4.6999993 0.60000002
14.9 4.6999993 0.69999999
-15.1 4.6999993 0.69999999
14.9 4.6999993 0.80000001
-15.1 4.6999993 0.80000001
14.9 4.6999993 0.89999998
-15.1 4.6999993 0.89999998
14.9 4.7999997 0
-15.1 4.7999997 0
14.9 4.7999997 0.1
-15.1 4.7999997 0.1
14.9 4.7999997 0.2
-15.1 4.7999997 0.2
14.9 4.7999997 0.30000001
-15.1 4.7999997 0.30000001
14.9 4.7999997 0.40000001
-15.1 4.7999997 0.40000001
14.9 4.7999997 0.5
-15.1 4.7999997 0.5
14.9 4.7999997 0.60000002
-15.1 4.7999997 0.60000002
14.9 4.7999997 0.69999999
-15.1 4.7999997 0.69999999
14.9 4.7999997 0.80000001
-15.1 4.7999997 0.80000001
14.9 4.7999997 0.89999998
-15.1 4.7999997 0.89999998
14.9 4.9000001 0
-15.1 4.9000001 0
14.9 4.9000001 0.1
-15.1 4.9000001 0.1
14.9 4.9000001 0.2
-15.1 4.9000001 0.2
14.9 4.9000001 0.30000001
-15.1 4.9000001 0.30000001
14.9 4.9000001 0.40000001
-15.1 4.9000001 0.40000001
14.9 4.9000001 0.5
-15.1 4.9000001 0.5
14.9 4.9000001 0.60000002
-15.1 4.9000001 0.60000002
14.9 4.9000001 0.69999999
-15.1 4.9000001 0.69999999
14.9 4.9000001 0.80000001
-15.1 4.9000001 0.80000001
14.9 4.9000001 0.89999998
-15.1 4.9000001 0.89999998
14.9 5.0000005 0
-15.1 5.0000005 0
14.9 5.0000005 0.1
-15.1 5.0000005 0.1
14.9 5.0000005 0.2
-15.1 5.0000005 0.2
14.9 5.0000005 0.30000001
-15.1 5.0000005 0.30000001
14.9 5.0000005 0.40000001
-15.1 5.0000005 0.40000001
14.9 5.0000005 0.5
-15.1 5.0000005 0.5
14.9 5.0000005 0.60000002
-15.1 5.0000005 0.60000002
14.9 5.0000005 0.69999999
-15.1 5.0000005 0.69999999
14.9 5.0000005 0.80000001
-15.1 5.0000005 0.80000001
14.9 5.0000005 0.89999998
-15.1 5.0000005 0.89999998
14.9 5.1000009 0
-15.1 5.1000009 0
14.9 5.1000009 0.1
-15.1 5.1000009 0.1
14.9 5.1000009 0.2
-15.1 5.1000009 0.2
14.9 5.1000009 0.30000001
-15.1 5.1000009 0.30000001
14.9 5.1000009 0.40000001
-15.1 5.1000009 0.40000001
14.9 5.1000009 0.5
-15.1 5.1000009 0.5
14.9 5.1000009 0.60000002
-15.1 5.1000009 0.60000002
14.9 5.1000009 0.69999999
-15.1 5.1000009 0.69999999
14.9 5.1000009 0.80000001
-15.1 5.1000009 0.80000001
14.9 5.1000009 0.89999998
-15.1 5.1000009 0.89999998
14.9 5.1999993 0
-15.1 5.1999993 0
14.9 5.1999993 0.1
-15.1 5.1999993 0.1
14.9 5.1999993 0.2
-15.1 5.1999993 0.2
14.9 5.1999993 0.30000001
-15.1 5.1999993 0.30000001
14.9 5.1999993 0.40000001
-15.1 5.1999993 0.40000001
14.9 5.1999993 0.5
-15.1 5.1999993 0.5
14.9 5.1999993 0.60000002
-15.1 5.1999993 0.60000002
14.9 5.1999993 0.69999999
-15.1 5.1999993 0.69999999
14.9 5.1999993 0.80000001
-15.1 5.1999993 0.80000001
14.9 5.1999993 0.89999998
-15.1 5.1999993 0.89999998
14.9 5.2999997 0
-15.1 5.2999997 0
14.9 5.2999997 0.1
-15.1 5.2999997 0.1
14.9 5.2999997 0.2
-15.1 5.2999997 0.2
14.9 5.2999997 0.30000001
-15.1 5.2999997 0.30000001
14.9 5.2999997 0.40000001
-15.1 5.2999997 0.40000001
14.9 5.2999997 0.5
-15.1 5.2999997 0.5
14.9 5.2999997 0.60000002
-15.1 5.2999997 0.60000002
14.9 5.2999997 0.69999999
-15.1 5.2999997 0.69999999
14.9 5.2999997 0.80000001
-15.1 5.2999997 0.80000001
14.9 5.2999997 0.89999998
-15.1 5.2999997 0.89999998
14.9 5.4000001 0
-15.1 5.4000001 0
14.9 5.4000001 0.1
-15.1 5.4000001 0.1
14.9 5.4000001 0.2
-15.1 5.4000001 0.2
14.9 5.4000001 0.30000001
-15.1 5.4000001 0.30000001
14.9 5.4000001 0.40000001
-15.1 5.4000001 0.40000001
14.9 5.4000001 0.5
-15.1 5.4000001 0.5
14.9 5.4000001 0.60000002
-15.1 5.4000001 0.60000002
14.9 5.4000001 0.69999999
-15.1 5.4000001 0.69999999
14.9 5.4000001 0.80000001
-15.1 5.4000001 0.80000001
14.9 5.4000001 0.89999998
-15.1 5.4000001 0.89999998
14.9 5.5000005 0
-15.1 5.5000005 0
14.9 5.5000005 0.1
-15.1 5.5000005 0.1
14.9 5.5000005 0.2
-15.1 5.5000005 0.2
14.9 5.5000005 0.30000001
-15.1 5.5000005 0.30000001
14.9 5.5000005 0.40000001
-15.1 5.5000005 0.40000001
14.9 5.5000005 0.5
-15.1 5.5000005 0.5
14.9 5.5000005 0.60000002
-15.1 5.5000005 0.60000002
14.9 5.5000005 0.69999999
-15.1 5.5000005 0.69999999
14.9 5.5000005 0.80000001
-15.1 5.5000005 0.80000001
14.9 5.5000005 0.89999998
-15.1 5.5000005 0.89999998
14.9 5.6000009 0
-15.1 5.6000009 0
14.9 5.6000009 0.1
-15.1 5.6000009 0.1
14.9 5.6000009 0.2
-15.1 5.6000009 0.2
14.9 5.6000009 0.30000001
-15.1 5.6000009 0.30000001
14.9 5.6000009 0.40000001
-15.1 5.6000009 0.40000001
14.9 5.6000009 0.5
-15.1 5.6000009 0.5
14.9 5.6000009 0.60000002
-15.1 5.6000009 0.60000002
14.9 5.6000009 0.69999999
-15.1 5.6000009 0.69999999
14.9 5.6000009 0.80000001
-15.1 5.6000009 0.80000001
14.9 5.6000009 0.89999998
-15.1 5.6000009 0.89999998
14.9 5.6999993 0
-15.1 5.6999993 0
14.9 5.6999993 0.1
-15.1 5.6999993 0.1
14.9 5.6999993 0.2
-15.1 5.6999993 0.2
14.9 5.6999993 0.30000001
-15.1 5.6999993 0.30000001
14.9 5.6999993 0.40000001
-15.1 5.6999993 0.40000001
14.9 5.6999993 0.5
-15.1 5.6999993 0.5
14.9 5.6999993 0.60000002
-15.1 5.6999993 0.60000002
14.9 5.6999993 0.69999999
-15.1 5.6999993 0.69999999
14.9 5.6999993 0.80000001
-15.1 5.6999993 0.80000001
14.9 5.6999993 0.89999998
-15.1 5.6999993 0.89999998
14.9 5.7999997 0
-15.1 5.7999997 0
14.9 5.7999997 0.1
-15.1 5.7999997 0.1
14.9 5.7999997 0.2
-15.1 5.7999997 0.2
14.9 5.7999997 0.30000001
-15.1 5.7999997 0.30000001
14.9 5.7999997 0.40000001
-15.1 5.7999997 0.40000001
14.9 5.7999997 0.5
-15.1 5.7999997 0.5
14.9 5.7999997 0.60000002
-15.1 5.7999997 0.60000002
14.9 5.7999997 0.69999999
-15.1 5.7999997 0.69999999
14.9 5.7999997 0.80000001
-15.1 5.7999997 0.80000001
14.9 5.7999997 0.89999998
-15.1 5.7999997 0.89999998
14.9 5.9000001 0
-15.1 5.9000001 0
14.9 5.9000001 0.1
-15.1 5.9000001 0.1
14.9 5.9000001 0.2
-15.1 5.9000001 0.2
14.9 5.9000001 0.30000001
-15.1 5.9000001 0.30000001
14.9 5.9000001 0.40000001
-15.1 5.9000001 0.40000001
14.9 5.9000001 0.5
-15.1 5.9000001 0.5
14.9 5.9000001 0.60000002
-15.1 5.9000001 0.60000002
14.9 5.9000001 0.69999999
-15.1 5.9000001 0.69999999
14.9 5.9000001 0.80000001
-15.1 5.9000001 0.80000001
14.9 5.9000001 0.89999998
-15.1 5.9000001 0.89999998
14.9 6.0000005 0
-15.1 6.0000005 0
14.9 6.0000005 0.1
-15.1 6.0000005 0.1
14.9 6.0000005 0.2
-15.1 6.0000005 0.2
14.9 6.0000005 0.30000001
-15.1 6.0000005 0.30000001
14.9 6.0000005 0.40000001
-15.1 6.0000005 0.40000001
14.9 6.0000005 0.5
-15.1 6.0000005 0.5
14.9 6.0000005 0.60000002
-15.1 6.0000005 0.60000002
14.9 6.0000005 0.69999999
-15.1 6.0000005 0.69999999
14.9 6.0000005 0.80000001
-15.1 6.0000005 0.80000001
14.9 6.0000005 0.89999998
-15.1 6.0000005 0.89999998
14.9 6.1000009 0
-15.1 6.1000009 0
14.9 6.1000009 0.1
-15.1 6.1000009 0.1
14.9 6.1000009 0.2
-15.1 6.1000009 0.2
14.9 6.1000009 0.30000001
-15.1 6.1000009 0.30000001
14.9 6.1000009 0.40000001
-15.1 6.1000009 0.40000001
14.9 6.1000009 0.5
-15.1 6.1000009 0.5
14.9 6.1000009 0.60000002
-15.1 6.1000009 0.60000002
14.9 6.1000009 0.69999999
-15.1 6.1000009 0.69999999
14.9 6.1000009 0.80000001
-15.1 6.1000009 0.80000001
14.9 6.1000009 0.89999998
-15.1 6.1000009 0.89999998
14.9 6.1999993 0
-15.1 6.1999993 0
14.9 6.1999993 0.1
-15.1 6.1999993 0.1
14.9 6.1999993 0.2
-15.1 6.1999993 0.2
14.9 6.1999993 0.30000001
-15.1 6.1999993 0.30000001
14.9 6.1999993 0.40000001
-15.1 6.1999993 0.40000001
14.9 6.1999993 0.5
-15.1 6.1999993 0.5
14.9 6.1999993 0.60000002
-15.1 6.1999993 0.60000002
14.9 6.1999993 0.69999999
-15.1 6.1999993 0.69999999
14.9 6.1999993 0.80000001
-15.1 6.1999993 0.80000001
14.9 6.1999993 0.89999998
-15.1 6.1999993 0.89999998
14.9 6.2999997 0
-15.1 6.2999997 0
14.9 6.2999997 0.1
-15.1 6.2999997 0.1
14.9 6.2999997 0.2
-15.1 6.2999997 0.2
14.9 6.2999997 0.30000001
-15.1 6.2999997 0.30000001
14.9 6.2999997 0.40000001
-15.1 6.2999997 0.40000001
14.9 6.2999997 0.5
-15.1 6.2999997 0.5
14.9 6.2999997 0.60000002
-15.1 6.2999997 0.60000002
14.9 6.2999997 0.69999999
-15.1 6.2999997 0.69999999
14.9 6.2999997 0.80000001
-15.1 6.2999997 0.80000001
14.9 6.2999997 0.89999998
-15.1 6.2999997 0.89999998
14.9 6.4000001 0
-15.1 6.4000001 0
14.9 6.4000001 0.1
-15.1 6.4000001 0.1
14.9 6.4000001 0.2
-15.1 6.4000001 0.2
14.9 6.4000001 0.30000001
-15.1 6.4000001 0.30000001
14.9 6.4000001 0.40000001
-15.1 6.4000001 0.40000001
14.9 6.4000001 0.5
-15.1 6.4000001 0.5
14.9 6.4000001 0.60000002
-15.1 6.4000001 0.60000002
14.9 6.4000001 0.69999999
-15.1 6.4000001 0.69999999
14.9 6.4000001 0.80000001
-15.1 6.4000001 0.80000001
14.9 6.4000001 0.89999998
-15.1 6.4000001 0.89999998
14.9 6.5000005 0
-15.1 6.5000005 0
14.9 6.5000005 0.1
-15.1 6.5000005 0.1
14.9 6.5000005 0.2
-15.1 6.5000005 0.2
14.9 6.5000005 0.30000001
-15.1 6.5000005 0.30000001
14.9 6.5000005 0.40000001
-15.1 6.5000005 0.40000001
14.9 6.5000005 0.5
-15.1 6.5000005 0.5
14.9 6.5000005 0.60000002
-15.1 6.5000005 0.60000002
14.9 6.5000005 0.69999999
-15.1 6.5000005 0.69999999
14.9 6.5000005 0.80000001
-15.1 6.5000005 0.80000001
14.9 6.5000005 0.89999998
-15.1 6.5000005 0.89999998
14.9 6.6000009 0
-15.1 6.6000009 0
14.9 6.6000009 0.1
-15.1 6.6000009 0.1
14.9 6.6000009 0.2
-15.1 6.6000009 0.2
14.9 6.6000009 0.30000001
-15.1 6.6000009 0.30000001
14.9 6.6000009 0.40000001
-15.1 6.6000009 0.40000001
14.9 6.6000009 0.5
-15.1 6.6000009 0.5
14.9 6.6000009 0.60000002
-15.1 6.6000009 0.60000002
14.9 6.6000009 0.69999999
-15.1 6.6000009 0.69999999
14.9 6.6000009 0.80000001
-15.1 6.6000009 0.80000001
14.9 6.6000009 0.89999998
-15.1 6.6000009 0.89999998
14.9 6.6999993 0
-15.1 6.6999993 0
14.9 6.6999993 0.1
-15.1 6.6999993 0.1
14.9 6.6999993 0.2
-15.1 6.6999993 0.2
14.9 6.6999993 0.30000001
-15.1 6.6999993 0.30000001
14.9 6.6999993 0.40000001
-15.1 6.6999993 0.40000001
14.9 6.6999993 0.5
-15.1 6.6999993 0.5
14.9 6.6999993 0.60000002
-15.1 6.6999993 0.60000002
14.9 6.6999993 0.69999999
-15.1 6.6999993 0.69999999
14.9 6.6999993 0.80000001
-15.1 6.6999993 0.80000001
14.9 6.6999993 0.89999998
-15.1 6.6999993 0.89999998
14.9 6.7999997 0
-15.1 6.7999997 0
14.9 6.7999997 0.1
-15.1 6.7999997 0.1
14.9 6.7999997 0.2
-15.1 6.7999997 0.2
14.9 6.7999997 0.30000001
-15.1 6.7999997 0.30000001
14.9 6.7999997 0.40000001
-15.1 6.7999997 0.40000001
14.9 6.7999997 0.5
-15.1 6.7999997 0.5
14.9 6.7999997 0.60000002
-15.1 6.7999997 0.60000002
14.9 6.7999997 0.69999999
-15.1 6.7999997 0.69999999
14.9 6.7999997 0.80000001
-15.1 6.7999997 0.80000001
14.9 6.7999997 0.89999998
-15.1 6.7999997 0.89999998
14.9 6.9000001 0
-15.1 6.9000001 0
14.9 6.9000001 0.1
-15.1 6.9000001 0.1
14.9 6.9000001 0.2
-15.1 6.9000001 0.2
14.9 6.9000001 0.30000001
-15.1 6.9000001 0.30000001
14.9 6.9000001 0.40000001
-15.1 6.9000001 0.40000001
14.9 6.9000001 0.5
-15.1 6.9000001 0.5
14.9 6.9000001 0.60000002
-15.1 6.9000001 0.60000002
14.9 6.9000001 0.69999999
-15.1 6.9000001 0.69999999
14.9 6.9000001 0.80000001
-15.1 6.9000001 0.80000001
14.9 6.9000001 0.89999998
-15.1 6.9000001 0.89999998
14.9 7.0000005 0
-15.1 7.0000005 0
14.9 7.0000005 0.1
-15.1 7.0000005 0.1
14.9 7.0000005 0.2
-15.1 7.0000005 0.2
14.9 7.0000005 0.30000001
-15.1 7.0000005 0.30000001
14.9 7.0000005 0.40000001
-15.1 7.0000005 0.40000001
14.9 7.0000005 0.5
-15.1 7.0000005 0.5
14.9 7.0000005 0.60000002
-15.1 7.0000005 0.60000002
14.9 7.0000005 0.69999999
-15.1 7.0000005 0.69999999
14.9 7.0000005 0.80000001
-15.1 7.0000005 0.80000001
14.9 7.0000005 0.89999998
-15.1 7.0000005 0.89999998
14.9 7.1000009 0
-15.1 7.1000009 0
14.9 7.1000009 0.1
-15.1 7.1000009 0.1
14.9 7.1000009 0.2
-15.1 7.1000009 0.2
14.9 7.1000009 0.30000001
-15.1 7.1000009 0.30000001
14.9 7.1000009 0.40000001
-15.1 7.1000009 0.40000001
14.9 7.1000009 0.5
-15.1 7.1000009 0.5
14.9 7.1000009 0.60000002
-15.1 7.1000009 0.60000002
14.9 7.1000009 0.69999999
-15.1 7.1000009 0.69999999
14.9 7.1000009 0.80000001
-15.1 7.1000009 0.80000001
14.9 7.1000009 0.89999998
-15.1 7.1000009 0.89999998
14.9 7.1999993 0
-15.1 7.1999993 0
14.9 7.1999993 0.1
-15.1 7.1999993 0.1
14.9 7.1999993 0.2
-15.1 7.1999993 0.2
14.9 7.1999993 0.30000001
-15.1 7.1999993 0.30000001
14.9 7.1999993 0.40000001
-15.1 7.1999993 0.40000001
14.9 7.1999993 0.5
-15.1 7.1999993 0.5
14.9 7.1999993 0.60000002
-15.1 7.1999993 0.60000002
14.9 7.1999993 0.69999999
-15.1 7.1999993 0.69999999
14.9 7.1999993 0.80000001
-15.1 7.1999993 0.80000001
14.9 7.1999993 0.89999998
-15.1 7.1999993 0.89999998
14.9 7.2999997 0
-15.1 7.2999997 0
14.9 7.2999997 0.1
-15.1 7.2999997 0.1
14.9 7.2999997 0.2
-15.1 7.2999997 0.2
14.9 7.2999997 0.30000001
-15.1 7.2999997 0.30000001
14.9 7.2999997 0.40000001
-15.1 7.2999997 0.40000001
14.9 7.2999997 0.5
-15.1 7.2999997 0.5
14.9 7.2999997 0.60000002
-15.1 7.2999997 0.60000002
14.9 7.2999997 0.69999999
-15.1 7.2999997 0.69999999
14.9 7.2999997 0.80000001
-15.1 7.2999997 0.80000001
14.9 7.2999997 0.89999998
-15.1 7.2999997 0.89999998
14.9 7.4000001 0
-15.1 7.4000001 0
14.9 7.4000001 0.1
-15.1 7.4000001 0.1
14.9 7.4000001 0.2
-15.1 7.4000001 0.2
14.9 7.4000001 0.30000001
-15.1 7.4000001 0.30000001
14.9 7.4000001 0.40000001
-15.1 7.4000001 0.40000001
14.9 7.4000001 0.5
-15.1 7.4000001 0.5
14.9 7.4000001 0.60000002
-15.1 7.4000001 0.60000002
14.9 7.4000001 0.69999999
-15.1 7.4000001 0.69999999
14.9 7.4000001 0.80000001
-15.1 7.4000001 0.80000001
14.9 7.4000001 0.89999998
-15.1 7.4000001 0.89999998
14.9 7.5000005 0
-15.1 7.5000005 0
14.9 7.5000005 0.1
-15.1 7.5000005 0.1
14.9 7.5000005 0.2
-15.1 7.5000005 0.2
14.9 7.5000005 0.30000001
-15.1 7.5000005 0.30000001
14.9 7.5000005 0.40000001
-15.1 7.5000005 0.40000001
14.9 7.5000005 0.5
-15.1 7.5000005 0.5
14.9 7.5000005 0.60000002
-15.1 7.5000005 0.60000002
14.9 7.5000005 0.69999999
-15.1 7.5000005 0.69999999
14.9 7.5000005 0.80000001
-15.1 7.5000005 0.80000001
14.9 7.5000005 0.89999998
-15.1 7.5000005 0.89999998
14.9 7.6000009 0
-15.1 7.6000009 0
14.9 7.6000009 0.1
-15.1 7.6000009 0.1
14.9 7.6000009 0.2
-15.1 7.6000009 0.2
14.9 7.6000009 0.30000001
-15.1 7.6000009 0.30000001
14.9 7.6000009 0.40000001
-15.1 7.6000009 0.40000001
14.9 7.6000009 0.5
-15.1 7.6000009 0.5
14.9 7.6000009 0.60000002
-15.1 7.6000009 0.60000002
14.9 7.6000009 0.69999999
-15.1 7.6000009 0.69999999
14.9 7.6000009 0.80000001
-15.1 7.6000009 0.80000001
14.9 7.6000009 0.89999998
-15.1 7.6000009 0.89999998
14.9 7.6999993 0
-15.1 7.6999993 0
14.9 7.6999993 0.1
-15.1 7.6999993 0.1
14.9 7.6999993 0.2
-15.1 7.6999993 0.2
14.9 7.6999993 0.30000001
-15.1 7.6999993 0.30000001
14.9 7.6999993 0.40000001
-15.1 7.6999993 0.40000001
14.9 7.6999993 0.5
-15.1 7.6999993 0.5
14.9 7.6999993 0.60000002
-15.1 7.6999993 0.60000002
14.9 7.6999993 0.69999999
-15.1 7.6999993 0.69999999
14.9 7.6999993 0.80000001
-15.1 7.6999993 0.80000001
14.9 7.6999993 0.89999998
-15.1 7.6999993 0.89999998
14.9 7.7999997 0
-15.1 7.7999997 0
14.9 7.7999997 0.1
-15.1 7.7999997 0.1
14.9 7.7999997 0.2
-15.1 7.7999997 0.2
14.9 7.7999997 0.30000001
-15.1 7.7999997 0.30000001
14.9 7.7999997 0.40000001
-15.1 7.7999997 0.40000001
14.9 7.7999997 0.5
-15.1 7.7999997 0.5
14.9 7.7999997 0.60000002
-15.1 7.7999997 0.60000002
14.9 7.7999997 0.69999999
-15.1 7.7999997 0.69999999
14.9 7.7999997 0.80000001
-15.1 7.7999997 0.80000001
14.9 7.7999997 0.89999998
-15.1 7.7999997 0.89999998
14.9 7.9000001 0
-15.1 7.9000001 0
14.9 7.9000001 0.1
-15.1 7.9000001 0.1
14.9 7.9000001 0.2
-15.1 7.9000001 0.2
14.9 7.9000001 0.30000001
-15.1 7.9000001 0.30000001
14.9 7.9000001 0.40000001
-15.1 7.9000001 0.40000001
14.9 7.9000001 0.5
-15.1 7.9000001 0.5
14.9 7.9000001 0.60000002
-15.1 7.9000001 0.60000002
14.9 7.9000001 0.69999999
-15.1 7.9000001 0.69999999
14.9 7.9000001 0.80000001
-15.1 7.9000001 0.80000001
14.9 7.9000001 0.89999998
-15.1 7.9000001 0.89999998
14.9 8 0
-15.1 8 0
14.9 8 0.1
-15.1 8 0.1
14.9 8 0.2
-15.1 8 0.2
14.9 8 0.30000001
-15.1 8 0.30000001
14.9 8 0.40000001
-15.1 8 0.40000001
14.9 8 0.5
-15.1 8 0.5
14.9 8 0.60000002
-15.1 8 0.60000002
14.9 8 0.69999999
-15.1 8 0.69999999
14.9 8 0.80000001
-15.1 8 0.80000001
14.9 8 0.89999998
-15.1 8 0.89999998
14.9 8.1000004 0
-15.1 8.1000004 0
14.9 8.1000004 0.1
-15.1 8.1000004 0.1
14.9 8.1000004 0.2
-15.1 8.1000004 0.2
14.9 8.1000004 0.30000001
-15.1 8.1000004 0.30000001
14.9 8.1000004 0.40000001
-15.1 8.1000004 0.40000001
14.9 8.1000004 0.5
-15.1 8.1000004 0.5
14.9 8.1000004 0.60000002
-15.1 8.1000004 0.60000002
14.9 8.1000004 0.69999999
-15.1 8.1000004 0.69999999
14.9 8.1000004 0.80000001
-15.1 8.1000004 0.80000001
14.9 8.1000004 0.89999998
-15.1 8.1000004 0.89999998
14.9 8.1999989 0
-15.1 8.1999989 0
14.9 8.1999989 0.1
-15.1 8.1999989 0.1
14.9 8.1999989 0.2
-15.1 8.1999989 0.2
14.9 8.1999989 0.30000001
-15.1 8.1999989 0.30000001
14.9 8.1999989 0.40000001
-15.1 8.1999989 0.40000001
14.9 8.1999989 0.5
-15.1 8.1999989 0.5
14.9 8.1999989 0.60000002
-15.1 8.1999989 0.60000002
14.9 8.1999989 0.69999999
-15.1 8.1999989 0.69999999
14.9 8.1999989 0.80000001
-15.1 8.1999989 0.80000001
14.9 8.1999989 0.89999998
-15.1 8.1999989 0.89999998
14.9 8.2999992 0
-15.1 8.2999992 0
14.9 8.2999992 0.1
-15.1 8.2999992 0.1
14.9 8.2999992 0.2
-15.1 8.2999992 0.2
14.9 8.2999992 0.30000001
-15.1 8.2999992 0.30000001
14.9 8.2999992 0.40000001
-15.1 8.2999992 0.40000001
14.9 8.2999992 0.5
-15.1 8.2999992 0.5
14.9 8.2999992 0.60000002
-15.1 8.2999992 0.60000002
14.9 8.2999992 0.69999999
-15.1 8.2999992 0.69999999
14.9 8.2999992 0.80000001
-15.1 8.2999992 0.80000001
14.9 8.2999992 0.89999998
-15.1 8.2999992 0.89999998
14.9 8.3999996 0
-15.1 8.3999996 0
14.9 8.3999996 0.1
-15.1 8.3999996 0.1
14.9 8.3999996 0.2
-15.1 8.3999996 0.2
14.9 8.3999996 0.30000001
-15.1 8.3999996 0.30000001
14.9 8.3999996 0.40000001
-15.1 8.3999996 0.40000001
14.9 8.3999996 0.5
-15.1 8.3999996 0.5
14.9 8.3999996 0.60000002
-15.1 8.3999996 0.60000002
14.9 8.3999996 0.69999999
-15.1 8.3999996 0.69999999
14.9 8.3999996 0.80000001
-15.1 8.3999996 0.80000001
14.9 8.3999996 0.89999998
-15.1 8.3999996 0.89999998
14.9 8.5 0
-15.1 8.5 0
14.9 8.5 0.1
-15.1 8.5 0.1
14.9 8.5 0.2
-15.1 8.5 0.2
14.9 8.5 0.30000001
-15.1 8.5 0.30000001
14.9 8.5 0.40000001
-15.1 8.5 0.40000001
14.9 8.5 0.5
-15.1 8.5 0.5
14.9 8.5 0.60000002
-15.1 8.5 0.60000002
14.9 8.5 0.69999999
-15.1 8.5 0.69999999
14.9 8.5 0.80000001
-15.1 8.5 0.80000001
14.9 8.5 0.89999998
-15.1 8.5 0.89999998
14.9 8.6000004 0
-15.1 8.6000004 0
14.9 8.6000004 0.1
-15.1 8.6000004 0.1
14.9 8.6000004 0.2
-15.1 8.6000004 0.2
14.9 8.6000004 0.30000001
-15.1 8.6000004 0.30000001
14.9 8.6000004 0.40000001
-15.1 8.6000004 0.40000001
14.9 8.6000004 0.5
-15.1 8.6000004 0.5
14.9 8.6000004 0.60000002
-15.1 8.6000004 0.60000002
14.9 8.6000004 0.69999999
-15.1 8.6000004 0.69999999
14.9 8.6000004 0.80000001
-15.1 8.6000004 0.80000001
14.9 8.6000004 0.89999998
-15.1 8.6000004 0.89999998
14.9 8.6999989 0
-15.1 8.6999989 0
14.9 8.6999989 0.1
-15.1 8.6999989 0.1
14.9 8.6999989 0.2
-15.1 8.6999989 0.2
14.9 8.6999989 0.30000001
-15.1 8.6999989 0.30000001
14.9 8.6999989 0.40000001
-15.1 8.6999989 0.40000001
14.9 8.6999989 0.5
-15.1 8.6999989 0.5
14.9 8.6999989 0.60000002
-15.1 8.6999989 0.60000002
14.9 8.6999989 0.69999999
-15.1 8.6999989 0.69999999
14.9 8.6999989 0.80000001
-15.1 8.6999989 0.80000001
14.9 8.6999989 0.89999998
-15.1 8.6999989 0.89999998
14.9 8.7999992 0
-15.1 8.7999992 0
14.9 8.7999992 0.1
-15.1 8.7999992 0.1
14.9 8.7999992 0.2
-15.1 8.7999992 0.2
14.9 8.7999992 0.30000001
-15.1 8.7999992 0.30000001
14.9 8.7999992 0.40000001
-15.1 8.7999992 0.40000001
14.9 8.7999992 0.5
-15.1 8.7999992 0.5
14.9 8.7999992 0.60000002
-15.1 8.7999992 0.60000002
14.9 8.7999992 0.69999999
-15.1 8.7999992 0.69999999
14.9 8.7999992 0.80000001
-15.1 8.7999992 0.80000001
14.9 8.7999992 0.89999998
-15.1 8.7999992 0.89999998
14.9 8.8999996 0
-15.1 8.8999996 0
14.9 8.8999996 0.1
-15.1 8.8999996 0.1
14.9 8.8999996 0.2
-15.1 8.8999996 0.2
14.9 8.8999996 0.30000001
-15.1 8.8999996 0.30000001
14.9 8.8999996 0.40000001
-15.1 8.8999996 0.40000001
14.9 8.8999996 0.5
-15.1 8.8999996 0.5
14.9 8.8999996 0.60000002
-15.1 8.8999996 0.60000002
14.9 8.8999996 0.69999999
-15.1 8.8999996 0.69999999
14.9 8.8999996 0.80000001
-15.1 8.8999996 0.80000001
14.9 8.8999996 0.89999998
-15.1 8.8999996 0.89999998
14.9 9 0
-15.1 9 0
14.9 9 0.1
-15.1 9 0.1
14.9 9 0.2
-15.1 9 0.2
14.9 9 0.30000001
-15.1 9 0.30000001
14.9 9 0.40000001
-15.1 9 0.40000001
14.9 9 0.5
-15.1 9 0.5
14.9 9 0.60000002
-15.1 9 0.60000002
14.9 9 0.69999999
-15.1 9 0.69999999
14.9 9 0.80000001
-15.1 9 0.80000001
14.9 9 0.89999998
-15.1 9 0.89999998
14.9 9.1000004 0
-15.1 9.1000004 0
14.9 9.1000004 0.1
-15.1 9.1000004 0.1
14.9 9.1000004 0.2
-15.1 9.1000004 0.2
14.9 9.1000004 0.30000001
-15.1 9.1000004 0.30000001
14.9 9.1000004 0.40000001
-15.1 9.1000004 0.40000001
14.9 9.1000004 0.5
-15.1 9.1000004 0.5
14.9 9.1000004 0.60000002
-15.1 9.1000004 0.60000002
14.9 9.1000004 0.69999999
-15.1 9.1000004 0.69999999
14.9 9.1000004 0.80000001
-15.1 9.1000004 0.80000001
14.9 9.1000004 0.89999998
-15.1 9.1000004 0.89999998
14.9 9.1999989 0
-15.1 9.1999989 0
14.9 9.1999989 0.1
-15.1 9.1999989 0.1
14.9 9.1999989 0.2
-15.1 9.1999989 0.2
14.9 9.1999989 0.30000001
-15.1 9.1999989 0.30000001
14.9 9.1999989 0.40000001
-15.1 9.1999989 0.40000001
14.9 9.1999989 0.5
-15.1 9.1999989 0.5
14.9 9.1999989 0.60000002
-15.1 9.1999989 0.60000002
14.9 9.1999989 0.69999999
-15.1 9.1999989 0.69999999
14.9 9.1999989 0.80000001
-15.1 9.1999989 0.80000001
14.9 9.1999989 0.89999998
-15.1 9.1999989 0.89999998
14.9 9.2999992 0
-15.1 9.2999992 0
14.9 9.2999992 0.1
-15.1 9.2999992 0.1
14.9 9.2999992 0.2
-15.1 9.2999992 0.2
14.9 9.2999992 0.30000001
-15.1 9.2999992 0.30000001
14.9 9.2999992 0.40000001
-15.1 9.2999992 0.40000001
14.9 9.2999992 0.5
-15.1 9.2999992 0.5
14.9 9.2999992 0.60000002
-15.1 9.2999992 0.60000002
14.9 9.2999992 0.69999999
-15.1 9.2999992 0.69999999
14.9 9.2999992 0.80000001
-15.1 9.2999992 0.80000001
14.9 9.2999992 0.89999998
-15.1 9.2999992 0.89999998
14.9 9.3999996 0
-15.1 9.3999996 0
14.9 9.3999996 0.1
-15.1 9.3999996 0.1
14.9 9.3999996 0.2
-15.1 9.3999996 0.2
14.9 9.3999996 0.30000001
-15.1 9.3999996 0.30000001
14.9 9.3999996 0.40000001
-15.1 9.3999996 0.40000001
14.9 9.3999996 0.5
-15.1 9.3999996 0.5
14.9 9.3999996 0.60000002
-15.1 9.3999996 0.60000002
14.9 9.3999996 0.69999999
-15.1 9.3999996 0.69999999
14.9 9.3999996 0.80000001
-15.1 9.3999996 0.80000001
14.9 9.3999996 0.89999998
-15.1 9.3999996 0.89999998
14.9 9.5 0
-15.1 9.5 0
14.9 9.5 0.1
-15.1 9.5 0.1
14.9 9.5 0.2
-15.1 9.5 0.2
14.9 9.5 0.30000001
-15.1 9.5 0.30000001
14.9 9.5 0.40000001
-15.1 9.5 0.40000001
14.9 9.5 0.5
-15.1 9.5 0.5
14.9 9.5 0.60000002
-15.1 9.5 0.60000002
14.9 9.5 0.69999999
-15.1 9.5 0.69999999
14.9 9.5 0.80000001
-15.1 9.5 0.80000001
14.9 9.5 0.89999998
-15.1 9.5 0.89999998
14.9 9.6000004 0
-15.1 9.6000004 0
14.9 9.6000004 0.1
-15.1 9.6000004 0.1
14.9 9.6000004 0.2
-15.1 9.6000004 0.2
14.9 9.6000004 0.30000001
-15.1 9.6000004 0.30000001
14.9 9.6000004 0.40000001
-15.1 9.6000004 0.40000001
14.9 9.6000004 0.5
-15.1 9.6000004 0.5
14.9 9.6000004 0.60000002
-15.1 9.6000004 0.60000002
14.9 9.6000004 0.69999999
-15.1 9.6000004 0.69999999
14.9 9.6000004 0.80000001
-15.1 9.6000004 0.80000001
14.9 9.6000004 0.89999998
-15.1 9.6000004 0.89999998
14.9 9.6999989 0
-15.1 9.6999989 0
14.9 9.6999989 0.1
-15.1 9.6999989 0.1
14.9 9.6999989 0.2
-15.1 9.6999989 0.2
14.9 9.6999989 0.30000001
-15.1 9.6999989 0.30000001
14.9 9.6999989 0.40000001
-15.1 9.6999989 0.40000001
14.9 9.6999989 0.5
-15.1 9.6999989 0.5
14.9 9.6999989 0.60000002
-15.1 9.6999989 0.60000002
14.9 9.6999989 0.69999999
-15.1 9.6999989 0.69999999
14.9 9.6999989 0.80000001
-15.1 9.6999989 0.80000001
14.9 9.6999989 0.89999998
-15.1 9.6999989 0.89999998
14.9 9.7999992 0
-15.1 9.7999992 0
14.9 9.7999992 0.1
-15.1 9.7999992 0.1
14.9 9.7999992 0.2
-15.1 9.7999992 0.2
14.9 9.7999992 0.30000001
-15.1 9.7999992 0.30000001
14.9 9.7999992 0.40000001
-15.1 9.7999992 0.40000001
14.9 9.7999992 0.5
-15.1 9.7999992 0.5
14.9 9.7999992 0.60000002
-15.1 9.7999992 0.60000002
14.9 9.7999992 0.69999999
-15.1 9.7999992 0.69999999
14.9 9.7999992 0.80000001
-15.1 9.7999992 0.80000001
14.9 9.7999992 0.89999998
-15.1 9.7999992 0.89999998
14.9 9.8999996 0
-15.1 9.8999996 0
14.9 9.8999996 0.1
-15.1 9.8999996 0.1
14.9 9.8999996 0.2
-15.1 9.8999996 0.2
14.9 9.8999996 0.30000001
-15.1 9.8999996 0.30000001
14.9 9.8999996 0.40000001
-15.1 9.8999996 0.40000001
14.9 9.8999996 0.5
-15.1 9.8999996 0.5
14.9 9.8999996 0.60000002
-15.1 9.8999996 0.60000002
14.9 9.8999996 0.69999999
-15.1 9.8999996 0.69999999
14.9 9.8999996 0.80000001
-15.1 9.8999996 0.80000001
14.9 9.8999996 0.89999998
-15.1 9.8999996 0.89999998
14.9 10 0
-15.1 10 0
14.9 10 0.1
-15.1 10 0.1
14.9 10 0.2
-15.1 10 0.2
14.9 10 0.30000001
-15.1 10 0.30000001
14.9 10 0.40000001
-15.1 10 0.40000001
14.9 10 0.5
-15.1 10 0.5
14.9 10 0.60000002
-15.1 10 0.60000002
14.9 10 0.69999999
-15.1 10 0.69999999
14.9 10 0.80000001
-15.1 10 0.80000001
14.9 10 0.89999998
-15.1 10 0.89999998
14.9 10.1 0
-15.1 10.1 0
14.9 10.1 0.1
-15.1 10.1 0.1
14.9 10.1 0.2
-15.1 10.1 0.2
14.9 10.1 0.30000001
-15.1 10.1 0.30000001
14.9 10.1 0.40000001
-15.1 10.1 0.40000001
14.9 10.1 0.5
-15.1 10.1 0.5
14.9 10.1 0.60000002
-15.1 10.1 0.60000002
14.9 10.1 0.69999999
-15.1 10.1 0.69999999
14.9 10.1 0.80000001
-15.1 10.1 0.80000001
14.9 10.1 0.89999998
-15.1 10.1 0.89999998
14.9 10.199999 0
-15.1 10.199999 0
14.9 10.199999 0.1
-15.1 10.199999 0.1
14.9 10.199999 0.2
-15.1 10.199999 0.2
14.9 10.199999 0.30000001
-15.1 10.199999 0.30000001
14.9 10.199999 0.40000001
-15.1 10.199999 0.40000001
14.9 10.199999 0.5
-15.1 10.199999 0.5
14.9 10.199999 0.60000002
-15.1 10.199999 0.60000002
14.9 10.199999 0.69999999
-15.1 10.199999 0.69999999
14.9 10.199999 0.80000001
-15.1 10.199999 0.80000001
14.9 10.199999 0.89999998
-15.1 10.199999 0.89999998
14.9 10.299999 0
-15.1 10.299999 0
14.9 10.299999 0.1
-15.1 10.299999 0.1
14.9 10.299999 0.2
-15.1 10.299999 0.2
14.9 10.299999 0.30000001
-15.1 10.299999 0.30000001
14.9 10.299999 0.40000001
-15.1 10.299999 0.40000001
14.9 10.299999 0.5
-15.1 10.299999 0.5
14.9 10.299999 0.60000002
-15.1 10.299999 0.60000002
14.9 10.299999 0.69999999
-15.1 10.299999 0.69999999
14.9 10.299999 0.80000001
-15.1 10.299999 0.80000001
14.9 10.299999 0.89999998
-15.1 10.299999 0.89999998
14.9 10.4 0
-15.1 10.4 0
14.9 10.4 0.1
-15.1 10.4 0.1
14.9 10.4 0.2
-15.1 10.4 0.2
14.9 10.4 0.30000001
-15.1 10.4 0.30000001
14.9 10.4 0.40000001
-15.1 10.4 0.40000001
14.9 10.4 0.5
-15.1 10.4 0.5
14.9 10.4 0.60000002
-15.1 10.4 0.60000002
14.9 10.4 0.69999999
-15.1 10.4 0.69999999
14.9 10.4 0.80000001
-15.1 10.4 0.80000001
14.9 10.4 0.89999998
-15.1 10.4 0.89999998
14.9 10.5 0
-15.1 10.5 0
14.9 10.5 0.1
-15.1 10.5 0.1
14.9 10.5 0.2
-15.1 10.5 0.2
14.9 10.5 0.30000001
-15.1 10.5 0.30000001
14.9 10.5 0.40000001
-15.1 10.5 0.40000001
14.9 10.5 0.5
-15.1 10.5 0.5
14.9 10.5 0.60000002
-15.1 10.5 0.60000002
14.9 10.5 0.69999999
-15.1 10.5 0.69999999
14.9 10.5 0.80000001
-15.1 10.5 0.80000001
14.9 10.5 0.89999998
-15.1 10.5 0.89999998
14.9 10.6 0
-15.1 10.6 0
14.9 10.6 0.1
-15.1 10.6 0.1
14.9 10.6 0.2
-15.1 10.6 0.2
14.9 10.6 0.30000001
-15.1 10.6 0.30000001
14.9 10.6 0.40000001
-15.1 10.6 0.40000001
14.9 10.6 0.5
-15.1 10.6 0.5
14.9 10.6 0.60000002
-15.1 10.6 0.60000002
14.9 10.6 0.69999999
-15.1 10.6 0.69999999
14.9 10.6 0.80000001
-15.1 10.6 0.80000001
14.9 10.6 0.89999998
-15.1 10.6 0.89999998
14.9 10.699999 0
-15.1 10.699999 0
14.9 10.699999 0.1
-15.1 10.699999 0.1
14.9 10.699999 0.2
-15.1 10.699999 0.2
14.9 10.699999 0.30000001
-15.1 10.699999 0.30000001
14.9 10.699999 0.40000001
-15.1 10.699999 0.40000001
14.9 10.699999 0.5
-15.1 10.699999 0.5
14.9 10.699999 0.60000002
-15.1 10.699999 0.60000002
14.9 10.699999 0.69999999
-15.1 10.699999 0.69999999
14.9 10.699999 0.80000001
-15.1 10.699999 0.80000001
14.9 10.699999 0.89999998
-15.1 10.699999 0.89999998
14.9 10.799999 0
-15.1 10.799999 0
14.9 10.799999 0.1
-15.1 10.799999 0.1
14.9 10.799999 0.2
-15.1 10.799999 0.2
14.9 10.799999 0.30000001
-15.1 10.799999 0.30000001
14.9 10.799999 0.40000001
-15.1 10.799999 0.40000001
14.9 10.799999 0.5
-15.1 10.799999 0.5
14.9 10.799999 0.60000002
-15.1 10.799999 0.60000002
14.9 10.799999 0.69999999
-15.1 10.799999 0.69999999
14.9 10.799999 0.80000001
-15.1 10.799999 0.80000001
14.9 10.799999 0.89999998
-15.1 10.799999 0.89999998
14.9 10.9 0
-15.1 10.9 0
14.9 10.9 0.1
-15.1 10.9 0.1
14.9 10.9 0.2
-15.1 10.9 0.2
14.9 10.9 0.30000001
-15.1 10.9 0.30000001
14.9 10.9 0.40000001
-15.1 10.9 0.40000001
14.9 10.9 0.5
-15.1 10.9 0.5
14.9 10.9 0.60000002
-15.1 10.9 0.60000002
14.9 10.9 0.69999999
-15.1 10.9 0.69999999
14.9 10.9 0.80000001
-15.1 10.9 0.80000001
14.9 10.9 0.89999998
-15.1 10.9 0.89999998
14.9 11 0
-15.1 11 0
14.9 11 0.1
-15.1 11 0.1
14.9 11 0.2
-15.1 11 0.2
14.9 11 0.30000001
-15.1 11 0.30000001
14.9 11 0.40000001
-15.1 11 0.40000001
14.9 11 0.5
-15.1 11 0.5
14.9 11 0.60000002
-15.1 11 0.60000002
14.9 11 0.69999999
-15.1 11 0.69999999
14.9 11 0.80000001
-15.1 11 0.80000001
14.9 11 0.89999998
-15.1 11 0.89999998
14.9 11.1 0
-15.1 11.1 0
14.9 11.1 0.1
-15.1 11.1 0.1
14.9 11.1 0.2
-15.1 11.1 0.2
14.9 11.1 0.30000001
-15.1 11.1 0.30000001
14.9 11.1 0.40000001
-15.1 11.1 0.40000001
14.9 11.1 0.5
-15.1 11.1 0.5
14.9 11.1 0.60000002
-15.1 11.1 0.60000002
14.9 11.1 0.69999999
-15.1 11.1 0.69999999
14.9 11.1 0.80000001
-15.1 11.1 0.80000001
14.9 11.1 0.89999998
-15.1 11.1 0.89999998
14.9 11.199999 0
-15.1 11.199999 0
14.9 11.199999 0.1
-15.1 11.199999 0.1
14.9 11.199999 0.2
-15.1 11.199999 0.2
14.9 11.199999 0.30000001
-15.1 11.199999 0.30000001
14.9 11.199999 0.40000001
-15.1 11.199999 0.40000001
14.9 11.199999 0.5
-15.1 11.199999 0.5
14.9 11.199999 0.60000002
-15.1 11.199999 0.60000002
14.9 11.199999 0.69999999
-15.1 11.199999 0.69999999
14.9 11.199999 0.80000001
-15.1 11.199999 0.80000001
14.9 11.199999 0.89999998
-15.1 11.199999 0.89999998
14.9 11.299999 0
-15.1 11.299999 0
14.9 11.299999 0.1
-15.1 11.299999 0.1
14.9 11.299999 0.2
-15.1 11.299999 0.2
14.9 11.299999 0.30000001
-15.1 11.299999 0.30000001
14.9 11.299999 0.40000001
-15.1 11.299999 0.40000001
14.9 11.299999 0.5
-15.1 11.299999 0.5
14.9 11.299999 0.60000002
-15.1 11.299999 0.60000002
14.9 11.299999 0.69999999
-15.1 11.299999 0.69999999
14.9 11.299999 0.80000001
-15.1 11.299999 0.80000001
14.9 11.299999 0.89999998
-15.1 11.299999 0.89999998
14.9 11.4 0
-15.1 11.4 0
14.9 11.4 0.1
-15.1 11.4 0.1
14.9 11.4 0.2
-15.1 11.4 0.2
14.9 11.4 0.30000001
-15.1 11.4 0.30000001
14.9 11.4 0.40000001
-15.1 11.4 0.40000001
14.9 11.4 0.5
-15.1 11.4 0.5
14.9 11.4 0.60000002
-15.1 11.4 0.60000002
14.9 11.4 0.69999999
-15.1 11.4 0.69999999
14.9 11.4 0.80000001
-15.1 11.4 0.80000001
14.9 11.4 0.89999998
-15.1 11.4 0.89999998
14.9 11.5 0
-15.1 11.5 0
14.9 11.5 0.1
-15.1 11.5 0.1
14.9 11.5 0.2
-15.1 11.5 0.2
14.9 11.5 0.30000001
-15.1 11.5 0.30000001
14.9 11.5 0.40000001
-15.1 11.5 0.40000001
14.9 11.5 0.5
-15.1 11.5 0.5
14.9 11.5 0.60000002
-15.1 11.5 0.60000002
14.9 11.5 0.69999999
-15.1 11.5 0.69999999
14.9 11.5 0.80000001
-15.1 11.5 0.80000001
14.9 11.5 0.89999998
-15.1 11.5 0.89999998
14.9 11.6 0
-15.1 11.6 0
14.9 11.6 0.1
-15.1 11.6 0.1
14.9 11.6 0.2
-15.1 11.6 0.2
14.9 11.6 0.30000001
-15.1 11.6 0.30000001
14.9 11.6 0.40000001
-15.1 11.6 0.40000001
14.9 11.6 0.5
-15.1 11.6 0.5
14.9 11.6 0.60000002
-15.1 11.6 0.60000002
14.9 11.6 0.69999999
-15.1 11.6 0.69999999
14.9 11.6 0.80000001
-15.1 11.6 0.80000001
14.9 11.6 0.89999998
-15.1 11.6 0.89999998
14.9 11.699999 0
-15.1 11.699999 0
14.9 11.699999 0.1
-15.1 11.699999 0.1
14.9 11.699999 0.2
-15.1 11.699999 0.2
14.9 11.699999 0.30000001
-15.1 11.699999 0.30000001
14.9 11.699999 0.40000001
-15.1 11.699999 0.40000001
14.9 11.699999 0.5
-15.1 11.699999 0.5
14.9 11.699999 0.60000002
-15.1 11.699999 0.60000002
14.9 11.699999 0.69999999
-15.1 11.699999 0.69999999
14.9 11.699999 0.80000001
-15.1 11.699999 0.80000001
14.9 11.699999 0.89999998
-15.1 11.699999 0.89999998
14.9 11.799999 0
-15.1 11.799999 0
14.9 11.799999 0.1
-15.1 11.799999 0.1
14.9 11.799999 0.2
-15.1 11.799999 0.2
14.9 11.799999 0.30000001
-15.1 11.799999 0.30000001
14.9 11.799999 0.40000001
-15.1 11.799999 0.40000001
14.9 11.799999 0.5
-15.1 11.799999 0.5
14.9 11.799999 0.60000002
-15.1 11.799999 0.60000002
14.9 11.799999 0.69999999
-15.1 11.799999 0.69999999
14.9 11.799999 0.80000001
-15.1 11.799999 0.80000001
14.9 11.799999 0.89999998
-15.1 11.799999 0.89999998
14.9 11.9 0
-15.1 11.9 0
14.9 11.9 0.1
-15.1 11.9 0.1
14.9 11.9 0.2
-15.1 11.9 0.2
14.9 11.9 0.30000001
-15.1 11.9 0.30000001
14.9 11.9 0.40000001
-15.1 11.9 0.40000001
14.9 11.9 0.5
-15.1 11.9 0.5
14.9 11.9 0.60000002
-15.1 11.9 0.60000002
14.9 11.9 0.69999999
-15.1 11.9 0.69999999
14.9 11.9 0.80000001
-15.1 11.9 0.80000001
14.9 11.9 0.89999998
-15.1 11.9 0.89999998
14.9 12 0
-15.1 12 0
14.9 12 0.1
-15.1 12 0.1
14.9 12 0.2
-15.1 12 0.2
14.9 12 0.30000001
-15.1 12 0.30000001
14.9 12 0.40000001
-15.1 12 0.40000001
14.9 12 0.5
-15.1 12 0.5
14.9 12 0.60000002
-15.1 12 0.60000002
14.9 12 0.69999999
-15.1 12 0.69999999
14.9 12 0.80000001
-15.1 12 0.80000001
14.9 12 0.89999998
-15.1 12 0.89999998
14.9 12.1 0
-15.1 12.1 0
14.9 12.1 0.1
-15.1 12.1 0.1
14.9 12.1 0.2
-15.1 12.1 0.2
14.9 12.1 0.30000001
-15.1 12.1 0.30000001
14.9 12.1 0.40000001
-15.1 12.1 0.40000001
14.9 12.1 0.5
-15.1 12.1 0.5
14.9 12.1 0.60000002
-15.1 12.1 0.60000002
14.9 12.1 0.69999999
-15.1 12.1 0.69999999
14.9 12.1 0.80000001
-15.1 12.1 0.80000001
14.9 12.1 0.89999998
-15.1 12.1 0.89999998
14.9 12.199999 0
-15.1 12.199999 0
14.9 12.199999 0.1
-15.1 12.199999 0.1
14.9 12.199999 0.2
-15.1 12.199999 0.2
14.9 12.199999 0.30000001
-15.1 12.199999 0.30000001
14.9 12.199999 0.40000001
-15.1 12.199999 0.40000001
14.9 12.199999 0.5
-15.1 12.199999 0.5
14.9 12.199999 0.60000002
-15.1 12.199999 0.60000002
14.9 12.199999 0.69999999
-15.1 12.199999 0.69999999
14.9 12.199999 0.80000001
-15.1 12.199999 0.80000001
14.9 12.199999 0.89999998
-15.1 12.199999 0.89999998
14.9 12.299999 0
-15.1 12.299999 0
14.9 12.299999 0.1
-15.1 12.299999 0.1
14.9 12.299999 0.2
-15.1 12.299999 0.2
14.9 12.299999 0.30000001
-15.1 12.299999 0.30000001
14.9 12.299999 0.40000001
-15.1 12.299999 0.40000001
14.9 12.299999 0.5
-15.1 12.299999 0.5
14.9 12.299999 0.60000002
-15.1 12.299999 0.60000002
14.9 12.299999 0.69999999
-15.1 12.299999 0.69999999
14.9 12.299999 0.80000001
-15.1 12.299999 0.80000001
14.9 12.299999 0.89999998
-15.1 12.299999 0.89999998
14.9 12.4 0
-15.1 12.4 0
14.9 12.4 0.1
-15.1 12.4 0.1
14.9 12.4 0.2
-15.1 12.4 0.2
14.9 12.4 0.30000001
-15.1 12.4 0.30000001
14.9 12.4 0.40000001
-15.1 12.4 0.40000001
14.9 12.4 0.5
-15.1 12.4 0.5
14.9 12.4 0.60000002
-15.1 12.4 0.60000002
14.9 12.4 0.69999999
-15.1 12.4 0.69999999
14.9 12.4 0.80000001
-15.1 12.4 0.80000001
14.9 12.4 0.89999998
-15.1 12.4 0.89999998
14.9 12.5 0
-15.1 12.5 0
14.9 12.5 0.1
-15.1 12.5 0.1
14.9 12.5 0.2
-15.1 12.5 0.2
14.9 12.5 0.30000001
-15.1 12.5 0.30000001
14.9 12.5 0.40000001
-15.1 12.5 0.40000001
14.9 12.5 0.5
-15.1 12.5 0.5
14.9 12.5 0.60000002
-15.1 12.5 0.60000002
14.9 12.5 0.69999999
-15.1 12.5 0.69999999
14.9 12.5 0.80000001
-15.1 12.5 0.80000001
14.9 12.5 0.89999998
-15.1 12.5 0.89999998
14.9 12.6 0
-15.1 12.6 0
14.9 12.6 0.1
-15.1 12.6 0.1
14.9 12.6 0.2
-15.1 12.6 0.2
14.9 12.6 0.30000001
-15.1 12.6 0.30000001
14.9 12.6 0.40000001
-15.1 12.6 0.40000001
14.9 12.6 0.5
-15.1 12.6 0.5
14.9 12.6 0.60000002
-15.1 12.6 0.60000002
14.9 12.6 0.69999999
-15.1 12.6 0.69999999
14.9 12.6 0.80000001
-15.1 12.6 0.80000001
14.9 12.6 0.89999998
-15.1 12.6 0.89999998
14.9 12.699999 0
-15.1 12.699999 0
14.9 12.699999 0.1
-15.1 12.699999 0.1
14.9 12.699999 0.2
-15.1 12.699999 0.2
14.9 12.699999 0.30000001
-15.1 12.699999 0.30000001
14.9 12.699999 0.40000001
-15.1 12.699999 0.40000001
14.9 12.699999 0.5
-15.1 12.699999 0.5
14.9 12.699999 0.60000002
-15.1 12.699999 0.60000002
14.9 12.699999 0.69999999
-15.1 12.699999 0.69999999
14.9 12.699999 0.80000001
-15.1 12.699999 0.80000001
14.9 12.699999 0.89999998
-15.1 12.699999 0.89999998
14.9 12.799999 0
-15.1 12.799999 0
14.9 12.799999 0.1
-15.1 12.799999 0.1
14.9 12.799999 0.2
-15.1 12.799999 0.2
14.9 12.799999 0.30000001
-15.1 12.799999 0.30000001
14.9 12.799999 0.40000001
-15.1 12.799999 0.40000001
14.9 12.799999 0.5
-15.1 12.799999 0.5
14.9 12.799999 0.60000002
-15.1 12.799999 0.60000002
14.9 12.799999 0.69999999
-15.1 12.799999 0.69999999
14.9 12.799999 0.80000001
-15.1 12.799999 0.80000001
14.9 12.799999 0.89999998
-15.1 12.799999 0.89999998
14.9 12.9 0
-15.1 12.9 0
14.9 12.9 0.1
-15.1 12.9 0.1
14.9 12.9 0.2
-15.1 12.9 0.2
14.9 12.9 0.30000001
-15.1 12.9 0.30000001
14.9 12.9 0.40000001
-15.1 12.9 0.40000001
14.9 12.9 0.5
-15.1 12.9 0.5
14.9 12.9 0.60000002
-15.1 12.9 0.60000002
14.9 12.9 0.69999999
-15.1 12.9 0.69999999
14.9 12.9 0.80000001
-15.1 12.9 0.80000001
14.9 12.9 0.89999998
-15.1 12.9 0.89999998
14.9 13 0
-15.1 13 0
14.9 13 0.1
-15.1 13 0.1
14.9 13 0.2
-15.1 13 0.2
14.9 13 0.30000001
-15.1 13 0.30000001
14.9 13 0.40000001
-15.1 13 0.40000001
14.9 13 0.5
-15.1 13 0.5
14.9 13 0.60000002
-15.1 13 0.60000002
14.9 13 0.69999999
-15.1 13 0.69999999
14.9 13 0.80000001
-15.1 13 0.80000001
14.9 13 0.89999998
-15.1 13 0.89999998
14.9 13.1 0
-15.1 13.1 0
14.9 13.1 0.1
-15.1 13.1 0.1
14.9 13.1 0.2
-15.1 13.1 0.2
14.9 13.1 0.30000001
-15.1 13.1 0.30000001
14.9 13.1 0.40000001
-15.1 13.1 0.40000001
14.9 13.1 0.5
-15.1 13.1 0.5
14.9 13.1 0.60000002
-15.1 13.1 0.60000002
14.9 13.1 0.69999999
-15.1 13.1 0.69999999
14.9 13.1 0.80000001
-15.1 13.1 0.80000001
14.9 13.1 0.89999998
-15.1 13.1 0.89999998
14.9 13.199999 0
-15.1 13.199999 0
14.9 13.199999 0.1
-15.1 13.199999 0.1
14.9 13.199999 0.2
-15.1 13.199999 0.2
14.9 13.199999 0.30000001
-15.1 13.199999 0.30000001
14.9 13.199999 0.40000001
-15.1 13.199999 0.40000001
14.9 13.199999 0.5
-15.1 13.199999 0.5
14.9 13.199999 0.60000002
-15.1 13.199999 0.60000002
14.9 13.199999 0.69999999
-15.1 13.199999 0.69999999
14.9 13.199999 0.80000001
-15.1 13.199999 0.80000001
14.9 13.199999 0.89999998
-15.1 13.199999 0.89999998
14.9 13.299999 0
-15.1 13.299999 0
14.9 13.299999 0.1
-15.1 13.299999 0.1
14.9 13.299999 0.2
-15.1 13.299999 0.2
14.9 13.299999 0.30000001
-15.1 13.299999 0.30000001
14.9 13.299999 0.40000001
-15.1 13.299999 0.40000001
14.9 13.299999 0.5
-15.1 13.299999 0.5
14.9 13.299999 0.60000002
-15.1 13.299999 0.60000002
14.9 13.299999 0.69999999
-15.1 13.299999 0.69999999
14.9 13.299999 0.80000001
-15.1 13.299999 0.80000001
14.9 13.299999 0.89999998
-15.1 13.299999 0.89999998
14.9 13.4 0
-15.1 13.4 0
14.9 13.4 0.1
-15.1 13.4 0.1
14.9 13.4 0.2
-15.1 13.4 0.2
14.9 13.4 0.30000001
-15.1 13.4 0.30000001
14.9 13.4 0.40000001
-15.1 13.4 0.40000001
14.9 13.4 0.5
-15.1 13.4 0.5
14.9 13.4 0.60000002
-15.1 13.4 0.60000002
14.9 13.4 0.69999999
-15.1 13.4 0.69999999
14.9 13.4 0.80000001
-15.1 13.4 0.80000001
14.9 13.4 0.89999998
-15.1 13.4 0.89999998
14.9 13.5 0
-15.1 13.5 0
14.9 13.5 0.1
-15.1 13.5 0.1
14.9 13.5 0.2
-15.1 13.5 0.2
14.9 13.5 0.30000001
-15.1 13.5 0.30000001
14.9 13.5 0.40000001
-15.1 13.5 0.40000001
14.9 13.5 0.5
-15.1 13.5 0.5
14.9 13.5 0.60000002
-15.1 13.5 0.60000002
14.9 13.5 0.69999999
-15.1 13.5 0.69999999
14.9 13.5 0.80000001
-15.1 13.5 0.80000001
14.9 13.5 0.89999998
-15.1 13.5 0.89999998
14.9 13.6 0
-15.1 13.6 0
14.9 13.6 0.1
-15.1 13.6 0.1
14.9 13.6 0.2
-15.1 13.6 0.2
14.9 13.6 0.30000001
-15.1 13.6 0.30000001
14.9 13.6 0.40000001
-15.1 13.6 0.40000001
14.9 13.6 0.5
-15.1 13.6 0.5
14.9 13.6 0.60000002
-15.1 13.6 0.60000002
14.9 13.6 0.69999999
-15.1 13.6 0.69999999
14.9 13.6 0.80000001
-15.1 13.6 0.80000001
14.9 13.6 0.89999998
-15.1 13.6 0.89999998
14.9 13.699999 0
-15.1 13.699999 0
14.9 13.699999 0.1
-15.1 13.699999 0.1
14.9 13.699999 0.2
-15.1 13.699999 0.2
14.9 13.699999 0.30000001
-15.1 13.699999 0.30000001
14.9 13.699999 0.40000001
-15.1 13.699999 0.40000001
14.9 13.699999 0.5
-15.1 13.699999 0.5
14.9 13.699999 0.60000002
-15.1 13.699999 0.60000002
14.9 13.699999 0.69999999
-15.1 13.699999 0.69999999
14.9 13.699999 0.80000001
-15.1 13.699999 0.80000001
14.9 13.699999 0.89999998
-15.1 13.699999 0.89999998
14.9 13.799999 0
-15.1 13.799999 0
14.9 13.799999 0.1
-15.1 13.799999 0.1
14.9 13.799999 0.2
-15.1 13.799999 0.2
14.9 13.799999 0.30000001
-15.1 13.799999 0.30000001
14.9 13.799999 0.40000001
-15.1 13.799999 0.40000001
14.9 13.799999 0.5
-15.1 13.799999 0.5
14.9 13.799999 0.60000002
-15.1 13.799999 0.60000002
14.9 13.799999 0.69999999
-15.1 13.799999 0.69999999
14.9 13.799999 0.80000001
-15.1 13.799999 0.80000001
14.9 13.799999 0.89999998
-15.1 13.799999 0.89999998
14.9 13.9 0
-15.1 13.9 0
14.9 13.9 0.1
-15.1 13.9 0.1
14.9 13.9 0.2
-15.1 13.9 0.2
14.9 13.9 0.30000001
-15.1 13.9 0.30000001
14.9 13.9 0.40000001
-15.1 13.9 0.40000001
14.9 13.9 0.5
-15.1 13.9 0.5
14.9 13.9 0.60000002
-15.1 13.9 0.60000002
14.9 13.9 0.69999999
-15.1 13.9 0.69999999
14.9 13.9 0.80000001
-15.1 13.9 0.80000001
14.9 13.9 0.89999998
-15.1 13.9 0.89999998
14.9 14 0
-15.1 14 0
14.9 14 0.1
-15.1 14 0.1
14.9 14 0.2
-15.1 14 0.2
14.9 14 0.30000001
-15.1 14 0.30000001
14.9 14 0.40000001
-15.1 14 0.40000001
14.9 14 0.5
-15.1 14 0.5
14.9 14 0.60000002
-15.1 14 0.60000002
14.9 14 0.69999999
-15.1 14 0.69999999
14.9 14 0.80000001
-15.1 14 0.80000001
14.9 14 0.89999998
-15.1 14 0.89999998
14.9 14.1 0
-15.1 14.1 0
14.9 14.1 0.1
-15.1 14.1 0.1
14.9 14.1 0.2
-15.1 14.1 0.2
14.9 14.1 0.30000001
-15.1 14.1 0.30000001
14.9 14.1 0.40000001
-15.1 14.1 0.40000001
14.9 14.1 0.5
-15.1 14.1 0.5
14.9 14.1 0.60000002
-15.1 14.1 0.60000002
14.9 14.1 0.69999999
-15.1 14.1 0.69999999
14.9 14.1 0.80000001
-15.1 14.1 0.80000001
14.9 14.1 0.89999998
-15.1 14.1 0.89999998
14.9 14.199999 0
-15.1 14.199999 0
14.9 14.199999 0.1
-15.1 14.199999 0.1
14.9 14.199999 0.2
-15.1 14.199999 0.2
14.9 14.199999 0.30000001
-15.1 14.199999 0.30000001
14.9 14.199999 0.40000001
-15.1 14.199999 0.40000001
14.9 14.199999 0.5
-15.1 14.199999 0.5
14.9 14.199999 0.60000002
-15.1 14.199999 0.60000002
14.9 14.199999 0.69999999
-15.1 14.199999 0.69999999
14.9 14.199999 0.80000001
-15.1 14.199999 0.80000001
14.9 14.199999 0.89999998
-15.1 14.199999 0.89999998
14.9 14.299999 0
-15.1 14.299999 0
14.9 14.299999 0.1
-15.1 14.299999 0.1
14.9 14.299999 0.2
-15.1 14.299999 0.2
14.9 14.299999 0.30000001
-15.1 14.299999 0.30000001
14.9 14.299999 0.40000001
-15.1 14.299999 0.40000001
14.9 14.299999 0.5
-15.1 14.299999 0.5
14.9 14.299999 0.60000002
-15.1 14.299999 0.60000002
14.9 14.299999 0.69999999
-15.1 14.299999 0.69999999
14.9 14.299999 0.80000001
-15.1 14.299999 0.80000001
14.9 14.299999 0.89999998
-15.1 14.299999 0.89999998
14.9 14.4 0
-15.1 14.4 0
14.9 14.4 0.1
-15.1 14.4 0.1
14.9 14.4 0.2
-15.1 14.4 0.2
14.9 14.4 0.30000001
-15.1 14.4 0.30000001
14.9 14.4 0.40000001
-15.1 14.4 0.40000001
14.9 14.4 0.5
-15.1 14.4 0.5
14.9 14.4 0.60000002
-15.1 14.4 0.60000002
14.9 14.4 0.69999999
-15.1 14.4 0.69999999
14.9 14.4 0.80000001
-15.1 14.4 0.80000001
14.9 14.4 0.89999998
-15.1 14.4 0.89999998
14.9 14.5 0
-15.1 14.5 0
14.9 14.5 0.1
-15.1 14.5 0.1
14.9 14.5 0.2
-15.1 14.5 0.2
14.9 14.5 0.30000001
-15.1 14.5 0.30000001
14.9 14.5 0.40000001
-15.1 14.5 0.40000001
14.9 14.5 0.5
-15.1 14.5 0.5
14.9 14.5 0.60000002
-15.1 14.5 0.60000002
14.9 14.5 0.69999999
-15.1 14.5 0.69999999
14.9 14.5 0.80000001
-15.1 14.5 0.80000001
14.9 14.5 0.89999998
-15.1 14.5 0.89999998
14.9 14.6 0
-15.1 14.6 0
14.9 14.6 0.1
-15.1 14.6 0.1
14.9 14.6 0.2
-15.1 14.6 0.2
14.9 14.6 0.30000001
-15.1 14.6 0.30000001
14.9 14.6 0.40000001
-15.1 14.6 0.40000001
14.9 14.6 0.5
-15.1 14.6 0.5
14.9 14.6 0.60000002
-15.1 14.6 0.60000002
14.9 14.6 0.69999999
-15.1 14.6 0.69999999
14.9 14.6 0.80000001
-15.1 14.6 0.80000001
14.9 14.6 0.89999998
-15.1 14.6 0.89999998
14.9 14.699999 0
-15.1 14.699999 0
14.9 14.699999 0.1
-15.1 14.699999 0.1
14.9 14.699999 0.2
-15.1 14.699999 0.2
14.9 14.699999 0.30000001
-15.1 14.699999 0.30000001
14.9 14.699999 0.40000001
-15.1 14.699999 0.40000001
14.9 14.699999 0.5
-15.1 14.699999 0.5
14.9 14.699999 0.60000002
-15.1 14.699999 0.60000002
14.9 14.699999 0.69999999
-15.1 14.699999 0.69999999
14.9 14.699999 0.80000001
-15.1 14.699999 0.80000001
14.9 14.699999 0.89999998
-15.1 14.699999 0.89999998
14.9 14.799999 0
-15.1 14.799999 0
14.9 14.799999 0.1
-15.1 14.799999 0.1
14.9 14.799999 0.2
-15.1 14.799999 0.2
14.9 14.799999 0.30000001
-15.1 14.799999 0.30000001
14.9 14.799999 0.40000001
-15.1 14.799999 0.40000001
14.9 14.799999 0.5
-15.1 14.799999 0.5
14.9 14.799999 0.60000002
-15.1 14.799999 0.60000002
14.9 14.799999 0.69999999
-15.1 14.799999 0.69999999
14.9 14.799999 0.80000001
-15.1 14.799999 0.80000001
14.9 14.799999 0.89999998
-15.1 14.799999 0.89999998
15 -15.1 0
-15 -15.1 0
15 -15.1 0.1
-15 -15.1 0.1
15 -15.1 0.2
-15 -15.1 0.2
15 -15.1 0.30000001
-15 -15.1 0.30000001
15 -15.1 0.40000001
-15 -15.1 0.40000001
15 -15.1 0.5
-15 -15.1 0.5
15 -15.1 0.60000002
-15 -15.1 0.60000002
15 -15.1 0.69999999
-15 -15.1 0.69999999
15 -15.1 0.80000001
-15 -15.1 0.80000001
15 -15.1 0.89999998
-15 -15.1 0.89999998
15 -15 0
-15 -15 0
15 -15 0.1
-15 -15 0.1
15 -15 0.2
-15 -15 0.2
15 -15 0.30000001
-15 -15 0.30000001
15 -15 0.40000001
-15 -15 0.40000001
15 -15 0.5
-15 -15 0.5
15 -15 0.60000002
-15 -15 0.60000002
15 -15 0.69999999
-15 -15 0.69999999
15 -15 0.80000001
-15 -15 0.80000001
15 -15 0.89999998
-15 -15 0.89999998
15 -14.9 0
-15 -14.9 0
15 -14.9 0.1
-15 -14.9 0.1
15 -14.9 0.2
-15 -14.9 0.2
15 -14.9 0.30000001
-15 -14.9 0.30000001
15 -14.9 0.40000001
-15 -14.9 0.40000001
15 -14.9 0.5
-15 -14.9 0.5
15 -14.9 0.60000002
-15 -14.9 0.60000002
15 -14.9 0.69999999
-15 -14.9 0.69999999
15 -14.9 0.80000001
-15 -14.9 0.80000001
15 -14.9 0.89999998
-15 -14.9 0.89999998
15 -14.8 0
-15 -14.8 0
15 -14.8 0.1
-15 -14.8 0.1
15 -14.8 0.2
-15 -14.8 0.2
15 -14.8 0.30000001
-15 -14.8 0.30000001
15 -14.8 0.40000001
-15 -14.8 0.40000001
15 -14.8 0.5
-15 -14.8 0.5
15 -14.8 0.60000002
-15 -14.8 0.60000002
15 -14.8 0.69999999
-15 -14.8 0.69999999
15 -14.8 0.80000001
-15 -14.8 0.80000001
15 -14.8 0.89999998
-15 -14.8 0.89999998
15 -14.7 0
-15 -14.7 0
15 -14.7 0.1
-15 -14.7 0.1
15 -14.7 0.2
-15 -14.7 0.2
15 -14.7 0.30000001
-15 -14.7 0.30000001
15 -14.7 0.40000001
-15 -14.7 0.40000001
15 -14.7 0.5
-15 -14.7 0.5
15 -14.7 0.60000002
-15 -14.7 0.60000002
15 -14.7 0.69999999
-15 -14.7 0.69999999
15 -14.7 0.80000001
-15 -14.7 0.80000001
15 -14.7 0.89999998
-15 -14.7 0.89999998
15 -14.6 0
-15 -14.6 0
15 -14.6 0.1
-15 -14.6 0.1
15 -14.6 0.2
-15 -14.6 0.2
15 -14.6 0.30000001
-15 -14.6 0.30000001
15 -14.6 0.40000001
-15 -14.6 0.40000001
15 -14.6 0.5
-15 -14.6 0.5
15 -14.6 0.60000002
-15 -14.6 0.60000002
15 -14.6 0.69999999
-15 -14.6 0.69999999
15 -14.6 0.80000001
-15 -14.6 0.80000001
15 -14.6 0.89999998
-15 -14.6 0.89999998
15 -14.5 0
-15 -14.5 0
15 -14.5 0.1
-15 -14.5 0.1
15 -14.5 0.2
-15 -14.5 0.2
15 -14.5 0.30000001
-15 -14.5 0.30000001
15 -14.5 0.40000001
-15 -14.5 0.40000001
15 -14.5 0.5
-15 -14.5 0.5
15 -14.5 0.60000002
-15 -14.5 0.60000002
15 -14.5 0.69999999
-15 -14.5 0.69999999
15 -14.5 0.80000001
-15 -14.5 0.80000001
15 -14.5 0.89999998
-15 -14.5 0.89999998
15 -14.4 0
-15 -14.4 0
15 -14.4 0.1
-15 -14.4 0.1
15 -14.4 0.2
-15 -14.4 0.2
15 -14.4 0.30000001
-15 -14.4 0.30000001
15 -14.4 0.40000001
-15 -14.4 0.40000001
15 -14.4 0.5
-15 -14.4 0.5
15 -14.4 0.60000002
-15 -14.4 0.60000002
15 -14.4 0.69999999
-15 -14.4 0.69999999
15 -14.4 0.80000001
-15 -14.4 0.80000001
15 -14.4 0.89999998
-15 -14.4 0.89999998
15 -14.3 0
-15 -14.3 0
15 -14.3 0.1
-15 -14.3 0.1
15 -14.3 0.2
-15 -14.3 0.2
15 -14.3 0.30000001
-15 -14.3 0.30000001
15 -14.3 0.40000001
-15 -14.3 0.40000001
15 -14.3 0.5
-15 -14.3 0.5
15 -14.3 0.60000002
-15 -14.3 0.60000002
15 -14.3 0.69999999
-15 -14.3 0.69999999
15 -14.3 0.80000001
-15 -14.3 0.80000001
15 -14.3 0.89999998
-15 -14.3 0.89999998
15 -14.2 0
-15 -14.2 0
15 -14.2 0.1
-15 -14.2 0.1
15 -14.2 0.2
-15 -14.2 0.2
15 -14.2 0.30000001
-15 -14.2 0.30000001
15 -14.2 0.40000001
-15 -14.2 0.40000001
15 -14.2 0.5
-15 -14.2 0.5
15 -14.2 0.60000002
-15 -14.2 0.60000002
15 -14.2 0.69999999
-15 -14.2 0.69999999
15 -14.2 0.80000001
-15 -14.2 0.80000001
15 -14.2 0.89999998
-15 -14.2 0.89999998
15 -14.1 0
-15 -14.1 0
15 -14.1 0.1
-15 -14.1 0.1
15 -14.1 0.2
-15 -14.1 0.2
15 -14.1 0.30000001
-15 -14.1 0.30000001
15 -14.1 0.40000001
-15 -14.1 0.40000001
15 -14.1 0.5
-15 -14.1 0.5
15 -14.1 0.60000002
-15 -14.1 0.60000002
15 -14.1 0.69999999
-15 -14.1 0.69999999
15 -14.1 0.80000001
-15 -14.1 0.80000001
15 -14.1 0.89999998
-15 -14.1 0.89999998
15 -14 0
-15 -14 0
15 -14 0.1
-15 -14 0.1
15 -14 0.2
-15 -14 0.2
15 -14 0.30000001
-15 -14 0.30000001
15 -14 0.40000001
-15 -14 0.40000001
15 -14 0.5
-15 -14 0.5
15 -14 0.60000002
-15 -14 0.60000002
15 -14 0.69999999
-15 -14 0.69999999
15 -14 0.80000001
-15 -14 0.80000001
15 -14 0.89999998
-15 -14 0.89999998
15 -13.9 0
-15 -13.9 0
15 -13.9 0.1
-15 -13.9 0.1
15 -13.9 0.2
-15 -13.9 0.2
15 -13.9 0.30000001
-15 -13.9 0.30000001
15 -13.9 0.40000001
-15 -13.9 0.40000001
15 -13.9 0.5
-15 -13.9 0.5
15 -13.9 0.60000002
-15 -13.9 0.60000002
15 -13.9 0.69999999
-15 -13.9 0.69999999
15 -13.9 0.80000001
-15 -13.9 0.80000001
15 -13.9 0.89999998
-15 -13.9 0.89999998
15 -13.8 0
-15 -13.8 0
15 -13.8 0.1
-15 -13.8 0.1
15 -13.8 0.2
-15 -13.8 0.2
15 -13.8 0.30000001
-15 -13.8 0.30000001
15 -13.8 0.40000001
-15 -13.8 0.40000001
15 -13.8 0.5
-15 -13.8 0.5
15 -13.8 0.60000002
-15 -13.8 0.60000002
15 -13.8 0.69999999
-15 -13.8 0.69999999
15 -13.8 0.80000001
-15 -13.8 0.80000001
15 -13.8 0.89999998
-15 -13.8 0.89999998
15 -13.7 0
-15 -13.7 0
15 -13.7 0.1
-15 -13.7 0.1
15 -13.7 0.2
-15 -13.7 0.2
15 -13.7 0.30000001
-15 -13.7 0.30000001
15 -13.7 0.40000001
-15 -13.7 0.40000001
15 -13.7 0.5
-15 -13.7 0.5
15 -13.7 0.60000002
-15 -13.7 0.60000002
15 -13.7 0.69999999
-15 -13.7 0.69999999
15 -13.7 0.80000001
-15 -13.7 0.80000001
15 -13.7 0.89999998
-15 -13.7 0.89999998
15 -13.6 0
-15 -13.6 0
15 -13.6 0.1
-15 -13.6 0.1
15 -13.6 0.2
-15 -13.6 0.2
15 -13.6 0.30000001
-15 -13.6 0.30000001
15 -13.6 0.40000001
-15 -13.6 0.40000001
15 -13.6 0.5
-15 -13.6 0.5
15 -13.6 0.60000002
-15 -13.6 0.60000002
15 -13.6 0.69999999
-15 -13.6 0.69999999
15 -13.6 0.80000001
-15 -13.6 0.80000001
15 -13.6 0.89999998
-15 -13.6 0.89999998
15 -13.5 0
-15 -13.5 0
15 -13.5 0.1
-15 -13.5 0.1
15 -13.5 0.2
-15 -13.5 0.2
15 -13.5 0.30000001
-15 -13.5 0.30000001
15 -13.5 0.40000001
-15 -13.5 0.40000001
15 -13.5 0.5
-15 -13.5 0.5
15 -13.5 0.60000002
-15 -13.5 0.60000002
15 -13.5 0.69999999
-15 -13.5 0.69999999
15 -13.5 0.80000001
-15 -13.5 0.80000001
15 -13.5 0.89999998
-15 -13.5 0.89999998
15 -13.4 0
-15 -13.4 0
15 -13.4 0.1
-15 -13.4 0.1
15 -13.4 0.2
-15 -13.4 0.2
15 -13.4 0.30000001
-15 -13.4 0.30000001
15 -13.4 0.40000001
-15 -13.4 0.40000001
15 -13.4 0.5
-15 -13.4 0.5
15 -13.4 0.60000002
-15 -13.4 0.60000002
15 -13.4 0.69999999
-15 -13.4 0.69999999
15 -13.4 0.80000001
-15 -13.4 0.80000001
15 -13.4 0.89999998
-15 -13.4 0.89999998
15 -13.3 0
-15 -13.3 0
15 -13.3 0.1
-15 -13.3 0.1
15 -13.3 0.2
-15 -13.3 0.2
15 -13.3 0.30000001
-15 -13.3 0.30000001
15 -13.3 0.40000001
-15 -13.3 0.40000001
15 -13.3 0.5
-15 -13.3 0.5
15 -13.3 0.60000002
-15 -13.3 0.60000002
15 -13.3 0.69999999
-15 -13.3 0.69999999
15 -13.3 0.80000001
-15 -13.3 0.80000001
15 -13.3 0.89999998
-15 -13.3 0.89999998
15 -13.2 0
-15 -13.2 0
15 -13.2 0.1
-15 -13.2 0.1
15 -13.2 0.2
-15 -13.2 0.2
15 -13.2 0.30000001
-15 -13.2 0.30000001
15 -13.2 0.40000001
-15 -13.2 0.40000001
15 -13.2 0.5
-15 -13.2 0.5
15 -13.2 0.60000002
-15 -13.2 0.60000002
15 -13.2 0.69999999
-15 -13.2 0.69999999
15 -13.2 0.80000001
-15 -13.2 0.80000001
15 -13.2 0.89999998
-15 -13.2 0.89999998
15 -13.1 0
-15 -13.1 0
15 -13.1 0.1
-15 -13.1 0.1
15 -13.1 0.2
-15 -13.1 0.2
15 -13.1 0.30000001
-15 -13.1 0.30000001
15 -13.1 0.40000001
-15 -13.1 0.40000001
15 -13.1 0.5
-15 -13.1 0.5
15 -13.1 0.60000002
-15 -13.1 0.60000002
15 -13.1 0.69999999
-15 -13.1 0.69999999
15 -13.1 0.80000001
-15 -13.1 0.80000001
15 -13.1 0.89999998
-15 -13.1 0.89999998
15 -13 0
-15 -13 0
15 -13 0.1
-15 -13 0.1
15 -13 0.2
-15 -13 0.2
15 -13 0.30000001
-15 -13 0.30000001
15 -13 0.40000001
-15 -13 0.40000001
15 -13 0.5
-15 -13 0.5
15 -13 0.60000002
-15 -13 0.60000002
15 -13 0.69999999
-15 -13 0.69999999
15 -13 0.80000001
-15 -13 0.80000001
15 -13 0.89999998
-15 -13 0.89999998
15 -12.9 0
-15 -12.9 0
15 -12.9 0.1
-15 -12.9 0.1
15 -12.9 0.2
-15 -12.9 0.2
15 -12.9 0.30000001
-15 -12.9 0.30000001
15 -12.9 0.40000001
-15 -12.9 0.40000001
15 -12.9 0.5
-15 -12.9 0.5
15 -12.9 0.60000002
-15 -12.9 0.60000002
15 -12.9 0.69999999
-15 -12.9 0.69999999
15 -12.9 0.80000001
-15 -12.9 0.80000001
15 -12.9 0.89999998
-15 -12.9 0.89999998
15 -12.8 0
-15 -12.8 0
15 -12.8 0.1
-15 -12.8 0.1
15 -12.8 0.2
-15 -12.8 0.2
15 -12.8 0.30000001
-15 -12.8 0.30000001
15 -12.8 0.40000001
-15 -12.8 0.40000001
15 -12.8 0.5
-15 -12.8 0.5
15 -12.8 0.60000002
-15 -12.8 0.60000002
15 -12.8 0.69999999
-15 -12.8 0.69999999
15 -12.8 0.80000001
-15 -12.8 0.80000001
15 -12.8 0.89999998
-15 -12.8 0.89999998
15 -12.7 0
-15 -12.7 0
15 -12.7 0.1
-15 -12.7 0.1
15 -12.7 0.2
-15 -12.7 0.2
15 -12.7 0.30000001
-15 -12.7 0.30000001
15 -12.7 0.40000001
-15 -12.7 0.40000001
15 -12.7 0.5
-15 -12.7 0.5
15 -12.7 0.60000002
-15 -12.7 0.60000002
15 -12.7 0.69999999
-15 -12.7 0.69999999
15 -12.7 0.80000001
-15 -12.7 0.80000001
15 -12.7 0.89999998
-15 -12.7 0.89999998
15 -12.6 0
-15 -12.6 0
15 -12.6 0.1
-15 -12.6 0.1
15 -12.6 0.2
-15 -12.6 0.2
15 -12.6 0.30000001
-15 -12.6 0.30000001
15 -12.6 0.40000001
-15 -12.6 0.40000001
15 -12.6 0.5
-15 -12.6 0.5
15 -12.6 0.60000002
-15 -12.6 0.60000002
15 -12.6 0.69999999
-15 -12.6 0.69999999
15 -12.6 0.80000001
-15 -12.6 0.80000001
15 -12.6 0.89999998
-15 -12.6 0.89999998
15 -12.5 0
-15 -12.5 0
15 -12.5 0.1
-15 -12.5 0.1
15 -12.5 0.2
-15 -12.5 0.2
15 -12.5 0.30000001
-15 -12.5 0.30000001
15 -12.5 0.40000001
-15 -12.5 0.40000001
15 -12.5 0.5
-15 -12.5 0.5
15 -12.5 0.60000002
-15 -12.5 0.60000002
15 -12.5 0.69999999
-15 -12.5 0.69999999
15 -12.5 0.80000001
-15 -12.5 0.80000001
15 -12.5 0.89999998
-15 -12.5 0.89999998
15 -12.4 0
-15 -12.4 0
15 -12.4 0.1
-15 -12.4 0.1
15 -12.4 0.2
-15 -12.4 0.2
15 -12.4 0.30000001
-15 -12.4 0.30000001
15 -12.4 0.40000001
-15 -12.4 0.40000001
15 -12.4 0.5
-15 -12.4 0.5
15 -12.4 0.60000002
-15 -12.4 0.60000002
15 -12.4 0.69999999
-15 -12.4 0.69999999
15 -12.4 0.80000001
-15 -12.4 0.80000001
15 -12.4 0.89999998
-15 -12.4 0.89999998
15 -12.3 0
-15 -12.3 0
15 -12.3 0.1
-15 -12.3 0.1
15 -12.3 0.2
-15 -12.3 0.2
15 -12.3 0.30000001
-15 -12.3 0.30000001
15 -12.3 0.40000001
-15 -12.3 0.40000001
15 -12.3 0.5
-15 -12.3 0.5
15 -12.3 0.60000002
-15 -12.3 0.60000002
15 -12.3 0.69999999
-15 -12.3 0.69999999
15 -12.3 0.80000001
-15 -12.3 0.80000001
15 -12.3 0.89999998
-15 -12.3 0.89999998
15 -12.2 0
-15 -12.2 0
15 -12.2 0.1
-15 -12.2 0.1
15 -12.2 0.2
-15 -12.2 0.2
15 -12.2 0.30000001
-15 -12.2 0.30000001
15 -12.2 0.40000001
-15 -12.2 0.40000001
15 -12.2 0.5
-15 -12.2 0.5
15 -12.2 0.60000002
-15 -12.2 0.60000002
15 -12.2 0.69999999
-15 -12.2 0.69999999
15 -12.2 0.80000001
-15 -12.2 0.80000001
15 -12.2 0.89999998
-15 -12.2 0.89999998
15 -12.1 0
-15 -12.1 0
15 -12.1 0.1
-15 -12.1 0.1
15 -12.1 0.2
-15 -12.1 0.2
15 -12.1 0.30000001
-15 -12.1 0.30000001
15 -12.1 0.40000001
-15 -12.1 0.40000001
15 -12.1 0.5
-15 -12.1 0.5
15 -12.1 0.60000002
-15 -12.1 0.60000002
15 -12.1 0.69999999
-15 -12.1 0.69999999
15 -12.1 0.80000001
-15 -12.1 0.80000001
15 -12.1 0.89999998
-15 -12.1 0.89999998
15 -12 0
-15 -12 0
15 -12 0.1
-15 -12 0.1
15 -12 0.2
-15 -12 0.2
15 -12 0.30000001
-15 -12 0.30000001
15 -12 0.40000001
-15 -12 0.40000001
15 -12 0.5
-15 -12 0.5
15 -12 0.60000002
-15 -12 0.60000002
15 -12 0.69999999
-15 -12 0.69999999
15 -12 0.80000001
-15 -12 0.80000001
15 -12 0.89999998
-15 -12 0.89999998
15 -11.9 0
-15 -11.9 0
15 -11.9 0.1
-15 -11.9 0.1
15 -11.9 0.2
-15 -11.9 0.2
15 -11.9 0.30000001
-15 -11.9 0.30000001
15 -11.9 0.40000001
-15 -11.9 0.40000001
15 -11.9 0.5
-15 -11.9 0.5
15 -11.9 0.60000002
-15 -11.9 0.60000002
15 -11.9 0.69999999
-15 -11.9 0.69999999
15 -11.9 0.80000001
-15 -11.9 0.80000001
15 -11.9 0.89999998
-15 -11.9 0.89999998
15 -11.8 0
-15 -11.8 0
15 -11.8 0.1
-15 -11.8 0.1
15 -11.8 0.2
-15 -11.8 0.2
15 -11.8 0.30000001
-15 -11.8 0.30000001
15 -11.8 0.40000001
-15 -11.8 0.40000001
15 -11.8 0.5
-15 -11.8 0.5
15 -11.8 0.60000002
-15 -11.8 0.60000002
15 -11.8 0.69999999
-15 -11.8 0.69999999
15 -11.8 0.80000001
-15 -11.8 0.80000001
15 -11.8 0.89999998
-15 -11.8 0.89999998
15 -11.7 0
-15 -11.7 0
15 -11.7 0.1
-15 -11.7 0.1
15 -11.7 0.2
-15 -11.7 0.2
15 -11.7 0.30000001
-15 -11.7 0.30000001
15 -11.7 0.40000001
-15 -11.7 0.40000001
15 -11.7 0.5
-15 -11.7 0.5
15 -11.7 0.60000002
-15 -11.7 0.60000002
15 -11.7 0.69999999
-15 -11.7 0.69999999
15 -11.7 0.80000001
-15 -11.7 0.80000001
15 -11.7 0.89999998
-15 -11.7 0.89999998
15 -11.6 0
-15 -11.6 0
15 -11.6 0.1
-15 -11.6 0.1
15 -11.6 0.2
-15 -11.6 0.2
15 -11.6 0.30000001
-15 -11.6 0.30000001
15 -11.6 0.40000001
-15 -11.6 0.40000001
15 -11.6 0.5
-15 -11.6 0.5
15 -11.6 0.60000002
-15 -11.6 0.60000002
15 -11.6 0.69999999
-15 -11.6 0.69999999
15 -11.6 0.80000001
-15 -11.6 0.80000001
15 -11.6 0.89999998
-15 -11.6 0.89999998
15 -11.5 0
-15 -11.5 0
15 -11.5 0.1
-15 -11.5 0.1
15 -11.5 0.2
-15 -11.5 0.2
15 -11.5 0.30000001
-15 -11.5 0.30000001
15 -11.5 0.40000001
-15 -11.5 0.40000001
15 -11.5 0.5
-15 -11.5 0.5
15 -11.5 0.60000002
-15 -11.5 0.60000002
15 -11.5 0.69999999
-15 -11.5 0.69999999
15 -11.5 0.80000001
-15 -11.5 0.80000001
15 -11.5 0.89999998
-15 -11.5 0.89999998
15 -11.4 0
-15 -11.4 0
15 -11.4 0.1
-15 -11.4 0.1
15 -11.4 0.2
-15 -11.4 0.2
15 -11.4 0.30000001
-15 -11.4 0.30000001
15 -11.4 0.40000001
-15 -11.4 0.40000001
15 -11.4 0.5
-15 -11.4 0.5
15 -11.4 0.60000002
-15 -11.4 0.60000002
15 -11.4 0.69999999
-15 -11.4 0.69999999
15 -11.4 0.80000001
-15 -11.4 0.80000001
15 -11.4 0.89999998
-15 -11.4 0.89999998
15 -11.3 0
-15 -11.3 0
15 -11.3 0.1
-15 -11.3 0.1
15 -11.3 0.2
-15 -11.3 0.2
15 -11.3 0.30000001
-15 -11.3 0.30000001
15 -11.3 0.40000001
-15 -11.3 0.40000001
15 -11.3 0.5
-15 -11.3 0.5
15 -11.3 0.60000002
-15 -11.3 0.60000002
15 -11.3 0.69999999
-15 -11.3 0.69999999
15 -11.3 0.80000001
-15 -11.3 0.80000001
15 -11.3 0.89999998
-15 -11.3 0.89999998
15 -11.2 0
-15 -11.2 0
15 -11.2 0.1
-15 -11.2 0.1
15 -11.2 0.2
-15 -11.2 0.2
15 -11.2 0.30000001
-15 -11.2 0.30000001
15 -11.2 0.40000001
-15 -11.2 0.40000001
15 -11.2 0.5
-15 -11.2 0.5
15 -11.2 0.60000002
-15 -11.2 0.60000002
15 -11.2 0.69999999
-15 -11.2 0.69999999
15 -11.2 0.80000001
-15 -11.2 0.80000001
15 -11.2 0.89999998
-15 -11.2 0.89999998
15 -11.1 0
-15 -11.1 0
15 -11.1 0.1
-15 -11.1 0.1
15 -11.1 0.2
-15 -11.1 0.2
15 -11.1 0.30000001
-15 -11.1 0.30000001
15 -11.1 0.40000001
-15 -11.1 0.40000001
15 -11.1 0.5
-15 -11.1 0.5
15 -11.1 0.60000002
-15 -11.1 0.60000002
15 -11.1 0.69999999
-15 -11.1 0.69999999
15 -11.1 0.80000001
-15 -11.1 0.80000001
15 -11.1 0.89999998
-15 -11.1 0.89999998
15 -11 0
-15 -11 0
15 -11 0.1
-15 -11 0.1
15 -11 0.2
-15 -11 0.2
15 -11 0.30000001
-15 -11 0.30000001
15 -11 0.40000001
-15 -11 0.40000001
15 -11 0.5
-15 -11 0.5
15 -11 0.60000002
-15 -11 0.60000002
15 -11 0.69999999
-15 -11 0.69999999
15 -11 0.80000001
-15 -11 0.80000001
15 -11 0.89999998
-15 -11 0.89999998
15 -10.900001 0
-15 -10.900001 0
15 -10.900001 0.1
-15 -10.900001 0.1
15 -10.900001 0.2
-15 -10.900001 0.2
15 -10.900001 0.30000001
-15 -10.900001 0.30000001
15 -10.900001 0.40000001
-15 -10.900001 0.40000001
15 -10.900001 0.5
-15 -10.900001 0.5
15 -10.900001 0.60000002
-15 -10.900001 0.60000002
15 -10.900001 0.69999999
-15 -10.900001 0.69999999
15 -10.900001 0.80000001
-15 -10.900001 0.80000001
15 -10.900001 0.89999998
-15 -10.900001 0.89999998
15 -10.8 0
-15 -10.8 0
15 -10.8 0.1
-15 -10.8 0.1
15 -10.8 0.2
-15 -10.8 0.2
15 -10.8 0.30000001
-15 -10.8 0.30000001
15 -10.8 0.40000001
-15 -10.8 0.40000001
15 -10.8 0.5
-15 -10.8 0.5
15 -10.8 0.60000002
-15 -10.8 0.60000002
15 -10.8 0.69999999
-15 -10.8 0.69999999
15 -10.8 0.80000001
-15 -10.8 0.80000001
15 -10.8 0.89999998
-15 -10.8 0.89999998
15 -10.7 0
-15 -10.7 0
15 -10.7 0.1
-15 -10.7 0.1
15 -10.7 0.2
-15 -10.7 0.2
15 -10.7 0.30000001
-15 -10.7 0.30000001
15 -10.7 0.40000001
-15 -10.7 0.40000001
15 -10.7 0.5
-15 -10.7 0.5
15 -10.7 0.60000002
-15 -10.7 0.60000002
15 -10.7 0.69999999
-15 -10.7 0.69999999
15 -10.7 0.80000001
-15 -10.7 0.80000001
15 -10.7 0.89999998
-15 -10.7 0.89999998
15 -10.6 0
-15 -10.6 0
15 -10.6 0.1
-15 -10.6 0.1
15 -10.6 0.2
-15 -10.6 0.2
15 -10.6 0.30000001
-15 -10.6 0.30000001
15 -10.6 0.40000001
-15 -10.6 0.40000001
15 -10.6 0.5
-15 -10.6 0.5
15 -10.6 0.60000002
-15 -10.6 0.60000002
15 -10.6 0.69999999
-15 -10.6 0.69999999
15 -10.6 0.80000001
-15 -10.6 0.80000001
15 -10.6 0.89999998
-15 -10.6 0.89999998
15 -10.5 0
-15 -10.5 0
15 -10.5 0.1
-15 -10.5 0.1
15 -10.5 0.2
-15 -10.5 0.2
15 -10.5 0.30000001
-15 -10.5 0.30000001
15 -10.5 0.40000001
-15 -10.5 0.40000001
15 -10.5 0.5
-15 -10.5 0.5
15 -10.5 0.60000002
-15 -10.5 0.60000002
15 -10.5 0.69999999
-15 -10.5 0.69999999
15 -10.5 0.80000001
-15 -10.5 0.80000001
15 -10.5 0.89999998
-15 -10.5 0.89999998
15 -10.400001 0
-15 -10.400001 0
15 -10.400001 0.1
-15 -10.400001 0.1
15 -10.400001 0.2
-15 -10.400001 0.2
15 -10.400001 0.30000001
-15 -10.400001 0.30000001
15 -10.400001 0.40000001
-15 -10.400001 0.40000001
15 -10.400001 0.5
-15 -10.400001 0.5
15 -10.400001 0.60000002
-15 -10.400001 0.60000002
15 -10.400001 0.69999999
-15 -10.400001 0.69999999
15 -10.400001 0.80000001
-15 -10.400001 0.80000001
15 -10.400001 0.89999998
-15 -10.400001 0.89999998
15 -10.3 0
-15 -10.3 0
15 -10.3 0.1
-15 -10.3 0.1
15 -10.3 0.2
-15 -10.3 0.2
15 -10.3 0.30000001
-15 -10.3 0.30000001
15 -10.3 0.40000001
-15 -10.3 0.40000001
15 -10.3 0.5
-15 -10.3 0.5
15 -10.3 0.60000002
-15 -10.3 0.60000002
15 -10.3 0.69999999
-15 -10.3 0.69999999
15 -10.3 0.80000001
-15 -10.3 0.80000001
15 -10.3 0.89999998
-15 -10.3 0.89999998
15 -10.2 0
-15 -10.2 0
15 -10.2 0.1
-15 -10.2 0.1
15 -10.2 0.2
-15 -10.2 0.2
15 -10.2 0.30000001
-15 -10.2 0.30000001
15 -10.2 0.40000001
-15 -10.2 0.40000001
15 -10.2 0.5
-15 -10.2 0.5
15 -10.2 0.60000002
-15 -10.2 0.60000002
15 -10.2 0.69999999
-15 -10.2 0.69999999
15 -10.2 0.80000001
-15 -10.2 0.80000001
15 -10.2 0.89999998
-15 -10.2 0.89999998
15 -10.1 0
-15 -10.1 0
15 -10.1 0.1
-15 -10.1 0.1
15 -10.1 0.2
-15 -10.1 0.2
15 -10.1 0.30000001
-15 -10.1 0.30000001
15 -10.1 0.40000001
-15 -10.1 0.40000001
15 -10.1 0.5
-15 -10.1 0.5
15 -10.1 0.60000002
-15 -10.1 0.60000002
15 -10.1 0.69999999
-15 -10.1 0.69999999
15 -10.1 0.80000001
-15 -10.1 0.80000001
15 -10.1 0.89999998
-15 -10.1 0.89999998
15 -10 0
-15 -10 0
15 -10 0.1
-15 -10 0.1
15 -10 0.2
-15 -10 0.2
15 -10 0.30000001
-15 -10 0.30000001
15 -10 0.40000001
-15 -10 0.40000001
15 -10 0.5
-15 -10 0.5
15 -10 0.60000002
-15 -10 0.60000002
15 -10 0.69999999
-15 -10 0.69999999
15 -10 0.80000001
-15 -10 0.80000001
15 -10 0.89999998
-15 -10 0.89999998
15 -9.9000006 0
-15 -9.9000006 0
15 -9.9000006 0.1
-15 -9.9000006 0.1
15 -9.9000006 0.2
-15 -9.9000006 0.2
15 -9.9000006 0.30000001
-15 -9.9000006 0.30000001
15 -9.9000006 0.40000001
-15 -9.9000006 0.40000001
15 -9.9000006 0.5
-15 -9.9000006 0.5
15 -9.9000006 0.60000002
-15 -9.9000006 0.60000002
15 -9.9000006 0.69999999
-15 -9.9000006 0.69999999
15 -9.9000006 0.80000001
-15 -9.9000006 0.80000001
15 -9.9000006 0.89999998
-15 -9.9000006 0.89999998
15 -9.8000002 0
-15 -9.8000002 0
15 -9.8000002 0.1
-15 -9.8000002 0.1
15 -9.8000002 0.2
-15 -9.8000002 0.2
15 -9.8000002 0.30000001
-15 -9.8000002 0.30000001
15 -9.8000002 0.40000001
-15 -9.8000002 0.40000001
15 -9.8000002 0.5
-15 -9.8000002 0.5
15 -9.8000002 0.60000002
-15 -9.8000002 0.60000002
15 -9.8000002 0.69999999
-15 -9.8000002 0.69999999
15 -9.8000002 0.80000001
-15 -9.8000002 0.80000001
15 -9.8000002 0.89999998
-15 -9.8000002 0.89999998
15 -9.6999998 0
-15 -9.6999998 0
15 -9.6999998 0.1
-15 -9.6999998 0.1
15 -9.6999998 0.2
-15 -9.6999998 0.2
15 -9.6999998 0.30000001
-15 -9.6999998 0.30000001
15 -9.6999998 0.40000001
-15 -9.6999998 0.40000001
15 -9.6999998 0.5
-15 -9.6999998 0.5
15 -9.6999998 0.60000002
-15 -9.6999998 0.60000002
15 -9.6999998 0.69999999
-15 -9.6999998 0.69999999
15 -9.6999998 0.80000001
-15 -9.6999998 0.80000001
15 -9.6999998 0.89999998
-15 -9.6999998 0.89999998
15 -9.6000004 0
-15 -9.6000004 0
15 -9.6000004 0.1
-15 -9.6000004 0.1
15 -9.6000004 0.2
-15 -9.6000004 0.2
15 -9.6000004 0.30000001
-15 -9.6000004 0.30000001
15 -9.6000004 0.40000001
-15 -9.6000004 0.40000001
15 -9.6000004 0.5
-15 -9.6000004 0.5
15 -9.6000004 0.60000002
-15 -9.6000004 0.60000002
15 -9.6000004 0.69999999
-15 -9.6000004 0.69999999
15 -9.6000004 0.80000001
-15 -9.6000004 0.80000001
15 -9.6000004 0.89999998
-15 -9.6000004 0.89999998
15 -9.5 0
-15 -9.5 0
15 -9.5 0.1
-15 -9.5 0.1
15 -9.5 0.2
-15 -9.5 0.2
15 -9.5 0.30000001
-15 -9.5 0.30000001
15 -9.5 0.40000001
-15 -9.5 0.40000001
15 -9.5 0.5
-15 -9.5 0.5
15 -9.5 0.60000002
-15 -9.5 0.60000002
15 -9.5 0.69999999
-15 -9.5 0.69999999
15 -9.5 0.80000001
-15 -9.5 0.80000001
15 -9.5 0.89999998
-15 -9.5 0.89999998
15 -9.4000006 0
-15 -9.4000006 0
15 -9.4000006 0.1
-15 -9.4000006 0.1
15 -9.4000006 0.2
-15 -9.4000006 0.2
15 -9.4000006 0.30000001
-15 -9.4000006 0.30000001
15 -9.4000006 0.40000001
-15 -9.4000006 0.40000001
15 -9.4000006 0.5
-15 -9.4000006 0.5
15 -9.4000006 0.60000002
-15 -9.4000006 0.60000002
15 -9.4000006 0.69999999
-15 -9.4000006 0.69999999
15 -9.4000006 0.80000001
-15 -9.4000006 0.80000001
15 -9.4000006 0.89999998
-15 -9.4000006 0.89999998
15 -9.3000002 0
-15 -9.3000002 0
15 -9.3000002 0.1
-15 -9.3000002 0.1
15 -9.3000002 0.2
-15 -9.3000002 0.2
15 -9.3000002 0.30000001
-15 -9.3000002 0.30000001
15 -9.3000002 0.40000001
-15 -9.3000002 0.40000001
15 -9.3000002 0.5
-15 -9.3000002 0.5
15 -9.3000002 0.60000002
-15 -9.3000002 0.60000002
15 -9.3000002 0.69999999
-15 -9.3000002 0.69999999
15 -9.3000002 0.80000001
-15 -9.3000002 0.80000001
15 -9.3000002 0.89999998
-15 -9.3000002 0.89999998
15 -9.1999998 0
-15 -9.1999998 0
15 -9.1999998 0.1
-15 -9.1999998 0.1
15 -9.1999998 0.2
-15 -9.1999998 0.2
15 -9.1999998 0.30000001
-15 -9.1999998 0.30000001
15 -9.1999998 0.40000001
-15 -9.1999998 0.40000001
15 -9.1999998 0.5
-15 -9.1999998 0.5
15 -9.1999998 0.60000002
-15 -9.1999998 0.60000002
15 -9.1999998 0.69999999
-15 -9.1999998 0.69999999
15 -9.1999998 0.80000001
-15 -9.1999998 0.80000001
15 -9.1999998 0.89999998
-15 -9.1999998 0.89999998
15 -9.1000004 0
-15 -9.1000004 0
15 -9.1000004 0.1
-15 -9.1000004 0.1
15 -9.1000004 0.2
-15 -9.1000004 0.2
15 -9.1000004 0.30000001
-15 -9.1000004 0.30000001
15 -9.1000004 0.40000001
-15 -9.1000004 0.40000001
15 -9.1000004 0.5
-15 -9.1000004 0.5
15 -9.1000004 0.60000002
-15 -9.1000004 0.60000002
15 -9.1000004 0.69999999
-15 -9.1000004 0.69999999
15 -9.1000004 0.80000001
-15 -9.1000004 0.80000001
15 -9.1000004 0.89999998
-15 -9.1000004 0.89999998
15 -9 0
-15 -9 0
15 -9 0.1
-15 -9 0.1
15 -9 0.2
-15 -9 0.2
15 -9 0.30000001
-15 -9 0.30000001
15 -9 0.40000001
-15 -9 0.40000001
15 -9 0.5
-15 -9 0.5
15 -9 0.60000002
-15 -9 0.60000002
15 -9 0.69999999
-15 -9 0.69999999
15 -9 0.80000001
-15 -9 0.80000001
15 -9 0.89999998
-15 -9 0.89999998
15 -8.9000006 0
-15 -8.9000006 0
15 -8.9000006 0.1
-15 -8.9000006 0.1
15 -8.9000006 0.2
-15 -8.9000006 0.2
15 -8.9000006 0.30000001
-15 -8.9000006 0.30000001
15 -8.9000006 0.40000001
-15 -8.9000006 0.40000001
15 -8.9000006 0.5
-15 -8.9000006 0.5
15 -8.9000006 0.60000002
-15 -8.9000006 0.60000002
15 -8.9000006 0.69999999
-15 -8.9000006 0.69999999
15 -8.9000006 0.80000001
-15 -8.9000006 0.80000001
15 -8.9000006 0.89999998
-15 -8.9000006 0.89999998
15 -8.8000002 0
-15 -8.8000002 0
15 -8.8000002 0.1
-15 -8.8000002 0.1
15 -8.8000002 0.2
-15 -8.8000002 0.2
15 -8.8000002 0.30000001
-15 -8.8000002 0.30000001
15 -8.8000002 0.40000001
-15 -8.8000002 0.40000001
15 -8.8000002 0.5
-15 -8.8000002 0.5
15 -8.8000002 0.60000002
-15 -8.8000002 0.60000002
15 -8.8000002 0.69999999
-15 -8.8000002 0.69999999
15 -8.8000002 0.80000001
-15 -8.8000002 0.80000001
15 -8.8000002 0.89999998
-15 -8.8000002 0.89999998
15 -8.6999998 0
-15 -8.6999998 0
15 -8.6999998 0.1
-15 -8.6999998 0.1
15 -8.6999998 0.2
-15 -8.6999998 0.2
15 -8.6999998 0.30000001
-15 -8.6999998 0.30000001
15 -8.6999998 0.40000001
-15 -8.6999998 0.40000001
15 -8.6999998 0.5
-15 -8.6999998 0.5
15 -8.6999998 0.60000002
-15 -8.6999998 0.60000002
15 -8.6999998 0.69999999
-15 -8.6999998 0.69999999
15 -8.6999998 0.80000001
-15 -8.6999998 0.80000001
15 -8.6999998 0.89999998
-15 -8.6999998 0.89999998
15 -8.6000004 0
-15 -8.6000004 0
15 -8.6000004 0.1
-15 -8.6000004 0.1
15 -8.6000004 0.2
-15 -8.6000004 0.2
15 -8.6000004 0.30000001
-15 -8.6000004 0.30000001
15 -8.6000004 0.40000001
-15 -8.6000004 0.40000001
15 -8.6000004 0.5
-15 -8.6000004 0.5
15 -8.6000004 0.60000002
-15 -8.6000004 0.60000002
15 -8.6000004 0.69999999
-15 -8.6000004 0.69999999
15 -8.6000004 0.80000001
-15 -8.6000004 0.80000001
15 -8.6000004 0.89999998
-15 -8.6000004 0.89999998
15 -8.5 0
-15 -8.5 0
15 -8.5 0.1
-15 -8.5 0.1
15 -8.5 0.2
-15 -8.5 0.2
15 -8.5 0.30000001
-15 -8.5 0.30000001
15 -8.5 0.40000001
-15 -8.5 0.40000001
15 -8.5 0.5
-15 -8.5 0.5
15 -8.5 0.60000002
-15 -8.5 0.60000002
15 -8.5 0.69999999
-15 -8.5 0.69999999
15 -8.5 0.80000001
-15 -8.5 0.80000001
15 -8.5 0.89999998
-15 -8.5 0.89999998
15 -8.4000006 0
-15 -8.4000006 0
15 -8.4000006 0.1
-15 -8.4000006 0.1
15 -8.4000006 0.2
-15 -8.4000006 0.2
15 -8.4000006 0.30000001
-15 -8.4000006 0.30000001
15 -8.4000006 0.40000001
-15 -8.4000006 0.40000001
15 -8.4000006 0.5
-15 -8.4000006 0.5
15 -8.4000006 0.60000002
-15 -8.4000006 0.60000002
15 -8.4000006 0.69999999
-15 -8.4000006 0.69999999
15 -8.4000006 0.80000001
-15 -8.4000006 0.80000001
15 -8.4000006 0.89999998
-15 -8.4000006 0.89999998
15 -8.3000002 0
-15 -8.3000002 0
15 -8.3000002 0.1
-15 -8.3000002 0.1
15 -8.3000002 0.2
-15 -8.3000002 0.2
15 -8.3000002 0.30000001
-15 -8.3000002 0.30000001
15 -8.3000002 0.40000001
-15 -8.3000002 0.40000001
15 -8.3000002 0.5
-15 -8.3000002 0.5
15 -8.3000002 0.60000002
-15 -8.3000002 0.60000002
15 -8.3000002 0.69999999
-15 -8.3000002 0.69999999
15 -8.3000002 0.80000001
-15 -8.3000002 0.80000001
15 -8.3000002 0.89999998
-15 -8.3000002 0.89999998
15 -8.1999998 0
-15 -8.1999998 0
15 -8.1999998 0.1
-15 -8.1999998 0.1
15 -8.1999998 0.2
-15 -8.1999998 0.2
15 -8.1999998 0.30000001
-15 -8.1999998 0.30000001
15 -8.1999998 0.40000001
-15 -8.1999998 0.40000001
15 -8.1999998 0.5
-15 -8.1999998 0.5
15 -8.1999998 0.60000002
-15 -8.1999998 0.60000002
15 -8.1999998 0.69999999
-15 -8.1999998 0.69999999
15 -8.1999998 0.80000001
-15 -8.1999998 0.80000001
15 -8.1999998 0.89999998
-15 -8.1999998 0.89999998
15 -8.1000004 0
-15 -8.1000004 0
15 -8.1000004 0.1
-15 -8.1000004 0.1
15 -8.1000004 0.2
-15 -8.1000004 0.2
15 -8.1000004 0.30000001
-15 -8.1000004 0.30000001
15 -8.1000004 0.40000001
-15 -8.1000004 0.40000001
15 -8.1000004 0.5
-15 -8.1000004 0.5
15 -8.1000004 0.60000002
-15 -8.1000004 0.60000002
15 -8.1000004 0.69999999
-15 -8.1000004 0.69999999
15 -8.1000004 0.80000001
-15 -8.1000004 0.80000001
15 -8.1000004 0.89999998
-15 -8.1000004 0.89999998
15 -8 0
-15 -8 0
15 -8 0.1
-15 -8 0.1
15 -8 0.2
-15 -8 0.2
15 -8 0.30000001
-15 -8 0.30000001
15 -8 0.40000001
-15 -8 0.40000001
15 -8 0.5
-15 -8 0.5
15 -8 0.60000002
-15 -8 0.60000002
15 -8 0.69999999
-15 -8 0.69999999
15 -8 0.80000001
-15 -8 0.80000001
15 -8 0.89999998
-15 -8 0.89999998
15 -7.9000001 0
-15 -7.9000001 0
15 -7.9000001 0.1
-15 -7.9000001 0.1
15 -7.9000001 0.2
-15 -7.9000001 0.2
15 -7.9000001 0.30000001
-15 -7.9000001 0.30000001
15 -7.9000001 0.40000001
-15 -7.9000001 0.40000001
15 -7.9000001 0.5
-15 -7.9000001 0.5
15 -7.9000001 0.60000002
-15 -7.9000001 0.60000002
15 -7.9000001 0.69999999
-15 -7.9000001 0.69999999
15 -7.9000001 0.80000001
-15 -7.9000001 0.80000001
15 -7.9000001 0.89999998
-15 -7.9000001 0.89999998
15 -7.7999997 0
-15 -7.7999997 0
15 -7.7999997 0.1
-15 -7.7999997 0.1
15 -7.7999997 0.2
-15 -7.7999997 0.2
15 -7.7999997 0.30000001
-15 -7.7999997 0.30000001
15 -7.7999997 0.40000001
-15 -7.7999997 0.40000001
15 -7.7999997 0.5
-15 -7.7999997 0.5
15 -7.7999997 0.60000002
-15 -7.7999997 0.60000002
15 -7.7999997 0.69999999
-15 -7.7999997 0.69999999
15 -7.7999997 0.80000001
-15 -7.7999997 0.80000001
15 -7.7999997 0.89999998
-15 -7.7999997 0.89999998
15 -7.6999998 0
-15 -7.6999998 0
15 -7.6999998 0.1
-15 -7.6999998 0.1
15 -7.6999998 0.2
-15 -7.6999998 0.2
15 -7.6999998 0.30000001
-15 -7.6999998 0.30000001
15 -7.6999998 0.40000001
-15 -7.6999998 0.40000001
15 -7.6999998 0.5
-15 -7.6999998 0.5
15 -7.6999998 0.60000002
-15 -7.6999998 0.60000002
15 -7.6999998 0.69999999
-15 -7.6999998 0.69999999
15 -7.6999998 0.80000001
-15 -7.6999998 0.80000001
15 -7.6999998 0.89999998
-15 -7.6999998 0.89999998
15 -7.5999999 0
-15 -7.5999999 0
15 -7.5999999 0.1
-15 -7.5999999 0.1
15 -7.5999999 0.2
-15 -7.5999999 0.2
15 -7.5999999 0.30000001
-15 -7.5999999 0.30000001
15 -7.5999999 0.40000001
-15 -7.5999999 0.40000001
15 -7.5999999 0.5
-15 -7.5999999 0.5
15 -7.5999999 0.60000002
-15 -7.5999999 0.60000002
15 -7.5999999 0.69999999
-15 -7.5999999 0.69999999
15 -7.5999999 0.80000001
-15 -7.5999999 0.80000001
15 -7.5999999 0.89999998
-15 -7.5999999 0.89999998
15 -7.5 0
-15 -7.5 0
15 -7.5 0.1
-15 -7.5 0.1
15 -7.5 0.2
-15 -7.5 0.2
15 -7.5 0.30000001
-15 -7.5 0.30000001
15 -7.5 0.40000001
-15 -7.5 0.40000001
15 -7.5 0.5
-15 -7.5 0.5
15 -7.5 0.60000002
-15 -7.5 0.60000002
15 -7.5 0.69999999
-15 -7.5 0.69999999
15 -7.5 0.80000001
-15 -7.5 0.80000001
15 -7.5 0.89999998
-15 -7.5 0.89999998
15 -7.4000001 0
-15 -7.4000001 0
15 -7.4000001 0.1
-15 -7.4000001 0.1
15 -7.4000001 0.2
-15 -7.4000001 0.2
15 -7.4000001 0.30000001
-15 -7.4000001 0.30000001
15 -7.4000001 0.40000001
-15 -7.4000001 0.40000001
15 -7.4000001 0.5
-15 -7.4000001 0.5
15 -7.4000001 0.60000002
-15 -7.4000001 0.60000002
15 -7.4000001 0.69999999
-15 -7.4000001 0.69999999
15 -7.4000001 0.80000001
-15 -7.4000001 0.80000001
15 -7.4000001 0.89999998
-15 -7.4000001 0.89999998
15 -7.2999997 0
-15 -7.2999997 0
15 -7.2999997 0.1
-15 -7.2999997 0.1
15 -7.2999997 0.2
-15 -7.2999997 0.2
15 -7.2999997 0.30000001
-15 -7.2999997 0.30000001
15 -7.2999997 0.40000001
-15 -7.2999997 0.40000001
15 -7.2999997 0.5
-15 -7.2999997 0.5
15 -7.2999997 0.60000002
-15 -7.2999997 0.60000002
15 -7.2999997 0.69999999
-15 -7.2999997 0.69999999
15 -7.2999997 0.80000001
-15 -7.2999997 0.80000001
15 -7.2999997 0.89999998
-15 -7.2999997 0.89999998
15 -7.1999998 0
-15 -7.1999998 0
15 -7.1999998 0.1
-15 -7.1999998 0.1
15 -7.1999998 0.2
-15 -7.1999998 0.2
15 -7.1999998 0.30000001
-15 -7.1999998 0.30000001
15 -7.1999998 0.40000001
-15 -7.1999998 0.40000001
15 -7.1999998 0.5
-15 -7.1999998 0.5
15 -7.1999998 0.60000002
-15 -7.1999998 0.60000002
15 -7.1999998 0.69999999
-15 -7.1999998 0.69999999
15 -7.1999998 0.80000001
-15 -7.1999998 0.80000001
15 -7.1999998 0.89999998
-15 -7.1999998 0.89999998
15 -7.0999999 0
-15 -7.0999999 0
15 -7.0999999 0.1
-15 -7.0999999 0.1
15 -7.0999999 0.2
-15 -7.0999999 0.2
15 -7.0999999 0.30000001
-15 -7.0999999 0.30000001
15 -7.0999999 0.40000001
-15 -7.0999999 0.40000001
15 -7.0999999 0.5
-15 -7.0999999 0.5
15 -7.0999999 0.60000002
-15 -7.0999999 0.60000002
15 -7.0999999 0.69999999
-15 -7.0999999 0.69999999
15 -7.0999999 0.80000001
-15 -7.0999999 0.80000001
15 -7.0999999 0.89999998
-15 -7.0999999 0.89999998
15 -6.9999995 0
-15 -6.9999995 0
15 -6.9999995 0.1
-15 -6.9999995 0.1
15 -6.9999995 0.2
-15 -6.9999995 0.2
15 -6.9999995 0.30000001
-15 -6.9999995 0.30000001
15 -6.9999995 0.40000001
-15 -6.9999995 0.40000001
15 -6.9999995 0.5
-15 -6.9999995 0.5
15 -6.9999995 0.60000002
-15 -6.9999995 0.60000002
15 -6.9999995 0.69999999
-15 -6.9999995 0.69999999
15 -6.9999995 0.80000001
-15 -6.9999995 0.80000001
15 -6.9999995 0.89999998
-15 -6.9999995 0.89999998
15 -6.9000001 0
-15 -6.9000001 0
15 -6.9000001 0.1
-15 -6.9000001 0.1
15 -6.9000001 0.2
-15 -6.9000001 0.2
15 -6.9000001 0.30000001
-15 -6.9000001 0.30000001
15 -6.9000001 0.40000001
-15 -6.9000001 0.40000001
15 -6.9000001 0.5
-15 -6.9000001 0.5
15 -6.9000001 0.60000002
-15 -6.9000001 0.60000002
15 -6.9000001 0.69999999
-15 -6.9000001 0.69999999
15 -6.9000001 0.80000001
-15 -6.9000001 0.80000001
15 -6.9000001 0.89999998
-15 -6.9000001 0.89999998
15 -6.7999997 0
-15 -6.7999997 0
15 -6.7999997 0.1
-15 -6.7999997 0.1
15 -6.7999997 0.2
-15 -6.7999997 0.2
15 -6.7999997 0.30000001
-15 -6.7999997 0.30000001
15 -6.7999997 0.40000001
-15 -6.7999997 0.40000001
15 -6.7999997 0.5
-15 -6.7999997 0.5
15 -6.7999997 0.60000002
-15 -6.7999997 0.60000002
15 -6.7999997 0.69999999
-15 -6.7999997 0.69999999
15 -6.7999997 0.80000001
-15 -6.7999997 0.80000001
15 -6.7999997 0.89999998
-15 -6.7999997 0.89999998
15 -6.7000003 0
-15 -6.7000003 0
15 -6.7000003 0.1
-15 -6.7000003 0.1
15 -6.7000003 0.2
-15 -6.7000003 0.2
15 -6.7000003 0.30000001
-15 -6.7000003 0.30000001
15 -6.7000003 0.40000001
-15 -6.7000003 0.40000001
15 -6.7000003 0.5
-15 -6.7000003 0.5
15 -6.7000003 0.60000002
-15 -6.7000003 0.60000002
15 -6.7000003 0.69999999
-15 -6.7000003 0.69999999
15 -6.7000003 0.80000001
-15 -6.7000003 0.80000001
15 -6.7000003 0.89999998
-15 -6.7000003 0.89999998
15 -6.5999999 0
-15 -6.5999999 0
15 -6.5999999 0.1
-15 -6.5999999 0.1
15 -6.5999999 0.2
-15 -6.5999999 0.2
15 -6.5999999 0.30000001
-15 -6.5999999 0.30000001
15 -6.5999999 0.40000001
-15 -6.5999999 0.40000001
15 -6.5999999 0.5
-15 -6.5999999 0.5
15 -6.5999999 0.60000002
-15 -6.5999999 0.60000002
15 -6.5999999 0.69999999
-15 -6.5999999 0.69999999
15 -6.5999999 0.80000001
-15 -6.5999999 0.80000001
15 -6.5999999 0.89999998
-15 -6.5999999 0.89999998
15 -6.4999995 0
-15 -6.4999995 0
15 -6.4999995 0.1
-15 -6.4999995 0.1
15 -6.4999995 0.2
-15 -6.4999995 0.2
15 -6.4999995 0.30000001
-15 -6.4999995 0.30000001
15 -6.4999995 0.40000001
-15 -6.4999995 0.40000001
15 -6.4999995 0.5
-15 -6.4999995 0.5
15 -6.4999995 0.60000002
-15 -6.4999995 0.60000002
15 -6.4999995 0.69999999
-15 -6.4999995 0.69999999
15 -6.4999995 0.80000001
-15 -6.4999995 0.80000001
15 -6.4999995 0.89999998
-15 -6.4999995 0.89999998
15 -6.4000001 0
-15 -6.4000001 0
15 -6.4000001 0.1
-15 -6.4000001 0.1
15 -6.4000001 0.2
-15 -6.4000001 0.2
15 -6.4000001 0.30000001
-15 -6.4000001 0.30000001
15 -6.4000001 0.40000001
-15 -6.4000001 0.40000001
15 -6.4000001 0.5
-15 -6.4000001 0.5
15 -6.4000001 0.60000002
-15 -6.4000001 0.60000002
15 -6.4000001 0.69999999
-15 -6.4000001 0.69999999
15 -6.4000001 0.80000001
-15 -6.4000001 0.80000001
15 -6.4000001 0.89999998
-15 -6.4000001 0.89999998
15 -6.2999997 0
-15 -6.2999997 0
15 -6.2999997 0.1
-15 -6.2999997 0.1
15 -6.2999997 0.2
-15 -6.2999997 0.2
15 -6.2999997 0.30000001
-15 -6.2999997 0.30000001
15 -6.2999997 0.40000001
-15 -6.2999997 0.40000001
15 -6.2999997 0.5
-15 -6.2999997 0.5
15 -6.2999997 0.60000002
-15 -6.2999997 0.60000002
15 -6.2999997 0.69999999
-15 -6.2999997 0.69999999
15 -6.2999997 0.80000001
-15 -6.2999997 0.80000001
15 -6.2999997 0.89999998
-15 -6.2999997 0.89999998
15 -6.2000003 0
-15 -6.2000003 0
15 -6.2000003 0.1
-15 -6.2000003 0.1
15 -6.2000003 0.2
-15 -6.2000003 0.2
15 -6.2000003 0.30000001
-15 -6.2000003 0.30000001
15 -6.2000003 0.40000001
-15 -6.2000003 0.40000001
15 -6.2000003 0.5
-15 -6.2000003 0.5
15 -6.2000003 0.60000002
-15 -6.2000003 0.60000002
15 -6.2000003 0.69999999
-15 -6.2000003 0.69999999
15 -6.2000003 0.80000001
-15 -6.2000003 0.80000001
15 -6.2000003 0.89999998
-15 -6.2000003 0.89999998
15 -6.0999999 0
-15 -6.0999999 0
15 -6.0999999 0.1
-15 -6.0999999 0.1
15 -6.0999999 0.2
-15 -6.0999999 0.2
15 -6.0999999 0.30000001
-15 -6.0999999 0.30000001
15 -6.0999999 0.40000001
-15 -6.0999999 0.40000001
15 -6.0999999 0.5
-15 -6.0999999 0.5
15 -6.0999999 0.60000002
-15 -6.0999999 0.60000002
15 -6.0999999 0.69999999
-15 -6.0999999 0.69999999
15 -6.0999999 0.80000001
-15 -6.0999999 0.80000001
15 -6.0999999 0.89999998
-15 -6.0999999 0.89999998
15 -5.9999995 0
-15 -5.9999995 0
15 -5.9999995 0.1
-15 -5.9999995 0.1
15 -5.9999995 0.2
-15 -5.9999995 0.2
15 -5.9999995 0.30000001
-15 -5.9999995 0.30000001
15 -5.9999995 0.40000001
-15 -5.9999995 0.40000001
15 -5.9999995 0.5
-15 -5.9999995 0.5
15 -5.9999995 0.60000002
-15 -5.9999995 0.60000002
15 -5.9999995 0.69999999
-15 -5.9999995 0.69999999
15 -5.9999995 0.80000001
-15 -5.9999995 0.80000001
15 -5.9999995 0.89999998
-15 -5.9999995 0.89999998
15 -5.9000001 0
-15 -5.9000001 0
15 -5.9000001 0.1
-15 -5.9000001 0.1
15 -5.9000001 0.2
-15 -5.9000001 0.2
15 -5.9000001 0.30000001
-15 -5.9000001 0.30000001
15 -5.9000001 0.40000001
-15 -5.9000001 0.40000001
15 -5.9000001 0.5
-15 -5.9000001 0.5
15 -5.9000001 0.60000002
-15 -5.9000001 0.60000002
15 -5.9000001 0.69999999
-15 -5.9000001 0.69999999
15 -5.9000001 0.80000001
-15 -5.9000001 0.80000001
15 -5.9000001 0.89999998
-15 -5.9000001 0.89999998
15 -5.7999997 0
-15 -5.7999997 0
15 -5.7999997 0.1
-15 -5.7999997 0.1
15 -5.7999997 0.2
-15 -5.7999997 0.2
15 -5.7999997 0.30000001
-15 -5.7999997 0.30000001
15 -5.7999997 0.40000001
-15 -5.7999997 0.40000001
15 -5.7999997 0.5
-15 -5.7999997 0.5
15 -5.7999997 0.60000002
-15 -5.7999997 0.60000002
15 -5.7999997 0.69999999
-15 -5.7999997 0.69999999
15 -5.7999997 0.80000001
-15 -5.7999997 0.80000001
15 -5.7999997 0.89999998
-15 -5.7999997 0.89999998
15 -5.7000003 0
-15 -5.7000003 0
15 -5.7000003 0.1
-15 -5.7000003 0.1
15 -5.7000003 0.2
-15 -5.7000003 0.2
15 -5.7000003 0.30000001
-15 -5.7000003 0.30000001
15 -5.7000003 0.40000001
-15 -5.7000003 0.40000001
15 -5.7000003 0.5
-15 -5.7000003 0.5
15 -5.7000003 0.60000002
-15 -5.7000003 0.60000002
15 -5.7000003 0.69999999
-15 -5.7000003 0.69999999
15 -5.7000003 0.80000001
-15 -5.7000003 0.80000001
15 -5.7000003 0.89999998
-15 -5.7000003 0.89999998
15 -5.5999999 0
-15 -5.5999999 0
15 -5.5999999 0.1
-15 -5.5999999 0.1
15 -5.5999999 0.2
-15 -5.5999999 0.2
15 -5.5999999 0.30000001
-15 -5.5999999 0.30000001
15 -5.5999999 0.40000001
-15 -5.5999999 0.40000001
15 -5.5999999 0.5
-15 -5.5999999 0.5
15 -5.5999999 0.60000002
-15 -5.5999999 0.60000002
15 -5.5999999 0.69999999
-15 -5.5999999 0.69999999
15 -5.5999999 0.80000001
-15 -5.5999999 0.80000001
15 -5.5999999 0.89999998
-15 -5.5999999 0.89999998
15 -5.4999995 0
-15 -5.4999995 0
15 -5.4999995 0.1
-15 -5.4999995 0.1
15 -5.4999995 0.2
-15 -5.4999995 0.2
15 -5.4999995 0.30000001
-15 -5.4999995 0.30000001
15 -5.4999995 0.40000001
-15 -5.4999995 0.40000001
15 -5.4999995 0.5
-15 -5.4999995 0.5
15 -5.4999995 0.60000002
-15 -5.4999995 0.60000002
15 -5.4999995 0.69999999
-15 -5.4999995 0.69999999
15 -5.4999995 0.80000001
-15 -5.4999995 0.80000001
15 -5.4999995 0.89999998
-15 -5.4999995 0.89999998
15 -5.4000001 0
-15 -5.4000001 0
15 -5.4000001 0.1
-15 -5.4000001 0.1
15 -5.4000001 0.2
-15 -5.4000001 0.2
15 -5.4000001 0.30000001
-15 -5.4000001 0.30000001
15 -5.4000001 0.40000001
-15 -5.4000001 0.40000001
15 -5.4000001 0.5
-15 -5.4000001 0.5
15 -5.4000001 0.60000002
-15 -5.4000001 0.60000002
15 -5.4000001 0.69999999
-15 -5.4000001 0.69999999
15 -5.4000001 0.80000001
-15 -5.4000001 0.80000001
15 -5.4000001 0.89999998
-15 -5.4000001 0.89999998
15 -5.2999997 0
-15 -5.2999997 0
15 -5.2999997 0.1
-15 -5.2999997 0.1
15 -5.2999997 0.2
-15 -5.2999997 0.2
15 -5.2999997 0.30000001
-15 -5.2999997 0.30000001
15 -5.2999997 0.40000001
-15 -5.2999997 0.40000001
15 -5.2999997 0.5
-15 -5.2999997 0.5
15 -5.2999997 0.60000002
-15 -5.2999997 0.60000002
15 -5.2999997 0.69999999
-15 -5.2999997 0.69999999
15 -5.2999997 0.80000001
-15 -5.2999997 0.80000001
15 -5.2999997 0.89999998
-15 -5.2999997 0.89999998
15 -5.2000003 0
-15 -5.2000003 0
15 -5.2000003 0.1
-15 -5.2000003 0.1
15 -5.2000003 0.2
-15 -5.2000003 0.2
15 -5.2000003 0.30000001
-15 -5.2000003 0.30000001
15 -5.2000003 0.40000001
-15 -5.2000003 0.40000001
15 -5.2000003 0.5
-15 -5.2000003 0.5
15 -5.2000003 0.60000002
-15 -5.2000003 0.60000002
15 -5.2000003 0.69999999
-15 -5.2000003 0.69999999
15 -5.2000003 0.80000001
-15 -5.2000003 0.80000001
15 -5.2000003 0.89999998
-15 -5.2000003 0.89999998
15 -5.0999999 0
-15 -5.0999999 0
15 -5.0999999 0.1
-15 -5.0999999 0.1
15 -5.0999999 0.2
-15 -5.0999999 0.2
15 -5.0999999 0.30000001
-15 -5.0999999 0.30000001
15 -5.0999999 0.40000001
-15 -5.0999999 0.40000001
15 -5.0999999 0.5
-15 -5.0999999 0.5
15 -5.0999999 0.60000002
-15 -5.0999999 0.60000002
15 -5.0999999 0.69999999
-15 -5.0999999 0.69999999
15 -5.0999999 0.80000001
-15 -5.0999999 0.80000001
15 -5.0999999 0.89999998
-15 -5.0999999 0.89999998
15 -4.9999995 0
-15 -4.9999995 0
15 -4.9999995 0.1
-15 -4.9999995 0.1
15 -4.9999995 0.2
-15 -4.9999995 0.2
15 -4.9999995 0.30000001
-15 -4.9999995 0.30000001
15 -4.9999995 0.40000001
-15 -4.9999995 0.40000001
15 -4.9999995 0.5
-15 -4.9999995 0.5
15 -4.9999995 0.60000002
-15 -4.9999995 0.60000002
15 -4.9999995 0.69999999
-15 -4.9999995 0.69999999
15 -4.9999995 0.80000001
-15 -4.9999995 0.80000001
15 -4.9999995 0.89999998
-15 -4.9999995 0.89999998
15 -4.9000001 0
-15 -4.9000001 0
15 -4.9000001 0.1
-15 -4.9000001 0.1
15 -4.9000001 0.2
-15 -4.9000001 0.2
15 -4.9000001 0.30000001
-15 -4.9000001 0.30000001
15 -4.9000001 0.40000001
-15 -4.9000001 0.40000001
15 -4.9000001 0.5
-15 -4.9000001 0.5
15 -4.9000001 0.60000002
-15 -4.9000001 0.60000002
15 -4.9000001 0.69999999
-15 -4.9000001 0.69999999
15 -4.9000001 0.80000001
-15 -4.9000001 0.80000001
15 -4.9000001 0.89999998
-15 -4.9000001 0.89999998
15 -4.7999997 0
-15 -4.7999997 0
15 -4.7999997 0.1
-15 -4.7999997 0.1
15 -4.7999997 0.2
-15 -4.7999997 0.2
15 -4.7999997 0.30000001
-15 -4.7999997 0.30000001
15 -4.7999997 0.40000001
-15 -4.7999997 0.40000001
15 -4.7999997 0.5
-15 -4.7999997 0.5
15 -4.7999997 0.60000002
-15 -4.7999997 0.60000002
15 -4.7999997 0.69999999
-15 -4.7999997 0.69999999
15 -4.7999997 0.80000001
-15 -4.7999997 0.80000001
15 -4.7999997 0.89999998
-15 -4.7999997 0.89999998
15 -4.7000003 0
-15 -4.7000003 0
15 -4.7000003 0.1
-15 -4.7000003 0.1
15 -4.7000003 0.2
-15 -4.7000003 0.2
15 -4.7000003 0.30000001
-15 -4.7000003 0.30000001
15 -4.7000003 0.40000001
-15 -4.7000003 0.40000001
15 -4.7000003 0.5
-15 -4.7000003 0.5
15 -4.7000003 0.60000002
-15 -4.7000003 0.60000002
15 -4.7000003 0.69999999
-15 -4.7000003 0.69999999
15 -4.7000003 0.80000001
-15 -4.7000003 0.80000001
15 -4.7000003 0.89999998
-15 -4.7000003 0.89999998
15 -4.5999999 0
-15 -4.5999999 0
15 -4.5999999 0.1
-15 -4.5999999 0.1
15 -4.5999999 0.2
-15 -4.5999999 0.2
15 -4.5999999 0.30000001
-15 -4.5999999 0.30000001
15 -4.5999999 0.40000001
-15 -4.5999999 0.40000001
15 -4.5999999 0.5
-15 -4.5999999 0.5
15 -4.5999999 0.60000002
-15 -4.5999999 0.60000002
15 -4.5999999 0.69999999
-15 -4.5999999 0.69999999
15 -4.5999999 0.80000001
-15 -4.5999999 0.80000001
15 -4.5999999 0.89999998
-15 -4.5999999 0.89999998
15 -4.4999995 0
-15 -4.4999995 0
15 -4.4999995 0.1
-15 -4.4999995 0.1
15 -4.4999995 0.2
-15 -4.4999995 0.2
15 -4.4999995 0.30000001
-15 -4.4999995 0.30000001
15 -4.4999995 0.40000001
-15 -4.4999995 0.40000001
15 -4.4999995 0.5
-15 -4.4999995 0.5
15 -4.4999995 0.60000002
-15 -4.4999995 0.60000002
15 -4.4999995 0.69999999
-15 -4.4999995 0.69999999
15 -4.4999995 0.80000001
-15 -4.4999995 0.80000001
15 -4.4999995 0.89999998
-15 -4.4999995 0.89999998
15 -4.4000001 0
-15 -4.4000001 0
15 -4.4000001 0.1
-15 -4.4000001 0.1
15 -4.4000001 0.2
-15 -4.4000001 0.2
15 -4.4000001 0.30000001
-15 -4.4000001 0.30000001
15 -4.4000001 0.40000001
-15 -4.4000001 0.40000001
15 -4.4000001 0.5
-15 -4.4000001 0.5
15 -4.4000001 0.60000002
-15 -4.4000001 0.60000002
15 -4.4000001 0.69999999
-15 -4.4000001 0.69999999
15 -4.4000001 0.80000001
-15 -4.4000001 0.80000001
15 -4.4000001 0.89999998
-15 -4.4000001 0.89999998
15 -4.2999997 0
-15 -4.2999997 0
15 -4.2999997 0.1
-15 -4.2999997 0.1
15 -4.2999997 0.2
-15 -4.2999997 0.2
15 -4.2999997 0.30000001
-15 -4.2999997 0.30000001
15 -4.2999997 0.40000001
-15 -4.2999997 0.40000001
15 -4.2999997 0.5
-15 -4.2999997 0.5
15 -4.2999997 0.60000002
-15 -4.2999997 0.60000002
15 -4.2999997 0.69999999
-15 -4.2999997 0.69999999
15 -4.2999997 0.80000001
-15 -4.2999997 0.80000001
15 -4.2999997 0.89999998
-15 -4.2999997 0.89999998
15 -4.2000003 0
-15 -4.2000003 0
15 -4.2000003 0.1
-15 -4.2000003 0.1
15 -4.2000003 0.2
-15 -4.2000003 0.2
15 -4.2000003 0.30000001
-15 -4.2000003 0.30000001
15 -4.2000003 0.40000001
-15 -4.2000003 0.40000001
15 -4.2000003 0.5
-15 -4.2000003 0.5
15 -4.2000003 0.60000002
-15 -4.2000003 0.60000002
15 -4.2000003 0.69999999
-15 -4.2000003 0.69999999
15 -4.2000003 0.80000001
-15 -4.2000003 0.80000001
15 -4.2000003 0.89999998
-15 -4.2000003 0.89999998
15 -4.0999999 0
-15 -4.0999999 0
15 -4.0999999 0.1
-15 -4.0999999 0.1
15 -4.0999999 0.2
-15 -4.0999999 0.2
15 -4.0999999 0.30000001
-15 -4.0999999 0.30000001
15 -4.0999999 0.40000001
-15 -4.0999999 0.40000001
15 -4.0999999 0.5
-15 -4.0999999 0.5
15 -4.0999999 0.60000002
-15 -4.0999999 0.60000002
15 -4.0999999 0.69999999
-15 -4.0999999 0.69999999
15 -4.0999999 0.80000001
-15 -4.0999999 0.80000001
15 -4.0999999 0.89999998
-15 -4.0999999 0.89999998
15 -3.9999995 0
-15 -3.9999995 0
15 -3.9999995 0.1
-15 -3.9999995 0.1
15 -3.9999995 0.2
-15 -3.9999995 0.2
15 -3.9999995 0.30000001
-15 -3.9999995 0.30000001
15 -3.9999995 0.40000001
-15 -3.9999995 0.40000001
15 -3.9999995 0.5
-15 -3.9999995 0.5
15 -3.9999995 0.60000002
-15 -3.9999995 0.60000002
15 -3.9999995 0.69999999
-15 -3.9999995 0.69999999
15 -3.9999995 0.80000001
-15 -3.9999995 0.80000001
15 -3.9999995 0.89999998
-15 -3.9999995 0.89999998
15 -3.9000001 0
-15 -3.9000001 0
15 -3.9000001 0.1
-15 -3.9000001 0.1
15 -3.9000001 0.2
-15 -3.9000001 0.2
15 -3.9000001 0.30000001
-15 -3.9000001 0.30000001
15 -3.9000001 0.40000001
-15 -3.9000001 0.40000001
15 -3.9000001 0.5
-15 -3.9000001 0.5
15 -3.9000001 0.60000002
-15 -3.9000001 0.60000002
15 -3.9000001 0.69999999
-15 -3.9000001 0.69999999
15 -3.9000001 0.80000001
-15 -3.9000001 0.80000001
15 -3.9000001 0.89999998
-15 -3.9000001 0.89999998
15 -3.7999997 0
-15 -3.7999997 0
15 -3.7999997 0.1
-15 -3.7999997 0.1
15 -3.7999997 0.2
-15 -3.7999997 0.2
15 -3.7999997 0.30000001
-15 -3.7999997 0.30000001
15 -3.7999997 0.40000001
-15 -3.7999997 0.40000001
15 -3.7999997 0.5
-15 -3.7999997 0.5
15 -3.7999997 0.60000002
-15 -3.7999997 0.60000002
15 -3.7999997 0.69999999
-15 -3.7999997 0.69999999
15 -3.7999997 0.80000001
-15 -3.7999997 0.80000001
15 -3.7999997 0.89999998
-15 -3.7999997 0.89999998
15 -3.7000003 0
-15 -3.7000003 0
15 -3.7000003 0.1
-15 -3.7000003 0.1
15 -3.7000003 0.2
-15 -3.7000003 0.2
15 -3.7000003 0.30000001
-15 -3.7000003 0.30000001
15 -3.7000003 0.40000001
-15 -3.7000003 0.40000001
15 -3.7000003 0.5
-15 -3.7000003 0.5
15 -3.7000003 0.60000002
-15 -3.7000003 0.60000002
15 -3.7000003 0.69999999
-15 -3.7000003 0.69999999
15 -3.7000003 0.80000001
-15 -3.7000003 0.80000001
15 -3.7000003 0.89999998
-15 -3.7000003 0.89999998
15 -3.5999999 0
-15 -3.5999999 0
15 -3.5999999 0.1
-15 -3.5999999 0.1
15 -3.5999999 0.2
-15 -3.5999999 0.2
15 -3.5999999 0.30000001
-15 -3.5999999 0.30000001
15 -3.5999999 0.40000001
-15 -3.5999999 0.40000001
15 -3.5999999 0.5
-15 -3.5999999 0.5
15 -3.5999999 0.60000002
-15 -3.5999999 0.60000002
15 -3.5999999 0.69999999
-15 -3.5999999 0.69999999
15 -3.5999999 0.80000001
-15 -3.5999999 0.80000001
15 -3.5999999 0.89999998
-15 -3.5999999 0.89999998
15 -3.4999995 0
-15 -3.4999995 0
15 -3.4999995 0.1
-15 -3.4999995 0.1
15 -3.4999995 0.2
-15 -3.4999995 0.2
15 -3.4999995 0.30000001
-15 -3.4999995 0.30000001
15 -3.4999995 0.40000001
-15 -3.4999995 0.40000001
15 -3.4999995 0.5
-15 -3.4999995 0.5
15 -3.4999995 0.60000002
-15 -3.4999995 0.60000002
15 -3.4999995 0.69999999
-15 -3.4999995 0.69999999
15 -3.4999995 0.80000001
-15 -3.4999995 0.80000001
15 -3.4999995 0.89999998
-15 -3.4999995 0.89999998
15 -3.4000001 0
-15 -3.4000001 0
15 -3.4000001 0.1
-15 -3.4000001 0.1
15 -3.4000001 0.2
-15 -3.4000001 0.2
15 -3.4000001 0.30000001
-15 -3.4000001 0.30000001
15 -3.4000001 0.40000001
-15 -3.4000001 0.40000001
15 -3.4000001 0.5
-15 -3.4000001 0.5
15 -3.4000001 0.60000002
-15 -3.4000001 0.60000002
15 -3.4000001 0.69999999
-15 -3.4000001 0.69999999
15 -3.4000001 0.80000001
-15 -3.4000001 0.80000001
15 -3.4000001 0.89999998
-15 -3.4000001 0.89999998
15 -3.2999997 0
-15 -3.2999997 0
15 -3.2999997 0.1
-15 -3.2999997 0.1
15 -3.2999997 0.2
-15 -3.2999997 0.2
15 -3.2999997 0.30000001
-15 -3.2999997 0.30000001
15 -3.2999997 0.40000001
-15 -3.2999997 0.40000001
15 -3.2999997 0.5
-15 -3.2999997 0.5
15 -3.2999997 0.60000002
-15 -3.2999997 0.60000002
15 -3.2999997 0.69999999
-15 -3.2999997 0.69999999
15 -3.2999997 0.80000001
-15 -3.2999997 0.80000001
15 -3.2999997 0.89999998
-15 -3.2999997 0.89999998
15 -3.2000003 0
-15 -3.2000003 0
15 -3.2000003 0.1
-15 -3.2000003 0.1
15 -3.2000003 0.2
-15 -3.2000003 0.2
15 -3.2000003 0.30000001
-15 -3.2000003 0.30000001
15 -3.2000003 0.40000001
-15 -3.2000003 0.40000001
15 -3.2000003 0.5
-15 -3.2000003 0.5
15 -3.2000003 0.60000002
-15 -3.2000003 0.60000002
15 -3.2000003 0.69999999
-15 -3.2000003 0.69999999
15 -3.2000003 0.80000001
-15 -3.2000003 0.80000001
15 -3.2000003 0.89999998
-15 -3.2000003 0.89999998
15 -3.0999999 0
-15 -3.0999999 0
15 -3.0999999 0.1
-15 -3.0999999 0.1
15 -3.0999999 0.2
-15 -3.0999999 0.2
15 -3.0999999 0.30000001
-15 -3.0999999 0.30000001
15 -3.0999999 0.40000001
-15 -3.0999999 0.40000001
15 -3.0999999 0.5
-15 -3.0999999 0.5
15 -3.0999999 0.60000002
-15 -3.0999999 0.60000002
15 -3.0999999 0.69999999
-15 -3.0999999 0.69999999
15 -3.0999999 0.80000001
-15 -3.0999999 0.80000001
15 -3.0999999 0.89999998
-15 -3.0999999 0.89999998
15 -2.9999995 0
-15 -2.9999995 0
15 -2.9999995 0.1
-15 -2.9999995 0.1
15 -2.9999995 0.2
-15 -2.9999995 0.2
15 -2.9999995 0.30000001
-15 -2.9999995 0.30000001
15 -2.9999995 0.40000001
-15 -2.9999995 0.40000001
15 -2.9999995 0.5
-15 -2.9999995 0.5
15 -2.9999995 0.60000002
-15 -2.9999995 0.60000002
15 -2.9999995 0.69999999
-15 -2.9999995 0.69999999
15 -2.9999995 0.80000001
-15 -2.9999995 0.80000001
15 -2.9999995 0.89999998
-15 -2.9999995 0.89999998
15 -2.9000001 0
-15 -2.9000001 0
15 -2.9000001 0.1
-15 -2.9000001 0.1
15 -2.9000001 0.2
-15 -2.9000001 0.2
15 -2.9000001 0.30000001
-15 -2.9000001 0.30000001
15 -2.9000001 0.40000001
-15 -2.9000001 0.40000001
15 -2.9000001 0.5
-15 -2.9000001 0.5
15 -2.9000001 0.60000002
-15 -2.9000001 0.60000002
15 -2.9000001 0.69999999
-15 -2.9000001 0.69999999
15 -2.9000001 0.80000001
-15 -2.9000001 0.80000001
15 -2.9000001 0.89999998
-15 -2.9000001 0.89999998
15 -2.7999997 0
-15 -2.7999997 0
15 -2.7999997 0.1
-15 -2.7999997 0.1
15 -2.7999997 0.2
-15 -2.7999997 0.2
15 -2.7999997 0.30000001
-15 -2.7999997 0.30000001
15 -2.7999997 0.40000001
-15 -2.7999997 0.40000001
15 -2.7999997 0.5
-15 -2.7999997 0.5
15 -2.7999997 0.60000002
-15 -2.7999997 0.60000002
15 -2.7999997 0.69999999
-15 -2.7999997 0.69999999
15 -2.7999997 0.80000001
-15 -2.7999997 0.80000001
15 -2.7999997 0.89999998
-15 -2.7999997 0.89999998
15 -2.7000003 0
-15 -2.7000003 0
15 -2.7000003 0.1
-15 -2.7000003 0.1
15 -2.7000003 0.2
-15 -2.7000003 0.2
15 -2.7000003 0.30000001
-15 -2.7000003 0.30000001
15 -2.7000003 0.40000001
-15 -2.7000003 0.40000001
15 -2.7000003 0.5
-15 -2.7000003 0.5
15 -2.7000003 0.60000002
-15 -2.7000003 0.60000002
15 -2.7000003 0.69999999
-15 -2.7000003 0.69999999
15 -2.7000003 0.80000001
-15 -2.7000003 0.80000001
15 -2.7000003 0.89999998
-15 -2.7000003 0.89999998
15 -2.5999999 0
-15 -2.5999999 0
15 -2.5999999 0.1
-15 -2.5999999 0.1
15 -2.5999999 0.2
-15 -2.5999999 0.2
15 -2.5999999 0.30000001
-15 -2.5999999 0.30000001
15 -2.5999999 0.40000001
-15 -2.5999999 0.40000001
15 -2.5999999 0.5
-15 -2.5999999 0.5
15 -2.5999999 0.60000002
-15 -2.5999999 0.60000002
15 -2.5999999 0.69999999
-15 -2.5999999 0.69999999
15 -2.5999999 0.80000001
-15 -2.5999999 0.80000001
15 -2.5999999 0.89999998
-15 -2.5999999 0.89999998
15 -2.4999995 0
-15 -2.4999995 0
15 -2.4999995 0.1
-15 -2.4999995 0.1
15 -2.4999995 0.2
-15 -2.4999995 0.2
15 -2.4999995 0.30000001
-15 -2.4999995 0.30000001
15 -2.4999995 0.40000001
-15 -2.4999995 0.40000001
15 -2.4999995 0.5
-15 -2.4999995 0.5
15 -2.4999995 0.60000002
-15 -2.4999995 0.60000002
15 -2.4999995 0.69999999
-15 -2.4999995 0.69999999
15 -2.4999995 0.80000001
-15 -2.4999995 0.80000001
15 -2.4999995 0.89999998
-15 -2.4999995 0.89999998
15 -2.4000001 0
-15 -2.4000001 0
15 -2.4000001 0.1
-15 -2.4000001 0.1
15 -2.4000001 0.2
-15 -2.4000001 0.2
15 -2.4000001 0.30000001
-15 -2.4000001 0.30000001
15 -2.4000001 0.40000001
-15 -2.4000001 0.40000001
15 -2.4000001 0.5
-15 -2.4000001 0.5
15 -2.4000001 0.60000002
-15 -2.4000001 0.60000002
15 -2.4000001 0.69999999
-15 -2.4000001 0.69999999
15 -2.4000001 0.80000001
-15 -2.4000001 0.80000001
15 -2.4000001 0.89999998
-15 -2.4000001 0.89999998
15 -2.2999997 0
-15 -2.2999997 0
15 -2.2999997 0.1
-15 -2.2999997 0.1
15 -2.2999997 0.2
-15 -2.2999997 0.2
15 -2.2999997 0.30000001
-15 -2.2999997 0.30000001
15 -2.2999997 0.40000001
-15 -2.2999997 0.40000001
15 -2.2999997 0.5
-15 -2.2999997 0.5
15 -2.2999997 0.60000002
-15 -2.2999997 0.60000002
15 -2.2999997 0.69999999
-15 -2.2999997 0.69999999
15 -2.2999997 0.80000001
-15 -2.2999997 0.80000001
15 -2.2999997 0.89999998
-15 -2.2999997 0.89999998
15 -2.2000003 0
-15 -2.2000003 0
15 -2.2000003 0.1
-15 -2.2000003 0.1
15 -2.2000003 0.2
-15 -2.2000003 0.2
15 -2.2000003 0.30000001
-15 -2.2000003 0.30000001
15 -2.2000003 0.40000001
-15 -2.2000003 0.40000001
15 -2.2000003 0.5
-15 -2.2000003 0.5
15 -2.2000003 0.60000002
-15 -2.2000003 0.60000002
15 -2.2000003 0.69999999
-15 -2.2000003 0.69999999
15 -2.2000003 0.80000001
-15 -2.2000003 0.80000001
15 -2.2000003 0.89999998
-15 -2.2000003 0.89999998
15 -2.0999999 0
-15 -2.0999999 0
15 -2.0999999 0.1
-15 -2.0999999 0.1
15 -2.0999999 0.2
-15 -2.0999999 0.2
15 -2.0999999 0.30000001
-15 -2.0999999 0.30000001
15 -2.0999999 0.40000001
-15 -2.0999999 0.40000001
15 -2.0999999 0.5
-15 -2.0999999 0.5
15 -2.0999999 0.60000002
-15 -2.0999999 0.60000002
15 -2.0999999 0.69999999
-15 -2.0999999 0.69999999
15 -2.0999999 0.80000001
-15 -2.0999999 0.80000001
15 -2.0999999 0.89999998
-15 -2.0999999 0.89999998
15 -1.9999996 0
-15 -1.9999996 0
15 -1.9999996 0.1
-15 -1.9999996 0.1
15 -1.9999996 0.2
-15 -1.9999996 0.2
15 -1.9999996 0.30000001
-15 -1.9999996 0.30000001
15 -1.9999996 0.40000001
-15 -1.9999996 0.40000001
15 -1.9999996 0.5
-15 -1.9999996 0.5
15 -1.9999996 0.60000002
-15 -1.9999996 0.60000002
15 -1.9999996 0.69999999
-15 -1.9999996 0.69999999
15 -1.9999996 0.80000001
-15 -1.9999996 0.80000001
15 -1.9999996 0.89999998
-15 -1.9999996 0.89999998
15 -1.9000002 0
-15 -1.9000002 0
15 -1.9000002 0.1
-15 -1.9000002 0.1
15 -1.9000002 0.2
-15 -1.9000002 0.2
15 -1.9000002 0.30000001
-15 -1.9000002 0.30000001
15 -1.9000002 0.40000001
-15 -1.9000002 0.40000001
15 -1.9000002 0.5
-15 -1.9000002 0.5
15 -1.9000002 0.60000002
-15 -1.9000002 0.60000002
15 -1.9000002 0.69999999
-15 -1.9000002 0.69999999
15 -1.9000002 0.80000001
-15 -1.9000002 0.80000001
15 -1.9000002 0.89999998
-15 -1.9000002 0.89999998
15 -1.7999998 0
-15 -1.7999998 0
15 -1.7999998 0.1
-15 -1.7999998 0.1
15 -1.7999998 0.2
-15 -1.7999998 0.2
15 -1.7999998 0.30000001
-15 -1.7999998 0.30000001
15 -1.7999998 0.40000001
-15 -1.7999998 0.40000001
15 -1.7999998 0.5
-15 -1.7999998 0.5
15 -1.7999998 0.60000002
-15 -1.7999998 0.60000002
15 -1.7999998 0.69999999
-15 -1.7999998 0.69999999
15 -1.7999998 0.80000001
-15 -1.7999998 0.80000001
15 -1.7999998 0.89999998
-15 -1.7999998 0.89999998
15 -1.7000004 0
-15 -1.7000004 0
15 -1.7000004 0.1
-15 -1.7000004 0.1
15 -1.7000004 0.2
-15 -1.7000004 0.2
15 -1.7000004 0.30000001
-15 -1.7000004 0.30000001
15 -1.7000004 0.40000001
-15 -1.7000004 0.40000001
15 -1.7000004 0.5
-15 -1.7000004 0.5
15 -1.7000004 0.60000002
-15 -1.7000004 0.60000002
15 -1.7000004 0.69999999
-15 -1.7000004 0.69999999
15 -1.7000004 0.80000001
-15 -1.7000004 0.80000001
15 -1.7000004 0.89999998
-15 -1.7000004 0.89999998
15 -1.6 0
-15 -1.6 0
15 -1.6 0.1
-15 -1.6 0.1
15 -1.6 0.2
-15 -1.6 0.2
15 -1.6 0.30000001
-15 -1.6 0.30000001
15 -1.6 0.40000001
-15 -1.6 0.40000001
15 -1.6 0.5
-15 -1.6 0.5
15 -1.6 0.60000002
-15 -1.6 0.60000002
15 -1.6 0.69999999
-15 -1.6 0.69999999
15 -1.6 0.80000001
-15 -1.6 0.80000001
15 -1.6 0.89999998
-15 -1.6 0.89999998
15 -1.4999996 0
-15 -1.4999996 0
15 -1.4999996 0.1
-15 -1.4999996 0.1
15 -1.4999996 0.2
-15 -1.4999996 0.2
15 -1.4999996 0.30000001
-15 -1.4999996 0.30000001
15 -1.4999996 0.40000001
-15 -1.4999996 0.40000001
15 -1.4999996 0.5
-15 -1.4999996 0.5
15 -1.4999996 0.60000002
-15 -1.4999996 0.60000002
15 -1.4999996 0.69999999
-15 -1.4999996 0.69999999
15 -1.4999996 0.80000001
-15 -1.4999996 0.80000001
15 -1.4999996 0.89999998
-15 -1.4999996 0.89999998
15 -1.4000002 0
-15 -1.4000002 0
15 -1.4000002 0.1
-15 -1.4000002 0.1
15 -1.4000002 0.2
-15 -1.4000002 0.2
15 -1.4000002 0.30000001
-15 -1.4000002 0.30000001
15 -1.4000002 0.40000001
-15 -1.4000002 0.40000001
15 -1.4000002 0.5
-15 -1.4000002 0.5
15 -1.4000002 0.60000002
-15 -1.4000002 0.60000002
15 -1.4000002 0.69999999
-15 -1.4000002 0.69999999
15 -1.4000002 0.80000001
-15 -1.4000002 0.80000001
15 -1.4000002 0.89999998
-15 -1.4000002 0.89999998
15 -1.2999998 0
-15 -1.2999998 0
15 -1.2999998 0.1
-15 -1.2999998 0.1
15 -1.2999998 0.2
-15 -1.2999998 0.2
15 -1.2999998 0.30000001
-15 -1.2999998 0.30000001
15 -1.2999998 0.40000001
-15 -1.2999998 0.40000001
15 -1.2999998 0.5
-15 -1.2999998 0.5
15 -1.2999998 0.60000002
-15 -1.2999998 0.60000002
15 -1.2999998 0.69999999
-15 -1.2999998 0.69999999
15 -1.2999998 0.80000001
-15 -1.2999998 0.80000001
15 -1.2999998 0.89999998
-15 -1.2999998 0.89999998
15 -1.2000004 0
-15 -1.2000004 0
15 -1.2000004 0.1
-15 -1.2000004 0.1
15 -1.2000004 0.2
-15 -1.2000004 0.2
15 -1.2000004 0.30000001
-15 -1.2000004 0.30000001
15 -1.2000004 0.40000001
-15 -1.2000004 0.40000001
15 -1.2000004 0.5
-15 -1.2000004 0.5
15 -1.2000004 0.60000002
-15 -1.2000004 0.60000002
15 -1.2000004 0.69999999
-15 -1.2000004 0.69999999
15 -1.2000004 0.80000001
-15 -1.2000004 0.80000001
15 -1.2000004 0.89999998
-15 -1.2000004 0.89999998
15 -1.1 0
-15 -1.1 0
15 -1.1 0.1
-15 -1.1 0.1
15 -1.1 0.2
-15 -1.1 0.2
15 -1.1 0.30000001
-15 -1.1 0.30000001
15 -1.1 0.40000001
-15 -1.1 0.40000001
15 -1.1 0.5
-15 -1.1 0.5
15 -1.1 0.60000002
-15 -1.1 0.60000002
15 -1.1 0.69999999
-15 -1.1 0.69999999
15 -1.1 0.80000001
-15 -1.1 0.80000001
15 -1.1 0.89999998
-15 -1.1 0.89999998
15 -0.99999964 0
-15 -0.99999964 0
15 -0.99999964 0.1
-15 -0.99999964 0.1
15 -0.99999964 0.2
-15 -0.99999964 0.2
15 -0.99999964 0.30000001
-15 -0.99999964 0.30000001
15 -0.99999964 0.40000001
-15 -0.99999964 0.40000001
15 -0.99999964 0.5
-15 -0.99999964 0.5
15 -0.99999964 0.60000002
-15 -0.99999964 0.60000002
15 -0.99999964 0.69999999
-15 -0.99999964 0.69999999
15 -0.99999964 0.80000001
-15 -0.99999964 0.80000001
15 -0.99999964 0.89999998
-15 -0.99999964 0.89999998
15 -0.90000021 0
-15 -0.90000021 0
15 -0.90000021 0.1
-15 -0.90000021 0.1
15 -0.90000021 0.2
-15 -0.90000021 0.2
15 -0.90000021 0.30000001
-15 -0.90000021 0.30000001
15 -0.90000021 0.40000001
-15 -0.90000021 0.40000001
15 -0.90000021 0.5
-15 -0.90000021 0.5
15 -0.90000021 0.60000002
-15 -0.90000021 0.60000002
15 -0.90000021 0.69999999
-15 -0.90000021 0.69999999
15 -0.90000021 0.80000001
-15 -0.90000021 0.80000001
15 -0.90000021 0.89999998
-15 -0.90000021 0.89999998
15 -0.79999983 0
-15 -0.79999983 0
15 -0.79999983 0.1
-15 -0.79999983 0.1
15 -0.79999983 0.2
-15 -0.79999983 0.2
15 -0.79999983 0.30000001
-15 -0.79999983 0.30000001
15 -0.79999983 0.40000001
-15 -0.79999983 0.40000001
15 -0.79999983 0.5
-15 -0.79999983 0.5
15 -0.79999983 0.60000002
-15 -0.79999983 0.60000002
15 -0.79999983 0.69999999
-15 -0.79999983 0.69999999
15 -0.79999983 0.80000001
-15 -0.79999983 0.80000001
15 -0.79999983 0.89999998
-15 -0.79999983 0.89999998
15 -0.70000041 0
-15 -0.70000041 0
15 -0.70000041 0.1
-15 -0.70000041 0.1
15 -0.70000041 0.2
-15 -0.70000041 0.2
15 -0.70000041 0.30000001
-15 -0.70000041 0.30000001
15 -0.70000041 0.40000001
-15 -0.70000041 0.40000001
15 -0.70000041 0.5
-15 -0.70000041 0.5
15 -0.70000041 0.60000002
-15 -0.70000041 0.60000002
15 -0.70000041 0.69999999
-15 -0.70000041 0.69999999
15 -0.70000041 0.80000001
-15 -0.70000041 0.80000001
15 -0.70000041 0.89999998
-15 -0.70000041 0.89999998
15 -0.60000002 0
-15 -0.60000002 0
15 -0.60000002 0.1
-15 -0.60000002 0.1
15 -0.60000002 0.2
-15 -0.60000002 0.2
15 -0.60000002 0.30000001
-15 -0.60000002 0.30000001
15 -0.60000002 0.40000001
-15 -0.60000002 0.40000001
15 -0.60000002 0.5
-15 -0.60000002 0.5
15 -0.60000002 0.60000002
-15 -0.60000002 0.60000002
15 -0.60000002 0.69999999
-15 -0.60000002 0.69999999
15 -0.60000002 0.80000001
-15 -0.60000002 0.80000001
15 -0.60000002 0.89999998
-15 -0.60000002 0.89999998
15 -0.49999961 0
-15 -0.49999961 0
15 -0.49999961 0.1
-15 -0.49999961 0.1
15 -0.49999961 0.2
-15 -0.49999961 0.2
15 -0.49999961 0.30000001
-15 -0.49999961 0.30000001
15 -0.49999961 0.40000001
-15 -0.49999961 0.40000001
15 -0.49999961 0.5
-15 -0.49999961 0.5
15 -0.49999961 0.60000002
-15 -0.49999961 0.60000002
15 -0.49999961 0.69999999
-15 -0.49999961 0.69999999
15 -0.49999961 0.80000001
-15 -0.49999961 0.80000001
15 -0.49999961 0.89999998
-15 -0.49999961 0.89999998
15 -0.40000018 0
-15 -0.40000018 0
15 -0.40000018 0.1
-15 -0.40000018 0.1
15 -0.40000018 0.2
-15 -0.40000018 0.2
15 -0.40000018 0.30000001
-15 -0.40000018 0.30000001
15 -0.40000018 0.40000001
-15 -0.40000018 0.40000001
15 -0.40000018 0.5
-15 -0.40000018 0.5
15 -0.40000018 0.60000002
-15 -0.40000018 0.60000002
15 -0.40000018 0.69999999
-15 -0.40000018 0.69999999
15 -0.40000018 0.80000001
-15 -0.40000018 0.80000001
15 -0.40000018 0.89999998
-15 -0.40000018 0.89999998
15 -0.2999998 0
-15 -0.2999998 0
15 -0.2999998 0.1
-15 -0.2999998 0.1
15 -0.2999998 0.2
-15 -0.2999998 0.2
15 -0.2999998 0.30000001
-15 -0.2999998 0.30000001
15 -0.2999998 0.40000001
-15 -0.2999998 0.40000001
15 -0.2999998 0.5
-15 -0.2999998 0.5
15 -0.2999998 0.60000002
-15 -0.2999998 0.60000002
15 -0.2999998 0.69999999
-15 -0.2999998 0.69999999
15 -0.2999998 0.80000001
-15 -0.2999998 0.80000001
15 -0.2999998 0.89999998
-15 -0.2999998 0.89999998
15 -0.20000038 0
-15 -0.20000038 0
15 -0.20000038 0.1
-15 -0.20000038 0.1
15 -0.20000038 0.2
-15 -0.20000038 0.2
15 -0.20000038 0.30000001
-15 -0.20000038 0.30000001
15 -0.20000038 0.40000001
-15 -0.20000038 0.40000001
15 -0.20000038 0.5
-15 -0.20000038 0.5
15 -0.20000038 0.60000002
-15 -0.20000038 0.60000002
15 -0.20000038 0.69999999
-15 -0.20000038 0.69999999
15 -0.20000038 0.80000001
-15 -0.20000038 0.80000001
15 -0.20000038 0.89999998
-15 -0.20000038 0.89999998
15 -0.1 0
-15 -0.1 0
15 -0.1 0.1
-15 -0.1 0.1
15 -0.1 0.2
-15 -0.1 0.2
15 -0.1 0.30000001
-15 -0.1 0.30000001
15 -0.1 0.40000001
-15 -0.1 0.40000001
15 -0.1 0.5
-15 -0.1 0.5
15 -0.1 0.60000002
-15 -0.1 0.60000002
15 -0.1 0.69999999
-15 -0.1 0.69999999
15 -0.1 0.80000001
-15 -0.1 0.80000001
15 -0.1 0.89999998
-15 -0.1 0.89999998
15 3.8146973e-07 0
-15 3.8146973e-07 0
15 3.8146973e-07 0.1
-15 3.8146973e-07 0.1
15 3.8146973e-07 0.2
-15 3.8146973e-07 0.2
15 3.8146973e-07 0.30000001
-15 3.8146973e-07 0.30000001
15 3.8146973e-07 0.40000001
-15 3.8146973e-07 0.40000001
15 3.8146973e-07 0.5
-15 3.8146973e-07 0.5
15 3.8146973e-07 0.60000002
-15 3.8146973e-07 0.60000002
15 3.8146973e-07 0.69999999
-15 3.8146973e-07 0.69999999
15 3.8146973e-07 0.80000001
-15 3.8146973e-07 0.80000001
15 3.8146973e-07 0.89999998
-15 3.8146973e-07 0.89999998
15 0.099999808 0
-15 0.099999808 0
15 0.099999808 0.1
-15 0.099999808 0.1
15 0.099999808 0.2
-15 0.099999808 0.2
15 0.099999808 0.30000001
-15 0.099999808 0.30000001
15 0.099999808 0.40000001
-15 0.099999808 0.40000001
15 0.099999808 0.5
-15 0.099999808 0.5
15 0.099999808 0.60000002
-15 0.099999808 0.60000002
15 0.099999808 0.69999999
-15 0.099999808 0.69999999
15 0.099999808 0.80000001
-15 0.099999808 0.80000001
15 0.099999808 0.89999998
-15 0.099999808 0.89999998
15 0.2000002 0
-15 0.2000002 0
15 0.2000002 0.1
-15 0.2000002 0.1
15 0.2000002 0.2
-15 0.2000002 0.2
15 0.2000002 0.30000001
-15 0.2000002 0.30000001
15 0.2000002 0.40000001
-15 0.2000002 0.40000001
15 0.2000002 0.5
-15 0.2000002 0.5
15 0.2000002 0.60000002
-15 0.2000002 0.60000002
15 0.2000002 0.69999999
-15 0.2000002 0.69999999
15 0.2000002 0.80000001
-15 0.2000002 0.80000001
15 0.2000002 0.89999998
-15 0.2000002 0.89999998
15 0.29999962 0
-15 0.29999962 0
15 0.29999962 0.1
-15 0.29999962 0.1
15 0.29999962 0.2
-15 0.29999962 0.2
15 0.29999962 0.30000001
-15 0.29999962 0.30000001
15 0.29999962 0.40000001
-15 0.29999962 0.40000001
15 0.29999962 0.5
-15 0.29999962 0.5
15 0.29999962 0.60000002
-15 0.29999962 0.60000002
15 0.29999962 0.69999999
-15 0.29999962 0.69999999
15 0.29999962 0.80000001
-15 0.29999962 0.80000001
15 0.29999962 0.89999998
-15 0.29999962 0.89999998
15 0.40000001 0
-15 0.40000001 0
15 0.40000001 0.1
-15 0.40000001 0.1
15 0.40000001 0.2
-15 0.40000001 0.2
15 0.40000001 0.30000001
-15 0.40000001 0.30000001
15 0.40000001 0.40000001
-15 0.40000001 0.40000001
15 0.40000001 0.5
-15 0.40000001 0.5
15 0.40000001 0.60000002
-15 0.40000001 0.60000002
15 0.40000001 0.69999999
-15 0.40000001 0.69999999
15 0.40000001 0.80000001
-15 0.40000001 0.80000001
15 0.40000001 0.89999998
-15 0.40000001 0.89999998
15 0.50000036 0
-15 0.50000036 0
15 0.50000036 0.1
-15 0.50000036 0.1
15 0.50000036 0.2
-15 0.50000036 0.2
15 0.50000036 0.30000001
-15 0.50000036 0.30000001
15 0.50000036 0.40000001
-15 0.50000036 0.40000001
15 0.50000036 0.5
-15 0.50000036 0.5
15 0.50000036 0.60000002
-15 0.50000036 0.60000002
15 0.50000036 0.69999999
-15 0.50000036 0.69999999
15 0.50000036 0.80000001
-15 0.50000036 0.80000001
15 0.50000036 0.89999998
-15 0.50000036 0.89999998
15 0.59999979 0
-15 0.59999979 0
15 0.59999979 0.1
-15 0.59999979 0.1
15 0.59999979 0.2
-15 0.59999979 0.2
15 0.59999979 0.30000001
-15 0.59999979 0.30000001
15 0.59999979 0.40000001
-15 0.59999979 0.40000001
15 0.59999979 0.5
-15 0.59999979 0.5
15 0.59999979 0.60000002
-15 0.59999979 0.60000002
15 0.59999979 0.69999999
-15 0.59999979 0.69999999
15 0.59999979 0.80000001
-15 0.59999979 0.80000001
15 0.59999979 0.89999998
-15 0.59999979 0.89999998
15 0.70000017 0
-15 0.70000017 0
15 0.70000017 0.1
-15 0.70000017 0.1
15 0.70000017 0.2
-15 0.70000017 0.2
15 0.70000017 0.30000001
-15 0.70000017 0.30000001
15 0.70000017 0.40000001
-15 0.70000017 0.40000001
15 0.70000017 0.5
-15 0.70000017 0.5
15 0.70000017 0.60000002
-15 0.70000017 0.60000002
15 0.70000017 0.69999999
-15 0.70000017 0.69999999
15 0.70000017 0.80000001
-15 0.70000017 0.80000001
15 0.70000017 0.89999998
-15 0.70000017 0.89999998
15 0.79999959 0
-15 0.79999959 0
15 0.79999959 0.1
-15 0.79999959 0.1
15 0.79999959 0.2
-15 0.79999959 0.2
15 0.79999959 0.30000001
-15 0.79999959 0.30000001
15 0.79999959 0.40000001
-15 0.79999959 0.40000001
15 0.79999959 0.5
-15 0.79999959 0.5
15 0.79999959 0.60000002
-15 0.79999959 0.60000002
15 0.79999959 0.69999999
-15 0.79999959 0.69999999
15 0.79999959 0.80000001
-15 0.79999959 0.80000001
15 0.79999959 0.89999998
-15 0.79999959 0.89999998
15 0.89999998 0
-15 0.89999998 0
15 0.89999998 0.1
-15 0.89999998 0.1
15 0.89999998 0.2
-15 0.89999998 0.2
15 0.89999998 0.30000001
-15 0.89999998 0.30000001
15 0.89999998 0.40000001
-15 0.89999998 0.40000001
15 0.89999998 0.5
-15 0.89999998 0.5
15 0.89999998 0.60000002
-15 0.89999998 0.60000002
15 0.89999998 0.69999999
-15 0.89999998 0.69999999
15 0.89999998 0.80000001
-15 0.89999998 0.80000001
15 0.89999998 0.89999998
-15 0.89999998 0.89999998
15 1.0000004 0
-15 1.0000004 0
15 1.0000004 0.1
-15 1.0000004 0.1
15 1.0000004 0.2
-15 1.0000004 0.2
15 1.0000004 0.30000001
-15 1.0000004 0.30000001
15 1.0000004 0.40000001
-15 1.0000004 0.40000001
15 1.0000004 0.5
-15 1.0000004 0.5
15 1.0000004 0.60000002
-15 1.0000004 0.60000002
15 1.0000004 0.69999999
-15 1.0000004 0.69999999
15 1.0000004 0.80000001
-15 1.0000004 0.80000001
15 1.0000004 0.89999998
-15 1.0000004 0.89999998
15 1.1000007 0
-15 1.1000007 0
15 1.1000007 0.1
-15 1.1000007 0.1
15 1.1000007 0.2
-15 1.1000007 0.2
15 1.1000007 0.30000001
-15 1.1000007 0.30000001
15 1.1000007 0.40000001
-15 1.1000007 0.40000001
15 1.1000007 0.5
-15 1.1000007 0.5
15 1.1000007 0.60000002
-15 1.1000007 0.60000002
15 1.1000007 0.69999999
-15 1.1000007 0.69999999
15 1.1000007 0.80000001
-15 1.1000007 0.80000001
15 1.1000007 0.89999998
-15 1.1000007 0.89999998
15 1.1999992 0
-15 1.1999992 0
15 1.1999992 0.1
-15 1.1999992 0.1
15 1.1999992 0.2
-15 1.1999992 0.2
15 1.1999992 0.30000001
-15 1.1999992 0.30000001
15 1.1999992 0.40000001
-15 1.1999992 0.40000001
15 1.1999992 0.5
-15 1.1999992 0.5
15 1.1999992 0.60000002
-15 1.1999992 0.60000002
15 1.1999992 0.69999999
-15 1.1999992 0.69999999
15 1.1999992 0.80000001
-15 1.1999992 0.80000001
15 1.1999992 0.89999998
-15 1.1999992 0.89999998
15 1.2999996 0
-15 1.2999996 0
15 1.2999996 0.1
-15 1.2999996 0.1
15 1.2999996 0.2
-15 1.2999996 0.2
15 1.2999996 0.30000001
-15 1.2999996 0.30000001
15 1.2999996 0.40000001
-15 1.2999996 0.40000001
15 1.2999996 0.5
-15 1.2999996 0.5
15 1.2999996 0.60000002
-15 1.2999996 0.60000002
15 1.2999996 0.69999999
-15 1.2999996 0.69999999
15 1.2999996 0.80000001
-15 1.2999996 0.80000001
15 1.2999996 0.89999998
-15 1.2999996 0.89999998
15 1.4 0
-15 1.4 0
15 1.4 0.1
-15 1.4 0.1
15 1.4 0.2
-15 1.4 0.2
15 1.4 0.30000001
-15 1.4 0.30000001
15 1.4 0.40000001
-15 1.4 0.40000001
15 1.4 0.5
-15 1.4 0.5
15 1.4 0.60000002
-15 1.4 0.60000002
15 1.4 0.69999999
-15 1.4 0.69999999
15 1.4 0.80000001
-15 1.4 0.80000001
15 1.4 0.89999998
-15 1.4 0.89999998
15 1.5000004 0
-15 1.5000004 0
15 1.5000004 0.1
-15 1.5000004 0.1
15 1.5000004 0.2
-15 1.5000004 0.2
15 1.5000004 0.30000001
-15 1.5000004 0.30000001
15 1.5000004 0.40000001
-15 1.5000004 0.40000001
15 1.5000004 0.5
-15 1.5000004 0.5
15 1.5000004 0.60000002
-15 1.5000004 0.60000002
15 1.5000004 0.69999999
-15 1.5000004 0.69999999
15 1.5000004 0.80000001
-15 1.5000004 0.80000001
15 1.5000004 0.89999998
-15 1.5000004 0.89999998
15 1.6000007 0
-15 1.6000007 0
15 1.6000007 0.1
-15 1.6000007 0.1
15 1.6000007 0.2
-15 1.6000007 0.2
15 1.6000007 0.30000001
-15 1.6000007 0.30000001
15 1.6000007 0.40000001
-15 1.6000007 0.40000001
15 1.6000007 0.5
-15 1.6000007 0.5
15 1.6000007 0.60000002
-15 1.6000007 0.60000002
15 1.6000007 0.69999999
-15 1.6000007 0.69999999
15 1.6000007 0.80000001
-15 1.6000007 0.80000001
15 1.6000007 0.89999998
-15 1.6000007 0.89999998
15 1.6999992 0
-15 1.6999992 0
15 1.6999992 0.1
-15 1.6999992 0.1
15 1.6999992 0.2
-15 1.6999992 0.2
15 1.6999992 0.30000001
-15 1.6999992 0.30000001
15 1.6999992 0.40000001
-15 1.6999992 0.40000001
15 1.6999992 0.5
-15 1.6999992 0.5
15 1.6999992 0.60000002
-15 1.6999992 0.60000002
15 1.6999992 0.69999999
-15 1.6999992 0.69999999
15 1.6999992 0.80000001
-15 1.6999992 0.80000001
15 1.6999992 0.89999998
-15 1.6999992 0.89999998
15 1.7999996 0
-15 1.7999996 0
15 1.7999996 0.1
-15 1.7999996 0.1
15 1.7999996 0.2
-15 1.7999996 0.2
15 1.7999996 0.30000001
-15 1.7999996 0.30000001
15 1.7999996 0.40000001
-15 1.7999996 0.40000001
15 1.7999996 0.5
-15 1.7999996 0.5
15 1.7999996 0.60000002
-15 1.7999996 0.60000002
15 1.7999996 0.69999999
-15 1.7999996 0.69999999
15 1.7999996 0.80000001
-15 1.7999996 0.80000001
15 1.7999996 0.89999998
-15 1.7999996 0.89999998
15 1.9 0
-15 1.9 0
15 1.9 0.1
-15 1.9 0.1
15 1.9 0.2
-15 1.9 0.2
15 1.9 0.30000001
-15 1.9 0.30000001
15 1.9 0.40000001
-15 1.9 0.40000001
15 1.9 0.5
-15 1.9 0.5
15 1.9 0.60000002
-15 1.9 0.60000002
15 1.9 0.69999999
-15 1.9 0.69999999
15 1.9 0.80000001
-15 1.9 0.80000001
15 1.9 0.89999998
-15 1.9 0.89999998
15 2.0000005 0
-15 2.0000005 0
15 2.0000005 0.1
-15 2.0000005 0.1
15 2.0000005 0.2
-15 2.0000005 0.2
15 2.0000005 0.30000001
-15 2.0000005 0.30000001
15 2.0000005 0.40000001
-15 2.0000005 0.40000001
15 2.0000005 0.5
-15 2.0000005 0.5
15 2.0000005 0.60000002
-15 2.0000005 0.60000002
15 2.0000005 0.69999999
-15 2.0000005 0.69999999
15 2.0000005 0.80000001
-15 2.0000005 0.80000001
15 2.0000005 0.89999998
-15 2.0000005 0.89999998
15 2.1000009 0
-15 2.1000009 0
15 2.1000009 0.1
-15 2.1000009 0.1
15 2.1000009 0.2
-15 2.1000009 0.2
15 2.1000009 0.30000001
-15 2.1000009 0.30000001
15 2.1000009 0.40000001
-15 2.1000009 0.40000001
15 2.1000009 0.5
-15 2.1000009 0.5
15 2.1000009 0.60000002
-15 2.1000009 0.60000002
15 2.1000009 0.69999999
-15 2.1000009 0.69999999
15 2.1000009 0.80000001
-15 2.1000009 0.80000001
15 2.1000009 0.89999998
-15 2.1000009 0.89999998
15 2.1999993 0
-15 2.1999993 0
15 2.1999993 0.1
-15 2.1999993 0.1
15 2.1999993 0.2
-15 2.1999993 0.2
15 2.1999993 0.30000001
-15 2.1999993 0.30000001
15 2.1999993 0.40000001
-15 2.1999993 0.40000001
15 2.1999993 0.5
-15 2.1999993 0.5
15 2.1999993 0.60000002
-15 2.1999993 0.60000002
15 2.1999993 0.69999999
-15 2.1999993 0.69999999
15 2.1999993 0.80000001
-15 2.1999993 0.80000001
15 2.1999993 0.89999998
-15 2.1999993 0.89999998
15 2.2999997 0
-15 2.2999997 0
15 2.2999997 0.1
-15 2.2999997 0.1
15 2.2999997 0.2
-15 2.2999997 0.2
15 2.2999997 0.30000001
-15 2.2999997 0.30000001
15 2.2999997 0.40000001
-15 2.2999997 0.40000001
15 2.2999997 0.5
-15 2.2999997 0.5
15 2.2999997 0.60000002
-15 2.2999997 0.60000002
15 2.2999997 0.69999999
-15 2.2999997 0.69999999
15 2.2999997 0.80000001
-15 2.2999997 0.80000001
15 2.2999997 0.89999998
-15 2.2999997 0.89999998
15 2.4000001 0
-15 2.4000001 0
15 2.4000001 0.1
-15 2.4000001 0.1
15 2.4000001 0.2
-15 2.4000001 0.2
15 2.4000001 0.30000001
-15 2.4000001 0.30000001
15 2.4000001 0.40000001
-15 2.4000001 0.40000001
15 2.4000001 0.5
-15 2.4000001 0.5
15 2.4000001 0.60000002
-15 2.4000001 0.60000002
15 2.4000001 0.69999999
-15 2.4000001 0.69999999
15 2.4000001 0.80000001
-15 2.4000001 0.80000001
15 2.4000001 0.89999998
-15 2.4000001 0.89999998
15 2.5000005 0
-15 2.5000005 0
15 2.5000005 0.1
-15 2.5000005 0.1
15 2.5000005 0.2
-15 2.5000005 0.2
15 2.5000005 0.30000001
-15 2.5000005 0.30000001
15 2.5000005 0.40000001
-15 2.5000005 0.40000001
15 2.5000005 0.5
-15 2.5000005 0.5
15 2.5000005 0.60000002
-15 2.5000005 0.60000002
15 2.5000005 0.69999999
-15 2.5000005 0.69999999
15 2.5000005 0.80000001
-15 2.5000005 0.80000001
15 2.5000005 0.89999998
-15 2.5000005 0.89999998
15 2.6000009 0
-15 2.6000009 0
15 2.6000009 0.1
-15 2.6000009 0.1
15 2.6000009 0.2
-15 2.6000009 0.2
15 2.6000009 0.30000001
-15 2.6000009 0.30000001
15 2.6000009 0.40000001
-15 2.6000009 0.40000001
15 2.6000009 0.5
-15 2.6000009 0.5
15 2.6000009 0.60000002
-15 2.6000009 0.60000002
15 2.6000009 0.69999999
-15 2.6000009 0.69999999
15 2.6000009 0.80000001
-15 2.6000009 0.80000001
15 2.6000009 0.89999998
-15 2.6000009 0.89999998
15 2.6999993 0
-15 2.6999993 0
15 2.6999993 0.1
-15 2.6999993 0.1
15 2.6999993 0.2
-15 2.6999993 0.2
15 2.6999993 0.30000001
-15 2.6999993 0.30000001
15 2.6999993 0.40000001
-15 2.6999993 0.40000001
15 2.6999993 0.5
-15 2.6999993 0.5
15 2.6999993 0.60000002
-15 2.6999993 0.60000002
15 2.6999993 0.69999999
-15 2.6999993 0.69999999
15 2.6999993 0.80000001
-15 2.6999993 0.80000001
15 2.6999993 0.89999998
-15 2.6999993 0.89999998
15 2.7999997 0
-15 2.7999997 0
15 2.7999997 0.1
-15 2.7999997 0.1
15 2.7999997 0.2
-15 2.7999997 0.2
15 2.7999997 0.30000001
-15 2.7999997 0.30000001
15 2.7999997 0.40000001
-15 2.7999997 0.40000001
15 2.7999997 0.5
-15 2.7999997 0.5
15 2.7999997 0.60000002
-15 2.7999997 0.60000002
15 2.7999997 0.69999999
-15 2.7999997 0.69999999
15 2.7999997 0.80000001
-15 2.7999997 0.80000001
15 2.7999997 0.89999998
-15 2.7999997 0.89999998
15 2.9000001 0
-15 2.9000001 0
15 2.9000001 0.1
-15 2.9000001 0.1
15 2.9000001 0.2
-15 2.9000001 0.2
15 2.9000001 0.30000001
-15 2.9000001 0.30000001
15 2.9000001 0.40000001
-15 2.9000001 0.40000001
15 2.9000001 0.5
-15 2.9000001 0.5
15 2.9000001 0.60000002
-15 2.9000001 0.60000002
15 2.9000001 0.69999999
-15 2.9000001 0.69999999
15 2.9000001 0.80000001
-15 2.9000001 0.80000001
15 2.9000001 0.89999998
-15 2.9000001 0.89999998
15 3.0000005 0
-15 3.0000005 0
15 3.0000005 0.1
-15 3.0000005 0.1
15 3.0000005 0.2
-15 3.0000005 0.2
15 3.0000005 0.30000001
-15 3.0000005 0.30000001
15 3.0000005 0.40000001
-15 3.0000005 0.40000001
15 3.0000005 0.5
-15 3.0000005 0.5
15 3.0000005 0.60000002
-15 3.0000005 0.60000002
15 3.0000005 0.69999999
-15 3.0000005 0.69999999
15 3.0000005 0.80000001
-15 3.0000005 0.80000001
15 3.0000005 0.89999998
-15 3.0000005 0.89999998
15 3.1000009 0
-15 3.1000009 0
15 3.1000009 0.1
-15 3.1000009 0.1
15 3.1000009 0.2
-15 3.1000009 0.2
15 3.1000009 0.30000001
-15 3.1000009 0.30000001
15 3.1000009 0.40000001
-15 3.1000009 0.40000001
15 3.1000009 0.5
-15 3.1000009 0.5
15 3.1000009 0.60000002
-15 3.1000009 0.60000002
15 3.1000009 0.69999999
-15 3.1000009 0.69999999
15 3.1000009 0.80000001
-15 3.1000009 0.80000001
15 3.1000009 0.89999998
-15 3.1000009 0.89999998
15 3.1999993 0
-15 3.1999993 0
15 3.1999993 0.1
-15 3.1999993 0.1
15 3.1999993 0.2
-15 3.1999993 0.2
15 3.1999993 0.30000001
-15 3.1999993 0.30000001
15 3.1999993 0.40000001
-15 3.1999993 0.40000001
15 3.1999993 0.5
-15 3.1999993 0.5
15 3.1999993 0.60000002
-15 3.1999993 0.60000002
15 3.1999993 0.69999999
-15 3.1999993 0.69999999
15 3.1999993 0.80000001
-15 3.1999993 0.80000001
15 3.1999993 0.89999998
-15 3.1999993 0.89999998
15 3.2999997 0
-15 3.2999997 0
15 3.2999997 0.1
-15 3.2999997 0.1
15 3.2999997 0.2
-15 3.2999997 0.2
15 3.2999997 0.30000001
-15 3.2999997 0.30000001
15 3.2999997 0.40000001
-15 3.2999997 0.40000001
15 3.2999997 0.5
-15 3.2999997 0.5
15 3.2999997 0.60000002
-15 3.2999997 0.60000002
15 3.2999997 0.69999999
-15 3.2999997 0.69999999
15 3.2999997 0.80000001
-15 3.2999997 0.80000001
15 3.2999997 0.89999998
-15 3.2999997 0.89999998
15 3.4000001 0
-15 3.4000001 0
15 3.4000001 0.1
-15 3.4000001 0.1
15 3.4000001 0.2
-15 3.4000001 0.2
15 3.4000001 0.30000001
-15 3.4000001 0.30000001
15 3.4000001 0.40000001
-15 3.4000001 0.40000001
15 3.4000001 0.5
-15 3.4000001 0.5
15 3.4000001 0.60000002
-15 3.4000001 0.60000002
15 3.4000001 0.69999999
-15 3.4000001 0.69999999
15 3.4000001 0.80000001
-15 3.4000001 0.80000001
15 3.4000001 0.89999998
-15 3.4000001 0.89999998
15 3.5000005 0
-15 3.5000005 0
15 3.5000005 0.1
-15 3.5000005 0.1
15 3.5000005 0.2
-15 3.5000005 0.2
15 3.5000005 0.30000001
-15 3.5000005 0.30000001
15 3.5000005 0.40000001
-15 3.5000005 0.40000001
15 3.5000005 0.5
-15 3.5000005 0.5
15 3.5000005 0.60000002
-15 3.5000005 0.60000002
15 3.5000005 0.69999999
-15 3.5000005 0.69999999
15 3.5000005 0.80000001
-15 3.5000005 0.80000001
15 3.5000005 0.89999998
-15 3.5000005 0.89999998
15 3.6000009 0
-15 3.6000009 0
15 3.6000009 0.1
-15 3.6000009 0.1
15 3.6000009 0.2
-15 3.6000009 0.2
15 3.6000009 0.30000001
-15 3.6000009 0.30000001
15 3.6000009 0.40000001
-15 3.6000009 0.40000001
15 3.6000009 0.5
-15 3.6000009 0.5
15 3.6000009 0.60000002
-15 3.6000009 0.60000002
15 3.6000009 0.69999999
-15 3.6000009 0.69999999
15 3.6000009 0.80000001
-15 3.6000009 0.80000001
15 3.6000009 0.89999998
-15 3.6000009 0.89999998
15 3.6999993 0
-15 3.6999993 0
15 3.6999993 0.1
-15 3.6999993 0.1
15 3.6999993 0.2
-15 3.6999993 0.2
15 3.6999993 0.30000001
-15 3.6999993 0.30000001
15 3.6999993 0.40000001
-15 3.6999993 0.40000001
15 3.6999993 0.5
-15 3.6999993 0.5
15 3.6999993 0.60000002
-15 3.6999993 0.60000002
15 3.6999993 0.69999999
-15 3.6999993 0.69999999
15 3.6999993 0.80000001
-15 3.6999993 0.80000001
15 3.6999993 0.89999998
-15 3.6999993 0.89999998
15 3.7999997 0
-15 3.7999997 0
15 3.7999997 0.1
-15 3.7999997 0.1
15 3.7999997 0.2
-15 3.7999997 0.2
15 3.7999997 0.30000001
-15 3.7999997 0.30000001
15 3.7999997 0.40000001
-15 3.7999997 0.40000001
15 3.7999997 0.5
-15 3.7999997 0.5
15 3.7999997 0.60000002
-15 3.7999997 0.60000002
15 3.7999997 0.69999999
-15 3.7999997 0.69999999
15 3.7999997 0.80000001
-15 3.7999997 0.80000001
15 3.7999997 0.89999998
-15 3.7999997 0.89999998
15 3.9000001 0
-15 3.9000001 0
15 3.9000001 0.1
-15 3.9000001 0.1
15 3.9000001 0.2
-15 3.9000001 0.2
15 3.9000001 0.30000001
-15 3.9000001 0.30000001
15 3.9000001 0.40000001
-15 3.9000001 0.40000001
15 3.9000001 0.5
-15 3.9000001 0.5
15 3.9000001 0.60000002
-15 3.9000001 0.60000002
15 3.9000001 0.69999999
-15 3.9000001 0.69999999
15 3.9000001 0.80000001
-15 3.9000001 0.80000001
15 3.9000001 0.89999998
-15 3.9000001 0.89999998
15 4.0000005 0
-15 4.0000005 0
15 4.0000005 0.1
-15 4.0000005 0.1
15 4.0000005 0.2
-15 4.0000005 0.2
15 4.0000005 0.30000001
-15 4.0000005 0.30000001
15 4.0000005 0.40000001
-15 4.0000005 0.40000001
15 4.0000005 0.5
-15 4.0000005 0.5
15 4.0000005 0.60000002
-15 4.0000005 0.60000002
15 4.0000005 0.69999999
-15 4.0000005 0.69999999
15 4.0000005 0.80000001
-15 4.0000005 0.80000001
15 4.0000005 0.89999998
-15 4.0000005 0.89999998
15 4.1000009 0
-15 4.1000009 0
15 4.1000009 0.1
-15 4.1000009 0.1
15 4.1000009 0.2
-15 4.1000009 0.2
15 4.1000009 0.30000001
-15 4.1000009 0.30000001
15 4.1000009 0.40000001
-15 4.1000009 0.40000001
15 4.1000009 0.5
-15 4.1000009 0.5
15 4.1000009 0.60000002
-15 4.1000009 0.60000002
15 4.1000009 0.69999999
-15 4.1000009 0.69999999
15 4.1000009 0.80000001
-15 4.1000009 0.80000001
15 4.1000009 0.89999998
-15 4.1000009 0.89999998
15 4.1999993 0
-15 4.1999993 0
15 4.1999993 0.1
-15 4.1999993 0.1
15 4.1999993 0.2
-15 4.1999993 0.2
15 4.1999993 0.30000001
-15 4.1999993 0.30000001
15 4.1999993 0.40000001
-15 4.1999993 0.40000001
15 4.1999993 0.5
-15 4.1999993 0.5
15 4.1999993 0.60000002
-15 4.1999993 0.60000002
15 4.1999993 0.69999999
-15 4.1999993 0.69999999
15 4.1999993 0.80000001
-15 4.1999993 0.80000001
15 4.1999993 0.89999998
-15 4.1999993 0.89999998
15 4.2999997 0
-15 4.2999997 0
15 4.2999997 0.1
-15 4.2999997 0.1
15 4.2999997 0.2
-15 4.2999997 0.2
15 4.2999997 0.30000001
-15 4.2999997 0.30000001
15 4.2999997 0.40000001
-15 4.2999997 0.40000001
15 4.2999997 0.5
-15 4.2999997 0.5
15 4.2999997 0.60000002
-15 4.2999997 0.60000002
15 4.2999997 0.69999999
-15 4.2999997 0.69999999
15 4.2999997 0.80000001
-15 4.2999997 0.80000001
15 4.2999997 0.89999998
-15 4.2999997 0.89999998
15 4.4000001 0
-15 4.4000001 0
15 4.4000001 0.1
-15 4.4000001 0.1
15 4.4000001 0.2
-15 4.4000001 0.2
15 4.4000001 0.30000001
-15 4.4000001 0.30000001
15 4.4000001 0.40000001
-15 4.4000001 0.40000001
15 4.4000001 0.5
-15 4.4000001 0.5
15 4.4000001 0.60000002
-15 4.4000001 0.60000002
15 4.4000001 0.69999999
-15 4.4000001 0.69999999
15 4.4000001 0.80000001
-15 4.4000001 0.80000001
15 4.4000001 0.89999998
-15 4.4000001 0.89999998
15 4.5000005 0
-15 4.5000005 0
15 4.5000005 0.1
-15 4.5000005 0.1
15 4.5000005 0.2
-15 4.5000005 0.2
15 4.5000005 0.30000001
-15 4.5000005 0.30000001
15 4.5000005 0.40000001
-15 4.5000005 0.40000001
15 4.5000005 0.5
-15 4.5000005 0.5
15 4.5000005 0.60000002
-15 4.5000005 0.60000002
15 4.5000005 0.69999999
-15 4.5000005 0.69999999
15 4.5000005 0.80000001
-15 4.5000005 0.80000001
15 4.5000005 0.89999998
-15 4.5000005 0.89999998
15 4.6000009 0
-15 4.6000009 0
15 4.6000009 0.1
-15 4.6000009 0.1
15 4.6000009 0.2
-15 4.6000009 0.2
15 4.6000009 0.30000001
-15 4.6000009 0.30000001
15 4.6000009 0.40000001
-15 4.6000009 0.40000001
15 4.6000009 0.5
-15 4.6000009 0.5
15 4.6000009 0.60000002
-15 4.6000009 0.60000002
15 4.6000009 0.69999999
-15 4.6000009 0.69999999
15 4.6000009 0.80000001
-15 4.6000009 0.80000001
15 4.6000009 0.89999998
-15 4.6000009 0.89999998
15 4.6999993 0
-15 4.6999993 0
15 4.6999993 0.1
-15 4.6999993 0.1
15 4.6999993 0.2
-15 4.6999993 0.2
15 4.6999993 0.30000001
-15 4.6999993 0.30000001
15 4.6999993 0.40000001
-15 4.6999993 0.40000001
15 4.6999993 0.5
-15 4.6999993 0.5
15 4.6999993 0.60000002
-15 4.6999993 0.60000002
15 4.6999993 0.69999999
-15 4.6999993 0.69999999
15 4.6999993 0.80000001
-15 4.6999993 0.80000001
15 4.6999993 0.89999998
-15 4.6999993 0.89999998
15 4.7999997 0
-15 4.7999997 0
15 4.7999997 0.1
-15 4.7999997 0.1
15 4.7999997 0.2
-15 4.7999997 0.2
15 4.7999997 0.30000001
-15 4.7999997 0.30000001
15 4.7999997 0.40000001
-15 4.7999997 0.40000001
15 4.7999997 0.5
-15 4.7999997 0.5
15 4.7999997 0.60000002
-15 4.7999997 0.60000002
15 4.7999997 0.69999999
-15 4.7999997 0.69999999
15 4.7999997 0.80000001
-15 4.7999997 0.80000001
15 4.7999997 0.89999998
-15 4.7999997 0.89999998
15 4.9000001 0
-15 4.9000001 0
15 4.9000001 0.1
-15 4.9000001 0.1
15 4.9000001 0.2
-15 4.9000001 0.2
15 4.9000001 0.30000001
-15 4.9000001 0.30000001
15 4.9000001 0.40000001
-15 4.9000001 0.40000001
15 4.9000001 0.5
-15 4.9000001 0.5
15 4.9000001 0.60000002
-15 4.9000001 0.60000002
15 4.9000001 0.69999999
-15 4.9000001 0.69999999
15 4.9000001 0.80000001
-15 4.9000001 0.80000001
15 4.9000001 0.89999998
-15 4.9000001 0.89999998
15 5.0000005 0
-15 5.0000005 0
15 5.0000005 0.1
-15 5.0000005 0.1
15 5.0000005 0.2
-15 5.0000005 0.2
15 5.0000005 0.30000001
-15 5.0000005 0.30000001
15 5.0000005 0.40000001
-15 5.0000005 0.40000001
15 5.0000005 0.5
-15 5.0000005 0.5
15 5.0000005 0.60000002
-15 5.0000005 0.60000002
15 5.0000005 0.69999999
-15 5.0000005 0.69999999
15 5.0000005 0.80000001
-15 5.0000005 0.80000001
15 5.0000005 0.89999998
-15 5.0000005 0.89999998
15 5.1000009 0
-15 5.1000009 0
15 5.1000009 0.1
-15 5.1000009 0.1
15 5.1000009 0.2
-15 5.1000009 0.2
15 5.1000009 0.30000001
-15 5.1000009 0.30000001
15 5.1000009 0.40000001
-15 5.1000009 0.40000001
15 5.1000009 0.5
-15 5.1000009 0.5
15 5.1000009 0.60000002
-15 5.1000009 0.60000002
15 5.1000009 0.69999999
-15 5.1000009 0.69999999
15 5.1000009 0.80000001
-15 5.1000009 0.80000001
15 5.1000009 0.89999998
-15 5.1000009 0.89999998
15 5.1999993 0
-15 5.1999993 0
15 5.1999993 0.1
-15 5.1999993 0.1
15 5.1999993 0.2
-15 5.1999993 0.2
15 5.1999993 0.30000001
-15 5.1999993 0.30000001
15 5.1999993 0.40000001
-15 5.1999993 0.40000001
15 5.1999993 0.5
-15 5.1999993 0.5
15 5.1999993 0.60000002
-15 5.1999993 0.60000002
15 5.1999993 0.69999999
-15 5.1999993 0.69999999
15 5.1999993 0.80000001
-15 5.1999993 0.80000001
15 5.1999993 0.89999998
-15 5.1999993 0.89999998
15 5.2999997 0
-15 5.2999997 0
15 5.2999997 0.1
-15 5.2999997 0.1
15 5.2999997 0.2
-15 5.2999997 0.2
15 5.2999997 0.30000001
-15 5.2999997 0.30000001
15 5.2999997 0.40000001
-15 5.2999997 0.40000001
15 5.2999997 0.5
-15 5.2999997 0.5
15 5.2999997 0.60000002
-15 5.2999997 0.60000002
15 5.2999997 0.69999999
-15 5.2999997 0.69999999
15 5.2999997 0.80000001
-15 5.2999997 0.80000001
15 5.2999997 0.89999998
-15 5.2999997 0.89999998
15 5.4000001 0
-15 5.4000001 0
15 5.4000001 0.1
-15 5.4000001 0.1
15 5.4000001 0.2
-15 5.4000001 0.2
15 5.4000001 0.30000001
-15 5.4000001 0.30000001
15 5.4000001 0.40000001
-15 5.4000001 0.40000001
15 5.4000001 0.5
-15 5.4000001 0.5
15 5.4000001 0.60000002
-15 5.4000001 0.60000002
15 5.4000001 0.69999999
-15 5.4000001 0.69999999
15 5.4000001 0.80000001
-15 5.4000001 0.80000001
15 5.4000001 0.89999998
-15 5.4000001 0.89999998
15 5.5000005 0
-15 5.5000005 0
15 5.5000005 0.1
-15 5.5000005 0.1
15 5.5000005 0.2
-15 5.5000005 0.2
15 5.5000005 0.30000001
-15 5.5000005 0.30000001
15 5.5000005 0.40000001
-15 5.5000005 0.40000001
15 5.5000005 0.5
-15 5.5000005 0.5
15 5.5000005 0.60000002
-15 5.5000005 0.60000002
15 5.5000005 0.69999999
-15 5.5000005 0.69999999
15 5.5000005 0.80000001
-15 5.5000005 0.80000001
15 5.5000005 0.89999998
-15 5.5000005 0.89999998
15 5.6000009 0
-15 5.6000009 0
15 5.6000009 0.1
-15 5.6000009 0.1
15 5.6000009 0.2
-15 5.6000009 0.2
15 5.6000009 0.30000001
-15 5.6000009 0.30000001
15 5.6000009 0.40000001
-15 5.6000009 0.40000001
15 5.6000009 0.5
-15 5.6000009 0.5
15 5.6000009 0.60000002
-15 5.6000009 0.60000002
15 5.6000009 0.69999999
-15 5.6000009 0.69999999
15 5.6000009 0.80000001
-15 5.6000009 0.80000001
15 5.6000009 0.89999998
-15 5.6000009 0.89999998
15 5.6999993 0
-15 5.6999993 0
15 5.6999993 0.1
-15 5.6999993 0.1
15 5.6999993 0.2
-15 5.6999993 0.2
15 5.6999993 0.30000001
-15 5.6999993 0.30000001
15 5.6999993 0.40000001
-15 5.6999993 0.40000001
15 5.6999993 0.5
-15 5.6999993 0.5
15 5.6999993 0.60000002
-15 5.6999993 0.60000002
15 5.6999993 0.69999999
-15 5.6999993 0.69999999
15 5.6999993 0.80000001
-15 5.6999993 0.80000001
15 5.6999993 0.89999998
-15 5.6999993 0.89999998
15 5.7999997 0
-15 5.7999997 0
15 5.7999997 0.1
-15 5.7999997 0.1
15 5.7999997 0.2
-15 5.7999997 0.2
15 5.7999997 0.30000001
-15 5.7999997 0.30000001
15 5.7999997 0.40000001
-15 5.7999997 0.40000001
15 5.7999997 0.5
-15 5.7999997 0.5
15 5.7999997 0.60000002
-15 5.7999997 0.60000002
15 5.7999997 0.69999999
-15 5.7999997 0.69999999
15 5.7999997 0.80000001
-15 5.7999997 0.80000001
15 5.7999997 0.89999998
-15 5.7999997 0.89999998
15 5.9000001 0
-15 5.9000001 0
15 5.9000001 0.1
-15 5.9000001 0.1
15 5.9000001 0.2
-15 5.9000001 0.2
15 5.9000001 0.30000001
-15 5.9000001 0.30000001
15 5.9000001 0.40000001
-15 5.9000001 0.40000001
15 5.9000001 0.5
-15 5.9000001 0.5
15 5.9000001 0.60000002
-15 5.9000001 0.60000002
15 5.9000001 0.69999999
-15 5.9000001 0.69999999
15 5.9000001 0.80000001
-15 5.9000001 0.80000001
15 5.9000001 0.89999998
-15 5.9000001 0.89999998
15 6.0000005 0
-15 6.0000005 0
15 6.0000005 0.1
-15 6.0000005 0.1
15 6.0000005 0.2
-15 6.0000005 0.2
15 6.0000005 0.30000001
-15 6.0000005 0.30000001
15 6.0000005 0.40000001
-15 6.0000005 0.40000001
15 6.0000005 0.5
-15 6.0000005 0.5
15 6.0000005 0.60000002
-15 6.0000005 0.60000002
15 6.0000005 0.69999999
-15 6.0000005 0.69999999
15 6.0000005 0.80000001
-15 6.0000005 0.80000001
15 6.0000005 0.89999998
-15 6.0000005 0.89999998
15 6.1000009 0
-15 6.1000009 0
15 6.1000009 0.1
-15 6.1000009 0.1
15 6.1000009 0.2
-15 6.1000009 0.2
15 6.1000009 0.30000001
-15 6.1000009 0.30000001
15 6.1000009 0.40000001
-15 6.1000009 0.40000001
15 6.1000009 0.5
-15 6.1000009 0.5
15 6.1000009 0.60000002
-15 6.1000009 0.60000002
15 6.1000009 0.69999999
-15 6.1000009 0.69999999
15 6.1000009 0.80000001
-15 6.1000009 0.80000001
15 6.1000009 0.89999998
-15 6.1000009 0.89999998
15 6.1999993 0
-15 6.1999993 0
15 6.1999993 0.1
-15 6.1999993 0.1
15 6.1999993 0.2
-15 6.1999993 0.2
15 6.1999993 0.30000001
-15 6.1999993 0.30000001
15 6.1999993 0.40000001
-15 6.1999993 0.40000001
15 6.1999993 0.5
-15 6.1999993 0.5
15 6.1999993 0.60000002
-15 6.1999993 0.60000002
15 6.1999993 0.69999999
-15 6.1999993 0.69999999
15 6.1999993 0.80000001
-15 6.1999993 0.80000001
15 6.1999993 0.89999998
-15 6.1999993 0.89999998
15 6.2999997 0
-15 6.2999997 0
15 6.2999997 0.1
-15 6.2999997 0.1
15 6.2999997 0.2
-15 6.2999997 0.2
15 6.2999997 0.30000001
-15 6.2999997 0.30000001
15 6.2999997 0.40000001
-15 6.2999997 0.40000001
15 6.2999997 0.5
-15 6.2999997 0.5
15 6.2999997 0.60000002
-15 6.2999997 0.60000002
15 6.2999997 0.69999999
-15 6.2999997 0.69999999
15 6.2999997 0.80000001
-15 6.2999997 0.80000001
15 6.2999997 0.89999998
-15 6.2999997 0.89999998
15 6.4000001 0
-15 6.4000001 0
15 6.4000001 0.1
-15 6.4000001 0.1
15 6.4000001 0.2
-15 6.4000001 0.2
15 6.4000001 0.30000001
-15 6.4000001 0.30000001
15 6.4000001 0.40000001
-15 6.4000001 0.40000001
15 6.4000001 0.5
-15 6.4000001 0.5
15 6.4000001 0.60000002
-15 6.4000001 0.60000002
15 6.4000001 0.69999999
-15 6.4000001 0.69999999
15 6.4000001 0.80000001
-15 6.4000001 0.80000001
15 6.4000001 0.89999998
-15 6.4000001 0.89999998
15 6.5000005 0
-15 6.5000005 0
15 6.5000005 0.1
-15 6.5000005 0.1
15 6.5000005 0.2
-15 6.5000005 0.2
15 6.5000005 0.30000001
-15 6.5000005 0.30000001
15 6.5000005 0.40000001
-15 6.5000005 0.40000001
15 6.5000005 0.5
-15 6.5000005 0.5
15 6.5000005 0.60000002
-15 6.5000005 0.60000002
15 6.5000005 0.69999999
-15 6.5000005 0.69999999
15 6.5000005 0.80000001
-15 6.5000005 0.80000001
15 6.5000005 0.89999998
-15 6.5000005 0.89999998
15 6.6000009 0
-15 6.6000009 0
15 6.6000009 0.1
-15 6.6000009 0.1
15 6.6000009 0.2
-15 6.6000009 0.2
15 6.6000009 0.30000001
-15 6.6000009 0.30000001
15 6.6000009 0.40000001
-15 6.6000009 0.40000001
15 6.6000009 0.5
-15 6.6000009 0.5
15 6.6000009 0.60000002
-15 6.6000009 0.60000002
15 6.6000009 0.69999999
-15 6.6000009 0.69999999
15 6.6000009 0.80000001
-15 6.6000009 0.80000001
15 6.6000009 0.89999998
-15 6.6000009 0.89999998
15 6.6999993 0
-15 6.6999993 0
15 6.6999993 0.1
-15 6.6999993 0.1
15 6.6999993 0.2
-15 6.6999993 0.2
15 6.6999993 0.30000001
-15 6.6999993 0.30000001
15 6.6999993 0.40000001
-15 6.6999993 0.40000001
15 6.6999993 0.5
-15 6.6999993 0.5
15 6.6999993 0.60000002
-15 6.6999993 0.60000002
15 6.6999993 0.69999999
-15 6.6999993 0.69999999
15 6.6999993 0.80000001
-15 6.6999993 0.80000001
15 6.6999993 0.89999998
-15 6.6999993 0.89999998
15 6.7999997 0
-15 6.7999997 0
15 6.7999997 0.1
-15 6.7999997 0.1
15 6.7999997 0.2
-15 6.7999997 0.2
15 6.7999997 0.30000001
-15 6.7999997 0.30000001
15 6.7999997 0.40000001
-15 6.7999997 0.40000001
15 6.7999997 0.5
-15 6.7999997 0.5
15 6.7999997 0.60000002
-15 6.7999997 0.60000002
15 6.7999997 0.69999999
-15 6.7999997 0.69999999
15 6.7999997 0.80000001
-15 6.7999997 0.80000001
15 6.7999997 0.89999998
-15 6.7999997 0.89999998
15 6.9000001 0
-15 6.9000001 0
15 6.9000001 0.1
-15 6.9000001 0.1
15 6.9000001 0.2
-15 6.9000001 0.2
15 6.9000001 0.30000001
-15 6.9000001 0.30000001
15 6.9000001 0.40000001
-15 6.9000001 0.40000001
15 6.9000001 0.5
-15 6.9000001 0.5
15 6.9000001 0.60000002
-15 6.9000001 0.60000002
15 6.9000001 0.69999999
-15 6.9000001 0.69999999
15 6.9000001 0.80000001
-15 6.9000001 0.80000001
15 6.9000001 0.89999998
-15 6.9000001 0.89999998
15 7.0000005 0
-15 7.0000005 0
15 7.0000005 0.1
-15 7.0000005 0.1
15 7.0000005 0.2
-15 7.0000005 0.2
15 7.0000005 0.30000001
-15 7.0000005 0.30000001
15 7.0000005 0.40000001
-15 7.0000005 0.40000001
15 7.0000005 0.5
-15 7.0000005 0.5
15 7.0000005 0.60000002
-15 7.0000005 0.60000002
15 7.0000005 0.69999999
-15 7.0000005 0.69999999
15 7.0000005 0.80000001
-15 7.0000005 0.80000001
15 7.0000005 0.89999998
-15 7.0000005 0.89999998
15 7.1000009 0
-15 7.1000009 0
15 7.1000009 0.1
-15 7.1000009 0.1
15 7.1000009 0.2
-15 7.1000009 0.2
15 7.1000009 0.30000001
-15 7.1000009 0.30000001
15 7.1000009 0.40000001
-15 7.1000009 0.40000001
15 7.1000009 0.5
-15 7.1000009 0.5
15 7.1000009 0.60000002
-15 7.1000009 0.60000002
15 7.1000009 0.69999999
-15 7.1000009 0.69999999
15 7.1000009 0.80000001
-15 7.1000009 0.80000001
15 7.1000009 0.89999998
-15 7.1000009 0.89999998
15 7.1999993 0
-15 7.1999993 0
15 7.1999993 0.1
-15 7.1999993 0.1
15 7.1999993 0.2
-15 7.1999993 0.2
15 7.1999993 0.30000001
-15 7.1999993 0.30000001
15 7.1999993 0.40000001
-15 7.1999993 0.40000001
15 7.1999993 0.5
-15 7.1999993 0.5
15 7.1999993 0.60000002
-15 7.1999993 0.60000002
15 7.1999993 0.69999999
-15 7.1999993 0.69999999
15 7.1999993 0.80000001
-15 7.1999993 0.80000001
15 7.1999993 0.89999998
-15 7.1999993 0.89999998
15 7.2999997 0
-15 7.2999997 0
15 7.2999997 0.1
-15 7.2999997 0.1
15 7.2999997 0.2
-15 7.2999997 0.2
15 7.2999997 0.30000001
-15 7.2999997 0.30000001
15 7.2999997 0.40000001
-15 7.2999997 0.40000001
15 7.2999997 0.5
-15 7.2999997 0.5
15 7.2999997 0.60000002
-15 7.2999997 0.60000002
15 7.2999997 0.69999999
-15 7.2999997 0.69999999
15 7.2999997 0.80000001
-15 7.2999997 0.80000001
15 7.2999997 0.89999998
-15 7.2999997 0.89999998
15 7.4000001 0
-15 7.4000001 0
15 7.4000001 0.1
-15 7.4000001 0.1
15 7.4000001 0.2
-15 7.4000001 0.2
15 7.4000001 0.30000001
-15 7.4000001 0.30000001
15 7.4000001 0.40000001
-15 7.4000001 0.40000001
15 7.4000001 0.5
-15 7.4000001 0.5
15 7.4000001 0.60000002
-15 7.4000001 0.60000002
15 7.4000001 0.69999999
-15 7.4000001 0.69999999
15 7.4000001 0.80000001
-15 7.4000001 0.80000001
15 7.4000001 0.89999998
-15 7.4000001 0.89999998
15 7.5000005 0
-15 7.5000005 0
15 7.5000005 0.1
-15 7.5000005 0.1
15 7.5000005 0.2
-15 7.5000005 0.2
15 7.5000005 0.30000001
-15 7.5000005 0.30000001
15 7.5000005 0.40000001
-15 7.5000005 0.40000001
15 7.5000005 0.5
-15 7.5000005 0.5
15 7.5000005 0.60000002
-15 7.5000005 0.60000002
15 7.5000005 0.69999999
-15 7.5000005 0.69999999
15 7.5000005 0.80000001
-15 7.5000005 0.80000001
15 7.5000005 0.89999998
-15 7.5000005 0.89999998
15 7.6000009 0
-15 7.6000009 0
15 7.6000009 0.1
-15 7.6000009 0.1
15 7.6000009 0.2
-15 7.6000009 0.2
15 7.6000009 0.30000001
-15 7.6000009 0.30000001
15 7.6000009 0.40000001
-15 7.6000009 0.40000001
15 7.6000009 0.5
-15 7.6000009 0.5
15 7.6000009 0.60000002
-15 7.6000009 0.60000002
15 7.6000009 0.69999999
-15 7.6000009 0.69999999
15 7.6000009 0.80000001
-15 7.6000009 0.80000001
15 7.6000009 0.89999998
-15 7.6000009 0.89999998
15 7.6999993 0
-15 7.6999993 0
15 7.6999993 0.1
-15 7.6999993 0.1
15 7.6999993 0.2
-15 7.6999993 0.2
15 7.6999993 0.30000001
-15 7.6999993 0.30000001
15 7.6999993 0.40000001
-15 7.6999993 0.40000001
15 7.6999993 0.5
-15 7.6999993 0.5
15 7.6999993 0.60000002
-15 7.6999993 0.60000002
15 7.6999993 0.69999999
-15 7.6999993 0.69999999
15 7.6999993 0.80000001
-15 7.6999993 0.80000001
15 7.6999993 0.89999998
-15 7.6999993 0.89999998
15 7.7999997 0
-15 7.7999997 0
15 7.7999997 0.1
-15 7.7999997 0.1
15 7.7999997 0.2
-15 7.7999997 0.2
15 7.7999997 0.30000001
-15 7.7999997 0.30000001
15 7.7999997 0.40000001
-15 7.7999997 0.40000001
15 7.7999997 0.5
-15 7.7999997 0.5
15 7.7999997 0.60000002
-15 7.7999997 0.60000002
15 7.7999997 0.69999999
-15 7.7999997 0.69999999
15 7.7999997 0.80000001
-15 7.7999997 0.80000001
15 7.7999997 0.89999998
-15 7.7999997 0.89999998
15 7.9000001 0
-15 7.9000001 0
15 7.9000001 0.1
-15 7.9000001 0.1
15 7.9000001 0.2
-15 7.9000001 0.2
15 7.9000001 0.30000001
-15 7.9000001 0.30000001
15 7.9000001 0.40000001
-15 7.9000001 0.40000001
15 7.9000001 0.5
-15 7.9000001 0.5
15 7.9000001 0.60000002
-15 7.9000001 0.60000002
15 7.9000001 0.69999999
-15 7.9000001 0.69999999
15 7.9000001 0.80000001
-15 7.9000001 0.80000001
15 7.9000001 0.89999998
-15 7.9000001 0.89999998
15 8 0
-15 8 0
15 8 0.1
-15 8 0.1
15 8 0.2
-15 8 0.2
15 8 0.30000001
-15 8 0.30000001
15 8 0.40000001
-15 8 0.40000001
15 8 0.5
-15 8 0.5
15 8 0.60000002
-15 8 0.60000002
15 8 0.69999999
-15 8 0.69999999
15 8 0.80000001
-15 8 0.80000001
15 8 0.89999998
-15 8 0.89999998
15 8.1000004 0
-15 8.1000004 0
15 8.1000004 0.1
-15 8.1000004 0.1
15 8.1000004 0.2
-15 8.1000004 0.2
15 8.1000004 0.30000001
-15 8.1000004 0.30000001
15 8.1000004 0.40000001
-15 8.1000004 0.40000001
15 8.1000004 0.5
-15 8.1000004 0.5
15 8.1000004 0.60000002
-15 8.1000004 0.60000002
15 8.1000004 0.69999999
-15 8.1000004 0.69999999
15 8.1000004 0.80000001
-15 8.1000004 0.80000001
15 8.1000004 0.89999998
-15 8.1000004 0.89999998
15 8.1999989 0
-15 8.1999989 0
15 8.1999989 0.1
-15 8.1999989 0.1
15 8.1999989 0.2
-15 8.1999989 0.2
15 8.1999989 0.30000001
-15 8.1999989 0.30000001
15 8.1999989 0.40000001
-15 8.1999989 0.40000001
15 8.1999989 0.5
-15 8.1999989 0.5
15 8.1999989 0.60000002
-15 8.1999989 0.60000002
15 8.1999989 0.69999999
-15 8.1999989 0.69999999
15 8.1999989 0.80000001
-15 8.1999989 0.80000001
15 8.1999989 0.89999998
-15 8.1999989 0.89999998
15 8.2999992 0
-15 8.2999992 0
15 8.2999992 0.1
-15 8.2999992 0.1
15 8.2999992 0.2
-15 8.2999992 0.2
15 8.2999992 0.30000001
-15 8.2999992 0.30000001
15 8.2999992 0.40000001
-15 8.2999992 0.40000001
15 8.2999992 0.5
-15 8.2999992 0.5
15 8.2999992 0.60000002
-15 8.2999992 0.60000002
15 8.2999992 0.69999999
-15 8.2999992 0.69999999
15 8.2999992 0.80000001
-15 8.2999992 0.80000001
15 8.2999992 0.89999998
-15 8.2999992 0.89999998
15 8.3999996 0
-15 8.3999996 0
15 8.3999996 0.1
-15 8.3999996 0.1
15 8.3999996 0.2
-15 8.3999996 0.2
15 8.3999996 0.30000001
-15 8.3999996 0.30000001
15 8.3999996 0.40000001
-15 8.3999996 0.40000001
15 8.3999996 0.5
-15 8.3999996 0.5
15 8.3999996 0.60000002
-15 8.3999996 0.60000002
15 8.3999996 0.69999999
-15 8.3999996 0.69999999
15 8.3999996 0.80000001
-15 8.3999996 0.80000001
15 8.3999996 0.89999998
-15 8.3999996 0.89999998
15 8.5 0
-15 8.5 0
15 8.5 0.1
-15 8.5 0.1
15 8.5 0.2
-15 8.5 0.2
15 8.5 0.30000001
-15 8.5 0.30000001
15 8.5 0.40000001
-15 8.5 0.40000001
15 8.5 0.5
-15 8.5 0.5
15 8.5 0.60000002
-15 8.5 0.60000002
15 8.5 0.69999999
-15 8.5 0.69999999
15 8.5 0.80000001
-15 8.5 0.80000001
15 8.5 0.89999998
-15 8.5 0.89999998
15 8.6000004 0
-15 8.6000004 0
15 8.6000004 0.1
-15 8.6000004 0.1
15 8.6000004 0.2
-15 8.6000004 0.2
15 8.6000004 0.30000001
-15 8.6000004 0.30000001
15 8.6000004 0.40000001
-15 8.6000004 0.40000001
15 8.6000004 0.5
-15 8.6000004 0.5
15 8.6000004 0.60000002
-15 8.6000004 0.60000002
15 8.6000004 0.69999999
-15 8.6000004 0.69999999
15 8.6000004 0.80000001
-15 8.6000004 0.80000001
15 8.6000004 0.89999998
-15 8.6000004 0.89999998
15 8.6999989 0
-15 8.6999989 0
15 8.6999989 0.1
-15 8.6999989 0.1
15 8.6999989 0.2
-15 8.6999989 0.2
15 8.6999989 0.30000001
-15 8.6999989 0.30000001
15 8.6999989 0.40000001
-15 8.6999989 0.40000001
15 8.6999989 0.5
-15 8.6999989 0.5
15 8.6999989 0.60000002
-15 8.6999989 0.60000002
15 8.6999989 0.69999999
-15 8.6999989 0.69999999
15 8.6999989 0.80000001
-15 8.6999989 0.80000001
15 8.6999989 0.89999998
-15 8.6999989 0.89999998
15 8.7999992 0
-15 8.7999992 0
15 8.7999992 0.1
-15 8.7999992 0.1
15 8.7999992 0.2
-15 8.7999992 0.2
15 8.7999992 0.30000001
-15 8.7999992 0.30000001
15 8.7999992 0.40000001
-15 8.7999992 0.40000001
15 8.7999992 0.5
-15 8.7999992 0.5
15 8.7999992 0.60000002
-15 8.7999992 0.60000002
15 8.7999992 0.69999999
-15 8.7999992 0.69999999
15 8.7999992 0.80000001
-15 8.7999992 0.80000001
15 8.7999992 0.89999998
-15 8.7999992 0.89999998
15 8.8999996 0
-15 8.8999996 0
15 8.8999996 0.1
-15 8.8999996 0.1
15 8.8999996 0.2
-15 8.8999996 0.2
15 8.8999996 0.30000001
-15 8.8999996 0.30000001
15 8.8999996 0.40000001
-15 8.8999996 0.40000001
15 8.8999996 0.5
-15 8.8999996 0.5
15 8.8999996 0.60000002
-15 8.8999996 0.60000002
15 8.8999996 0.69999999
-15 8.8999996 0.69999999
15 8.8999996 0.80000001
-15 8.8999996 0.80000001
15 8.8999996 0.89999998
-15 8.8999996 0.89999998
15 9 0
-15 9 0
15 9 0.1
-15 9 0.1
15 9 0.2
-15 9 0.2
15 9 0.30000001
-15 9 0.30000001
15 9 0.40000001
-15 9 0.40000001
15 9 0.5
-15 9 0.5
15 9 0.60000002
-15 9 0.60000002
15 9 0.69999999
-15 9 0.69999999
15 9 0.80000001
-15 9 0.80000001
15 9 0.89999998
-15 9 0.89999998
15 9.1000004 0
-15 9.1000004 0
15 9.1000004 0.1
-15 9.1000004 0.1
15 9.1000004 0.2
-15 9.1000004 0.2
15 9.1000004 0.30000001
-15 9.1000004 0.30000001
15 9.1000004 0.40000001
-15 9.1000004 0.40000001
15 9.1000004 0.5
-15 9.1000004 0.5
15 9.1000004 0.60000002
-15 9.1000004 0.60000002
15 9.1000004 0.69999999
-15 9.1000004 0.69999999
15 9.1000004 0.80000001
-15 9.1000004 0.80000001
15 9.1000004 0.89999998
-15 9.1000004 0.89999998
15 9.1999989 0
-15 9.1999989 0
15 9.1999989 0.1
-15 9.1999989 0.1
15 9.1999989 0.2
-15 9.1999989 0.2
15 9.1999989 0.30000001
-15 9.1999989 0.30000001
15 9.1999989 0.40000001
-15 9.1999989 0.40000001
15 9.1999989 0.5
-15 9.1999989 0.5
15 9.1999989 0.60000002
-15 9.1999989 0.60000002
15 9.1999989 0.69999999
-15 9.1999989 0.69999999
15 9.1999989 0.80000001
-15 9.1999989 0.80000001
15 9.1999989 0.89999998
-15 9.1999989 0.89999998
15 9.2999992 0
-15 9.2999992 0
15 9.2999992 0.1
-15 9.2999992 0.1
15 9.2999992 0.2
-15 9.2999992 0.2
15 9.2999992 0.30000001
-15 9.2999992 0.30000001
15 9.2999992 0.40000001
-15 9.2999992 0.40000001
15 9.2999992 0.5
-15 9.2999992 0.5
15 9.2999992 0.60000002
-15 9.2999992 0.60000002
15 9.2999992 0.69999999
-15 9.2999992 0.69999999
15 9.2999992 0.80000001
-15 9.2999992 0.80000001
15 9.2999992 0.89999998
-15 9.2999992 0.89999998
15 9.3999996 0
-15 9.3999996 0
15 9.3999996 0.1
-15 9.3999996 0.1
15 9.3999996 0.2
-15 9.3999996 0.2
15 9.3999996 0.30000001
-15 9.3999996 0.30000001
15 9.3999996 0.40000001
-15 9.3999996 0.40000001
15 9.3999996 0.5
-15 9.3999996 0.5
15 9.3999996 0.60000002
-15 9.3999996 0.60000002
15 9.3999996 0.69999999
-15 9.3999996 0.69999999
15 9.3999996 0.80000001
-15 9.3999996 0.80000001
15 9.3999996 0.89999998
-15 9.3999996 0.89999998
15 9.5 0
-15 9.5 0
15 9.5 0.1
-15 9.5 0.1
15 9.5 0.2
-15 9.5 0.2
15 9.5 0.30000001
-15 9.5 0.30000001
15 9.5 0.40000001
-15 9.5 0.40000001
15 9.5 0.5
-15 9.5 0.5
15 9.5 0.60000002
-15 9.5 0.60000002
15 9.5 0.69999999
-15 9.5 0.69999999
15 9.5 0.80000001
-15 9.5 0.80000001
15 9.5 0.89999998
-15 9.5 0.89999998
15 9.6000004 0
-15 9.6000004 0
15 9.6000004 0.1
-15 9.6000004 0.1
15 9.6000004 0.2
-15 9.6000004 0.2
15 9.6000004 0.30000001
-15 9.6000004 0.30000001
15 9.6000004 0.40000001
-15 9.6000004 0.40000001
15 9.6000004 0.5
-15 9.6000004 0.5
15 9.6000004 0.60000002
-15 9.6000004 0.60000002
15 9.6000004 0.69999999
-15 9.6000004 0.69999999
15 9.6000004 0.80000001
-15 9.6000004 0.80000001
15 9.6000004 0.89999998
-15 9.6000004 0.89999998
15 9.6999989 0
-15 9.6999989 0
15 9.6999989 0.1
-15 9.6999989 0.1
15 9.6999989 0.2
-15 9.6999989 0.2
15 9.6999989 0.30000001
-15 9.6999989 0.30000001
15 9.6999989 0.40000001
-15 9.6999989 0.40000001
15 9.6999989 0.5
-15 9.6999989 0.5
15 9.6999989 0.60000002
-15 9.6999989 0.60000002
15 9.6999989 0.69999999
-15 9.6999989 0.69999999
15 9.6999989 0.80000001
-15 9.6999989 0.80000001
15 9.6999989 0.89999998
-15 9.6999989 0.89999998
15 9.7999992 0
-15 9.7999992 0
15 9.7999992 0.1
-15 9.7999992 0.1
15 9.7999992 0.2
-15 9.7999992 0.2
15 9.7999992 0.30000001
-15 9.7999992 0.30000001
15 9.7999992 0.40000001
-15 9.7999992 0.40000001
15 9.7999992 0.5
-15 9.7999992 0.5
15 9.7999992 0.60000002
-15 9.7999992 0.60000002
15 9.7999992 0.69999999
-15 9.7999992 0.69999999
15 9.7999992 0.80000001
-15 9.7999992 0.80000001
15 9.7999992 0.89999998
-15 9.7999992 0.89999998
15 9.8999996 0
-15 9.8999996 0
15 9.8999996 0.1
-15 9.8999996 0.1
15 9.8999996 0.2
-15 9.8999996 0.2
15 9.8999996 0.30000001
-15 9.8999996 0.30000001
15 9.8999996 0.40000001
-15 9.8999996 0.40000001
15 9.8999996 0.5
-15 9.8999996 0.5
15 9.8999996 0.60000002
-15 9.8999996 0.60000002
15 9.8999996 0.69999999
-15 9.8999996 0.69999999
15 9.8999996 0.80000001
-15 9.8999996 0.80000001
15 9.8999996 0.89999998
-15 9.8999996 0.89999998
15 10 0
-15 10 0
15 10 0.1
-15 10 0.1
15 10 0.2
-15 10 0.2
15 10 0.30000001
-15 10 0.30000001
15 10 0.40000001
-15 10 0.40000001
15 10 0.5
-15 10 0.5
15 10 0.60000002
-15 10 0.60000002
15 10 0.69999999
-15 10 0.69999999
15 10 0.80000001
-15 10 0.80000001
15 10 0.89999998
-15 10 0.89999998
15 10.1 0
-15 10.1 0
15 10.1 0.1
-15 10.1 0.1
15 10.1 0.2
-15 10.1 0.2
15 10.1 0.30000001
-15 10.1 0.30000001
15 10.1 0.40000001
-15 10.1 0.40000001
15 10.1 0.5
-15 10.1 0.5
15 10.1 0.60000002
-15 10.1 0.60000002
15 10.1 0.69999999
-15 10.1 0.69999999
15 10.1 0.80000001
-15 10.1 0.80000001
15 10.1 0.89999998
-15 10.1 0.89999998
15 10.199999 0
-15 10.199999 0
15 10.199999 0.1
-15 10.199999 0.1
15 10.199999 0.2
-15 10.199999 0.2
15 10.199999 0.30000001
-15 10.199999 0.30000001
15 10.199999 0.40000001
-15 10.199999 0.40000001
15 10.199999 0.5
-15 10.199999 0.5
15 10.199999 0.60000002
-15 10.199999 0.60000002
15 10.199999 0.69999999
-15 10.199999 0.69999999
15 10.199999 0.80000001
-15 10.199999 0.80000001
15 10.199999 0.89999998
-15 10.199999 0.89999998
15 10.299999 0
-15 10.299999 0
15 10.299999 0.1
-15 10.299999 0.1
15 10.299999 0.2
-15 10.299999 0.2
15 10.299999 0.30000001
-15 10.299999 0.30000001
15 10.299999 0.40000001
-15 10.299999 0.40000001
15 10.299999 0.5
-15 10.299999 0.5
15 10.299999 0.60000002
-15 10.299999 0.60000002
15 10.299999 0.69999999
-15 10.299999 0.69999999
15 10.299999 0.80000001
-15 10.299999 0.80000001
15 10.299999 0.89999998
-15 10.299999 0.89999998
15 10.4 0
-15 10.4 0
15 10.4 0.1
-15 10.4 0.1
15 10.4 0.2
-15 10.4 0.2
15 10.4 0.30000001
-15 10.4 0.30000001
15 10.4 0.40000001
-15 10.4 0.40000001
15 10.4 0.5
-15 10.4 0.5
15 10.4 0.60000002
-15 10.4 0.60000002
15 10.4 0.69999999
-15 10.4 0.69999999
15 10.4 0.80000001
-15 10.4 0.80000001
15 10.4 0.89999998
-15 10.4 0.89999998
15 10.5 0
-15 10.5 0
15 10.5 0.1
-15 10.5 0.1
15 10.5 0.2
-15 10.5 0.2
15 10.5 0.30000001
-15 10.5 0.30000001
15 10.5 0.40000001
-15 10.5 0.40000001
15 10.5 0.5
-15 10.5 0.5
15 10.5 0.60000002
-15 10.5 0.60000002
15 10.5 0.69999999
-15 10.5 0.69999999
15 10.5 0.80000001
-15 10.5 0.80000001
15 10.5 0.89999998
-15 10.5 0.89999998
15 10.6 0
-15 10.6 0
15 10.6 0.1
-15 10.6 0.1
15 10.6 0.2
-15 10.6 0.2
15 10.6 0.30000001
-15 10.6 0.30000001
15 10.6 0.40000001
-15 10.6 0.40000001
15 10.6 0.5
-15 10.6 0.5
15 10.6 0.60000002
-15 10.6 0.60000002
15 10.6 0.69999999
-15 10.6 0.69999999
15 10.6 0.80000001
-15 10.6 0.80000001
15 10.6 0.89999998
-15 10.6 0.89999998
15 10.699999 0
-15 10.699999 0
15 10.699999 0.1
-15 10.699999 0.1
15 10.699999 0.2
-15 10.699999 0.2
15 10.699999 0.30000001
-15 10.699999 0.30000001
15 10.699999 0.40000001
-15 10.699999 0.40000001
15 10.699999 0.5
-15 10.699999 0.5
15 10.699999 0.60000002
-15 10.699999 0.60000002
15 10.699999 0.69999999
-15 10.699999 0.69999999
15 10.699999 0.80000001
-15 10.699999 0.80000001
15 10.699999 0.89999998
-15 10.699999 0.89999998
15 10.799999 0
-15 10.799999 0
15 10.799999 0.1
-15 10.799999 0.1
15 10.799999 0.2
-15 10.799999 0.2
15 10.799999 0.30000001
-15 10.799999 0.30000001
15 10.799999 0.40000001
-15 10.799999 0.40000001
15 10.799999 0.5
-15 10.799999 0.5
15 10.799999 0.60000002
-15 10.799999 0.60000002
15 10.799999 0.69999999
-15 10.799999 0.69999999
15 10.799999 0.80000001
-15 10.799999 0.80000001
15 10.799999 0.89999998
-15 10.799999 0.89999998
15 10.9 0
-15 10.9 0
15 10.9 0.1
-15 10.9 0.1
15 10.9 0.2
-15 10.9 0.2
15 10.9 0.30000001
-15 10.9 0.30000001
15 10.9 0.40000001
-15 10.9 0.40000001
15 10.9 0.5
-15 10.9 0.5
15 10.9 0.60000002
-15 10.9 0.60000002
15 10.9 0.69999999
-15 10.9 0.69999999
15 10.9 0.80000001
-15 10.9 0.80000001
15 10.9 0.89999998
-15 10.9 0.89999998
15 11 0
-15 11 0
15 11 0.1
-15 11 0.1
15 11 0.2
-15 11 0.2
15 11 0.30000001
-15 11 0.30000001
15 11 0.40000001
-15 11 0.40000001
15 11 0.5
-15 11 0.5
15 11 0.60000002
-15 11 0.60000002
15 11 0.69999999
-15 11 0.69999999
15 11 0.80000001
-15 11 0.80000001
15 11 0.89999998
-15 11 0.89999998
15 11.1 0
-15 11.1 0
15 11.1 0.1
-15 11.1 0.1
15 11.1 0.2
-15 11.1 0.2
15 11.1 0.30000001
-15 11.1 0.30000001
15 11.1 0.40000001
-15 11.1 0.40000001
15 11.1 0.5
-15 11.1 0.5
15 11.1 0.60000002
-15 11.1 0.60000002
15 11.1 0.69999999
-15 11.1 0.69999999
15 11.1 0.80000001
-15 11.1 0.80000001
15 11.1 0.89999998
-15 11.1 0.89999998
15 11.199999 0
-15 11.199999 0
15 11.199999 0.1
-15 11.199999 0.1
15 11.199999 0.2
-15 11.199999 0.2
15 11.199999 0.30000001
-15 11.199999 0.30000001
15 11.199999 0.40000001
-15 11.199999 0.40000001
15 11.199999 0.5
-15 11.199999 0.5
15 11.199999 0.60000002
-15 11.199999 0.60000002
15 11.199999 0.69999999
-15 11.199999 0.69999999
15 11.199999 0.80000001
-15 11.199999 0.80000001
15 11.199999 0.89999998
-15 11.199999 0.89999998
15 11.299999 0
-15 11.299999 0
15 11.299999 0.1
-15 11.299999 0.1
15 11.299999 0.2
-15 11.299999 0.2
15 11.299999 0.30000001
-15 11.299999 0.30000001
15 11.299999 0.40000001
-15 11.299999 0.40000001
15 11.299999 0.5
-15 11.299999 0.5
15 11.299999 0.60000002
-15 11.299999 0.60000002
15 11.299999 0.69999999
-15 11.299999 0.69999999
15 11.299999 0.80000001
-15 11.299999 0.80000001
15 11.299999 0.89999998
-15 11.299999 0.89999998
15 11.4 0
-15 11.4 0
15 11.4 0.1
-15 11.4 0.1
15 11.4 0.2
-15 11.4 0.2
15 11.4 0.30000001
-15 11.4 0.30000001
15 11.4 0.40000001
-15 11.4 0.40000001
15 11.4 0.5
-15 11.4 0.5
15 11.4 0.60000002
-15 11.4 0.60000002
15 11.4 0.69999999
-15 11.4 0.69999999
15 11.4 0.80000001
-15 11.4 0.80000001
15 11.4 0.89999998
-15 11.4 0.89999998
15 11.5 0
-15 11.5 0
15 11.5 0.1
-15 11.5 0.1
15 11.5 0.2
-15 11.5 0.2
15 11.5 0.30000001
-15 11.5 0.30000001
15 11.5 0.40000001
-15 11.5 0.40000001
15 11.5 0.5
-15 11.5 0.5
15 11.5 0.60000002
-15 11.5 0.60000002
15 11.5 0.69999999
-15 11.5 0.69999999
15 11.5 0.80000001
-15 11.5 0.80000001
15 11.5 0.89999998
-15 11.5 0.89999998
15 11.6 0
-15 11.6 0
15 11.6 0.1
-15 11.6 0.1
15 11.6 0.2
-15 11.6 0.2
15 11.6 0.30000001
-15 11.6 0.30000001
15 11.6 0.40000001
-15 11.6 0.40000001
15 11.6 0.5
-15 11.6 0.5
15 11.6 0.60000002
-15 11.6 0.60000002
15 11.6 0.69999999
-15 11.6 0.69999999
15 11.6 0.80000001
-15 11.6 0.80000001
15 11.6 0.89999998
-15 11.6 0.89999998
15 11.699999 0
-15 11.699999 0
15 11.699999 0.1
-15 11.699999 0.1
15 11.699999 0.2
-15 11.699999 0.2
15 11.699999 0.30000001
-15 11.699999 0.30000001
15 11.699999 0.40000001
-15 11.699999 0.40000001
15 11.699999 0.5
-15 11.699999 0.5
15 11.699999 0.60000002
-15 11.699999 0.60000002
15 11.699999 0.69999999
-15 11.699999 0.69999999
15 11.699999 0.80000001
-15 11.699999 0.80000001
15 11.699999 0.89999998
-15 11.699999 0.89999998
15 11.799999 0
-15 11.799999 0
15 11.799999 0.1
-15 11.799999 0.1
15 11.799999 0.2
-15 11.799999 0.2
15 11.799999 0.30000001
-15 11.799999 0.30000001
15 11.799999 0.40000001
-15 11.799999 0.40000001
15 11.799999 0.5
-15 11.799999 0.5
15 11.799999 0.60000002
-15 11.799999 0.60000002
15 11.799999 0.69999999
-15 11.799999 0.69999999
15 11.799999 0.80000001
-15 11.799999 0.80000001
15 11.799999 0.89999998
-15 11.799999 0.89999998
15 11.9 0
-15 11.9 0
15 11.9 0.1
-15 11.9 0.1
15 11.9 0.2
-15 11.9 0.2
15 11.9 0.30000001
-15 11.9 0.30000001
15 11.9 0.40000001
-15 11.9 0.40000001
15 11.9 0.5
-15 11.9 0.5
15 11.9 0.60000002
-15 11.9 0.60000002
15 11.9 0.69999999
-15 11.9 0.69999999
15 11.9 0.80000001
-15 11.9 0.80000001
15 11.9 0.89999998
-15 11.9 0.89999998
15 12 0
-15 12 0
15 12 0.1
-15 12 0.1
15 12 0.2
-15 12 0.2
15 12 0.30000001
-15 12 0.30000001
15 12 0.40000001
-15 12 0.40000001
15 12 0.5
-15 12 0.5
15 12 0.60000002
-15 12 0.60000002
15 12 0.69999999
-15 12 0.69999999
15 12 0.80000001
-15 12 0.80000001
15 12 0.89999998
-15 12 0.89999998
15 12.1 0
-15 12.1 0
15 12.1 0.1
-15 12.1 0.1
15 12.1 0.2
-15 12.1 0.2
15 12.1 0.30000001
-15 12.1 0.30000001
15 12.1 0.40000001
-15 12.1 0.40000001
15 12.1 0.5
-15 12.1 0.5
15 12.1 0.60000002
-15 12.1 0.60000002
15 12.1 0.69999999
-15 12.1 0.69999999
15 12.1 0.80000001
-15 12.1 0.80000001
15 12.1 0.89999998
-15 12.1 0.89999998
15 12.199999 0
-15 12.199999 0
15 12.199999 0.1
-15 12.199999 0.1
15 12.199999 0.2
-15 12.199999 0.2
15 12.199999 0.30000001
-15 12.199999 0.30000001
15 12.199999 0.40000001
-15 12.199999 0.40000001
15 12.199999 0.5
-15 12.199999 0.5
15 12.199999 0.60000002
-15 12.199999 0.60000002
15 12.199999 0.69999999
-15 12.199999 0.69999999
15 12.199999 0.80000001
-15 12.199999 0.80000001
15 12.199999 0.89999998
-15 12.199999 0.89999998
15 12.299999 0
-15 12.299999 0
15 12.299999 0.1
-15 12.299999 0.1
15 12.299999 0.2
-15 12.299999 0.2
15 12.299999 0.30000001
-15 12.299999 0.30000001
15 12.299999 0.40000001
-15 12.299999 0.40000001
15 12.299999 0.5
-15 12.299999 0.5
15 12.299999 0.60000002
-15 12.299999 0.60000002
15 12.299999 0.69999999
-15 12.299999 0.69999999
15 12.299999 0.80000001
-15 12.299999 0.80000001
15 12.299999 0.89999998
-15 12.299999 0.89999998
15 12.4 0
-15 12.4 0
15 12.4 0.1
-15 12.4 0.1
15 12.4 0.2
-15 12.4 0.2
15 12.4 0.30000001
-15 12.4 0.30000001
15 12.4 0.40000001
-15 12.4 0.40000001
15 12.4 0.5
-15 12.4 0.5
15 12.4 0.60000002
-15 12.4 0.60000002
15 12.4 0.69999999
-15 12.4 0.69999999
15 12.4 0.80000001
-15 12.4 0.80000001
15 12.4 0.89999998
-15 12.4 0.89999998
15 12.5 0
-15 12.5 0
15 12.5 0.1
-15 12.5 0.1
15 12.5 0.2
-15 12.5 0.2
15 12.5 0.30000001
-15 12.5 0.30000001
15 12.5 0.40000001
-15 12.5 0.40000001
15 12.5 0.5
-15 12.5 0.5
15 12.5 0.60000002
-15 12.5 0.60000002
15 12.5 0.69999999
-15 12.5 0.69999999
15 12.5 0.80000001
-15 12.5 0.80000001
15 12.5 0.89999998
-15 12.5 0.89999998
15 12.6 0
-15 12.6 0
15 12.6 0.1
-15 12.6 0.1
15 12.6 0.2
-15 12.6 0.2
15 12.6 0.30000001
-15 12.6 0.30000001
15 12.6 0.40000001
-15 12.6 0.40000001
15 12.6 0.5
-15 12.6 0.5
15 12.6 0.60000002
-15 12.6 0.60000002
15 12.6 0.69999999
-15 12.6 0.69999999
15 12.6 0.80000001
-15 12.6 0.80000001
15 12.6 0.89999998
-15 12.6 0.89999998
15 12.699999 0
-15 12.699999 0
15 12.699999 0.1
-15 12.699999 0.1
15 12.699999 0.2
-15 12.699999 0.2
15 12.699999 0.30000001
-15 12.699999 0.30000001
15 12.699999 0.40000001
-15 12.699999 0.40000001
15 12.699999 0.5
-15 12.699999 0.5
15 12.699999 0.60000002
-15 12.699999 0.60000002
15 12.699999 0.69999999
-15 12.699999 0.69999999
15 12.699999 0.80000001
-15 12.699999 0.80000001
15 12.699999 0.89999998
-15 12.699999 0.89999998
15 12.799999 0
-15 12.799999 0
15 12.799999 0.1
-15 12.799999 0.1
15 12.799999 0.2
-15 12.799999 0.2
15 12.799999 0.30000001
-15 12.799999 0.30000001
15 12.799999 0.40000001
-15 12.799999 0.40000001
15 12.799999 0.5
-15 12.799999 0.5
15 12.799999 0.60000002
-15 12.799999 0.60000002
15 12.799999 0.69999999
-15 12.799999 0.69999999
15 12.799999 0.80000001
-15 12.799999 0.80000001
15 12.799999 0.89999998
-15 12.799999 0.89999998
15 12.9 0
-15 12.9 0
15 12.9 0.1
-15 12.9 0.1
15 12.9 0.2
-15 12.9 0.2
15 12.9 0.30000001
-15 12.9 0.30000001
15 12.9 0.40000001
-15 12.9 0.40000001
15 12.9 0.5
-15 12.9 0.5
15 12.9 0.60000002
-15 12.9 0.60000002
15 12.9 0.69999999
-15 12.9 0.69999999
15 12.9 0.80000001
-15 12.9 0.80000001
15 12.9 0.89999998
-15 12.9 0.89999998
15 13 0
-15 13 0
15 13 0.1
-15 13 0.1
15 13 0.2
-15 13 0.2
15 13 0.30000001
-15 13 0.30000001
15 13 0.40000001
-15 13 0.40000001
15 13 0.5
-15 13 0.5
15 13 0.60000002
-15 13 0.60000002
15 13 0.69999999
-15 13 0.69999999
15 13 0.80000001
-15 13 0.80000001
15 13 0.89999998
-15 13 0.89999998
15 13.1 0
-15 13.1 0
15 13.1 0.1
-15 13.1 0.1
15 13.1 0.2
-15 13.1 0.2
15 13.1 0.30000001
-15 13.1 0.30000001
15 13.1 0.40000001
-15 13.1 0.40000001
15 13.1 0.5
-15 13.1 0.5
15 13.1 0.60000002
-15 13.1 0.60000002
15 13.1 0.69999999
-15 13.1 0.69999999
15 13.1 0.80000001
-15 13.1 0.80000001
15 13.1 0.89999998
-15 13.1 0.89999998
15 13.199999 0
-15 13.199999 0
15 13.199999 0.1
-15 13.199999 0.1
15 13.199999 0.2
-15 13.199999 0.2
15 13.199999 0.30000001
-15 13.199999 0.30000001
15 13.199999 0.40000001
-15 13.199999 0.40000001
15 13.199999 0.5
-15 13.199999 0.5
15 13.199999 0.60000002
-15 13.199999 0.60000002
15 13.199999 0.69999999
-15 13.199999 0.69999999
15 13.199999 0.80000001
-15 13.199999 0.80000001
15 13.199999 0.89999998
-15 13.199999 0.89999998
15 13.299999 0
-15 13.299999 0
15 13.299999 0.1
-15 13.299999 0.1
15 13.299999 0.2
-15 13.299999 0.2
15 13.299999 0.30000001
-15 13.299999 0.30000001
15 13.299999 0.40000001
-15 13.299999 0.40000001
15 13.299999 0.5
-15 13.299999 0.5
15 13.299999 0.60000002
-15 13.299999 0.60000002
15 13.299999 0.69999999
-15 13.299999 0.69999999
15 13.299999 0.80000001
-15 13.299999 0.80000001
15 13.299999 0.89999998
-15 13.299999 0.89999998
15 13.4 0
-15 13.4 0
15 13.4 0.1
-15 13.4 0.1
15 13.4 0.2
-15 13.4 0.2
15 13.4 0.30000001
-15 13.4 0.30000001
15 13.4 0.40000001
-15 13.4 0.40000001
15 13.4 0.5
-15 13.4 0.5
15 13.4 0.60000002
-15 13.4 0.60000002
15 13.4 0.69999999
-15 13.4 0.69999999
15 13.4 0.80000001
-15 13.4 0.80000001
15 13.4 0.89999998
-15 13.4 0.89999998
15 13.5 0
-15 13.5 0
15 13.5 0.1
-15 13.5 0.1
15 13.5 0.2
-15 13.5 0.2
15 13.5 0.30000001
-15 13.5 0.30000001
15 13.5 0.40000001
-15 13.5 0.40000001
15 13.5 0.5
-15 13.5 0.5
15 13.5 0.60000002
-15 13.5 0.60000002
15 13.5 0.69999999
-15 13.5 0.69999999
15 13.5 0.80000001
-15 13.5 0.80000001
15 13.5 0.89999998
-15 13.5 0.89999998
15 13.6 0
-15 13.6 0
15 13.6 0.1
-15 13.6 0.1
15 13.6 0.2
-15 13.6 0.2
15 13.6 0.30000001
-15 13.6 0.30000001
15 13.6 0.40000001
-15 13.6 0.40000001
15 13.6 0.5
-15 13.6 0.5
15 13.6 0.60000002
-15 13.6 0.60000002
15 13.6 0.69999999
-15 13.6 0.69999999
15 13.6 0.80000001
-15 13.6 0.80000001
15 13.6 0.89999998
-15 13.6 0.89999998
15 13.699999 0
-15 13.699999 0
15 13.699999 0.1
-15 13.699999 0.1
15 13.699999 0.2
-15 13.699999 0.2
15 13.699999 0.30000001
-15 13.699999 0.30000001
15 13.699999 0.40000001
-15 13.699999 0.40000001
15 13.699999 0.5
-15 13.699999 0.5
15 13.699999 0.60000002
-15 13.699999 0.60000002
15 13.699999 0.69999999
-15 13.699999 0.69999999
15 13.699999 0.80000001
-15 13.699999 0.80000001
15 13.699999 0.89999998
-15 13.699999 0.89999998
15 13.799999 0
-15 13.799999 0
15 13.799999 0.1
-15 13.799999 0.1
15 13.799999 0.2
-15 13.799999 0.2
15 13.799999 0.30000001
-15 13.799999 0.30000001
15 13.799999 0.40000001
-15 13.799999 0.40000001
15 13.799999 0.5
-15 13.799999 0.5
15 13.799999 0.60000002
-15 13.799999 0.60000002
15 13.799999 0.69999999
-15 13.799999 0.69999999
15 13.799999 0.80000001
-15 13.799999 0.80000001
15 13.799999 0.89999998
-15 13.799999 0.89999998
15 13.9 0
-15 13.9 0
15 13.9 0.1
-15 13.9 0.1
15 13.9 0.2
-15 13.9 0.2
15 13.9 0.30000001
-15 13.9 0.30000001
15 13.9 0.40000001
-15 13.9 0.40000001
15 13.9 0.5
-15 13.9 0.5
15 13.9 0.60000002
-15 13.9 0.60000002
15 13.9 0.69999999
-15 13.9 0.69999999
15 13.9 0.80000001
-15 13.9 0.80000001
15 13.9 0.89999998
-15 13.9 0.89999998
15 14 0
-15 14 0
15 14 0.1
-15 14 0.1
15 14 0.2
-15 14 0.2
15 14 0.30000001
-15 14 0.30000001
15 14 0.40000001
-15 14 0.40000001
15 14 0.5
-15 14 0.5
15 14 0.60000002
-15 14 0.60000002
15 14 0.69999999
-15 14 0.69999999
15 14 0.80000001
-15 14 0.80000001
15 14 0.89999998
-15 14 0.89999998
15 14.1 0
-15 14.1 0
15 14.1 0.1
-15 14.1 0.1
15 14.1 0.2
-15 14.1 0.2
15 14.1 0.30000001
-15 14.1 0.30000001
15 14.1 0.40000001
-15 14.1 0.40000001
15 14.1 0.5
-15 14.1 0.5
15 14.1 0.60000002
-15 14.1 0.60000002
15 14.1 0.69999999
-15 14.1 0.69999999
15 14.1 0.80000001
-15 14.1 0.80000001
15 14.1 0.89999998
-15 14.1 0.89999998
15 14.199999 0
-15 14.199999 0
15 14.199999 0.1
-15 14.199999 0.1
15 14.199999 0.2
-15 14.199999 0.2
15 14.199999 0.30000001
-15 14.199999 0.30000001
15 14.199999 0.40000001
-15 14.199999 0.40000001
15 14.199999 0.5
-15 14.199999 0.5
15 14.199999 0.60000002
-15 14.199999 0.60000002
15 14.199999 0.69999999
-15 14.199999 0.69999999
15 14.199999 0.80000001
-15 14.199999 0.80000001
15 14.199999 0.89999998
-15 14.199999 0.89999998
15 14.299999 0
-15 14.299999 0
15 14.299999 0.1
-15 14.299999 0.1
15 14.299999 0.2
-15 14.299999 0.2
15 14.299999 0.30000001
-15 14.299999 0.30000001
15 14.299999 0.40000001
-15 14.299999 0.40000001
15 14.299999 0.5
-15 14.299999 0.5
15 14.299999 0.60000002
-15 14.299999 0.60000002
15 14.299999 0.69999999
-15 14.299999 0.69999999
15 14.299999 0.80000001
-15 14.299999 0.80000001
15 14.299999 0.89999998
-15 14.299999 0.89999998
15 14.4 0
-15 14.4 0
15 14.4 0.1
-15 14.4 0.1
15 14.4 0.2
-15 14.4 0.2
15 14.4 0.30000001
-15 14.4 0.30000001
15 14.4 0.40000001
-15 14.4 0.40000001
15 14.4 0.5
-15 14.4 0.5
15 14.4 0.60000002
-15 14.4 0.60000002
15 14.4 0.69999999
-15 14.4 0.69999999
15 14.4 0.80000001
-15 14.4 0.80000001
15 14.4 0.89999998
-15 14.4 0.89999998
15 14.5 0
-15 14.5 0
15 14.5 0.1
-15 14.5 0.1
15 14.5 0.2
-15 14.5 0.2
15 14.5 0.30000001
-15 14.5 0.30000001
15 14.5 0.40000001
-15 14.5 0.40000001
15 14.5 0.5
-15 14.5 0.5
15 14.5 0.60000002
-15 14.5 0.60000002
15 14.5 0.69999999
-15 14.5 0.69999999
15 14.5 0.80000001
-15 14.5 0.80000001
15 14.5 0.89999998
-15 14.5 0.89999998
15 14.6 0
-15 14.6 0
15 14.6 0.1
-15 14.6 0.1
15 14.6 0.2
-15 14.6 0.2
15 14.6 0.30000001
-15 14.6 0.30000001
15 14.6 0.40000001
-15 14.6 0.40000001
15 14.6 0.5
-15 14.6 0.5
15 14.6 0.60000002
-15 14.6 0.60000002
15 14.6 0.69999999
-15 14.6 0.69999999
15 14.6 0.80000001
-15 14.6 0.80000001
15 14.6 0.89999998
-15 14.6 0.89999998
15 14.699999 0
-15 14.699999 0
15 14.699999 0.1
-15 14.699999 0.1
15 14.699999 0.2
-15 14.699999 0.2
15 14.699999 0.30000001
-15 14.699999 0.30000001
15 14.699999 0.40000001
-15 14.699999 0.40000001
15 14.699999 0.5
-15 14.699999 0.5
15 14.699999 0.60000002
-15 14.699999 0.60000002
15 14.699999 0.69999999
-15 14.699999 0.69999999
15 14.699999 0.80000001
-15 14.699999 0.80000001
15 14.699999 0.89999998
-15 14.699999 0.89999998
15 14.799999 0
-15 14.799999 0
15 14.799999 0.1
-15 14.799999 0.1
15 14.799999 0.2
-15 14.799999 0.2
15 14.799999 0.30000001
-15 14.799999 0.30000001
15 14.799999 0.40000001
-15 14.799999 0.40000001
15 14.799999 0.5
-15 14.799999 0.5
15 14.799999 0.60000002
-15 14.799999 0.60000002
15 14.799999 0.69999999
-15 14.799999 0.69999999
15 14.799999 0.80000001
-15 14.799999 0.80000001
15 14.799999 0.89999998
-15 14.799999 0.89999998
-4.4499998 3.55 0
3.75 9.8500004 0.1
